,demand_volume,demand_volume_energy,market_id,max_price,min_price,node,only_hours,price,product_end,product_start,simulation,supply_volume,supply_volume_energy,time
0,40864,40864,EOM,321.1,321.1,,,321.1,2019-01-01 02:00:00,2019-01-01 01:00:00,germany_mc_base_case_2019,40864,40864,2019-01-01 01:00:00
1,40163,40163,EOM,143.09,143.09,,,143.09,2019-01-01 03:00:00,2019-01-01 02:00:00,germany_mc_base_case_2019,40163,40163,2019-01-01 02:00:00
2,51194,51194,EOM,101.62,101.62,,,101.62,2019-01-01 04:00:00,2019-01-01 03:00:00,germany_mc_base_case_2019,51194,51194,2019-01-01 03:00:00
3,51717,51717,EOM,71.083,71.083,,,71.083,2019-01-01 05:00:00,2019-01-01 04:00:00,germany_mc_base_case_2019,51717,51717,2019-01-01 04:00:00
4,51817,51817,EOM,66.526,66.526,,,66.526,2019-01-01 06:00:00,2019-01-01 05:00:00,germany_mc_base_case_2019,51817,51817,2019-01-01 05:00:00
5,52438,52438,EOM,49.904,49.904,,,49.904,2019-01-01 07:00:00,2019-01-01 06:00:00,germany_mc_base_case_2019,52438,52438,2019-01-01 06:00:00
6,53722,53722,EOM,30.743,30.743,,,30.743,2019-01-01 08:00:00,2019-01-01 07:00:00,germany_mc_base_case_2019,53722,53722,2019-01-01 07:00:00
7,54047,54047,EOM,21.434,21.434,,,21.434,2019-01-01 09:00:00,2019-01-01 08:00:00,germany_mc_base_case_2019,54047,54047,2019-01-01 08:00:00
8,55917,55917,EOM,24.939,24.939,,,24.939,2019-01-01 10:00:00,2019-01-01 09:00:00,germany_mc_base_case_2019,55917,55917,2019-01-01 09:00:00
9,59018,59018,EOM,17.905,17.905,,,17.905,2019-01-01 11:00:00,2019-01-01 10:00:00,germany_mc_base_case_2019,59018,59018,2019-01-01 10:00:00
10,61965,61965,EOM,14.222,14.222,,,14.222,2019-01-01 12:00:00,2019-01-01 11:00:00,germany_mc_base_case_2019,61965,61965,2019-01-01 11:00:00
11,62945,62945,EOM,14.559,14.559,,,14.559,2019-01-01 13:00:00,2019-01-01 12:00:00,germany_mc_base_case_2019,62945,62945,2019-01-01 12:00:00
12,63177,63177,EOM,14.834,14.834,,,14.834,2019-01-01 14:00:00,2019-01-01 13:00:00,germany_mc_base_case_2019,63177,63177,2019-01-01 13:00:00
13,63846,63846,EOM,24.229,24.229,,,24.229,2019-01-01 15:00:00,2019-01-01 14:00:00,germany_mc_base_case_2019,63846,63846,2019-01-01 14:00:00
14,65128,65128,EOM,29.249,29.249,,,29.249,2019-01-01 16:00:00,2019-01-01 15:00:00,germany_mc_base_case_2019,65128,65128,2019-01-01 15:00:00
15,66873,66873,EOM,30.383,30.383,,,30.383,2019-01-01 17:00:00,2019-01-01 16:00:00,germany_mc_base_case_2019,66873,66873,2019-01-01 16:00:00
16,68969,68969,EOM,36.578,36.578,,,36.578,2019-01-01 18:00:00,2019-01-01 17:00:00,germany_mc_base_case_2019,68969,68969,2019-01-01 17:00:00
17,68799,68799,EOM,29.205,29.205,,,29.205,2019-01-01 19:00:00,2019-01-01 18:00:00,germany_mc_base_case_2019,68799,68799,2019-01-01 18:00:00
18,67438,67438,EOM,25.006,25.006,,,25.006,2019-01-01 20:00:00,2019-01-01 19:00:00,germany_mc_base_case_2019,67438,67438,2019-01-01 19:00:00
19,65355,65355,EOM,14.225,14.225,,,14.225,2019-01-01 21:00:00,2019-01-01 20:00:00,germany_mc_base_case_2019,65355,65355,2019-01-01 20:00:00
20,63300,63300,EOM,13.342,13.342,,,13.342,2019-01-01 22:00:00,2019-01-01 21:00:00,germany_mc_base_case_2019,63300,63300,2019-01-01 21:00:00
21,61161,61161,EOM,13.027,13.027,,,13.027,2019-01-01 23:00:00,2019-01-01 22:00:00,germany_mc_base_case_2019,61161,61161,2019-01-01 22:00:00
22,58708,58708,EOM,13.027,13.027,,,13.027,2019-01-02 00:00:00,2019-01-01 23:00:00,germany_mc_base_case_2019,58708,58708,2019-01-01 23:00:00
23,56438,56438,EOM,13.027,13.027,,,13.027,2019-01-02 01:00:00,2019-01-02 00:00:00,germany_mc_base_case_2019,56438,56438,2019-01-02 00:00:00
24,55218,55218,EOM,13.027,13.027,,,13.027,2019-01-02 02:00:00,2019-01-02 01:00:00,germany_mc_base_case_2019,55218,55218,2019-01-02 01:00:00
25,55345,55345,EOM,13.027,13.027,,,13.027,2019-01-02 03:00:00,2019-01-02 02:00:00,germany_mc_base_case_2019,55345,55345,2019-01-02 02:00:00
26,55976,55976,EOM,13.027,13.027,,,13.027,2019-01-02 04:00:00,2019-01-02 03:00:00,germany_mc_base_case_2019,55976,55976,2019-01-02 03:00:00
27,56993,56993,EOM,13.027,13.027,,,13.027,2019-01-02 05:00:00,2019-01-02 04:00:00,germany_mc_base_case_2019,56993,56993,2019-01-02 04:00:00
28,60064,60064,EOM,13.027,13.027,,,13.027,2019-01-02 06:00:00,2019-01-02 05:00:00,germany_mc_base_case_2019,60064,60064,2019-01-02 05:00:00
29,65587,65587,EOM,32.214,32.214,,,32.214,2019-01-02 07:00:00,2019-01-02 06:00:00,germany_mc_base_case_2019,65587,65587,2019-01-02 06:00:00
30,70632,70632,EOM,38.12,38.12,,,38.12,2019-01-02 08:00:00,2019-01-02 07:00:00,germany_mc_base_case_2019,70632,70632,2019-01-02 07:00:00
31,72945,72945,EOM,38.223,38.223,,,38.223,2019-01-02 09:00:00,2019-01-02 08:00:00,germany_mc_base_case_2019,72945,72945,2019-01-02 08:00:00
32,74850,74850,EOM,39.868,39.868,,,39.868,2019-01-02 10:00:00,2019-01-02 09:00:00,germany_mc_base_case_2019,74850,74850,2019-01-02 09:00:00
33,76376,76376,EOM,37.938,37.938,,,37.938,2019-01-02 11:00:00,2019-01-02 10:00:00,germany_mc_base_case_2019,76376,76376,2019-01-02 10:00:00
34,78115,78115,EOM,32.648,32.648,,,32.648,2019-01-02 12:00:00,2019-01-02 11:00:00,germany_mc_base_case_2019,78115,78115,2019-01-02 11:00:00
35,78178,78178,EOM,32.559,32.559,,,32.559,2019-01-02 13:00:00,2019-01-02 12:00:00,germany_mc_base_case_2019,78178,78178,2019-01-02 12:00:00
36,77411,77411,EOM,32.802,32.802,,,32.802,2019-01-02 14:00:00,2019-01-02 13:00:00,germany_mc_base_case_2019,77411,77411,2019-01-02 13:00:00
37,75496,75496,EOM,34.024,34.024,,,34.024,2019-01-02 15:00:00,2019-01-02 14:00:00,germany_mc_base_case_2019,75496,75496,2019-01-02 14:00:00
38,73535,73535,EOM,35.654,35.654,,,35.654,2019-01-02 16:00:00,2019-01-02 15:00:00,germany_mc_base_case_2019,73535,73535,2019-01-02 15:00:00
39,75966,75966,EOM,39.782,39.782,,,39.782,2019-01-02 17:00:00,2019-01-02 16:00:00,germany_mc_base_case_2019,75966,75966,2019-01-02 16:00:00
40,77430,77430,EOM,42.615,42.615,,,42.615,2019-01-02 18:00:00,2019-01-02 17:00:00,germany_mc_base_case_2019,77430,77430,2019-01-02 17:00:00
41,77744,77744,EOM,41.145,41.145,,,41.145,2019-01-02 19:00:00,2019-01-02 18:00:00,germany_mc_base_case_2019,77744,77744,2019-01-02 18:00:00
42,76155,76155,EOM,41.08,41.08,,,41.08,2019-01-02 20:00:00,2019-01-02 19:00:00,germany_mc_base_case_2019,76155,76155,2019-01-02 19:00:00
43,73448,73448,EOM,40.258,40.258,,,40.258,2019-01-02 21:00:00,2019-01-02 20:00:00,germany_mc_base_case_2019,73448,73448,2019-01-02 20:00:00
44,69386,69386,EOM,37.281,37.281,,,37.281,2019-01-02 22:00:00,2019-01-02 21:00:00,germany_mc_base_case_2019,69386,69386,2019-01-02 21:00:00
45,69107,69107,EOM,37.38,37.38,,,37.38,2019-01-02 23:00:00,2019-01-02 22:00:00,germany_mc_base_case_2019,69107,69107,2019-01-02 22:00:00
46,64500,64500,EOM,37.162,37.162,,,37.162,2019-01-03 00:00:00,2019-01-02 23:00:00,germany_mc_base_case_2019,64500,64500,2019-01-02 23:00:00
47,63180,63180,EOM,36.283,36.283,,,36.283,2019-01-03 01:00:00,2019-01-03 00:00:00,germany_mc_base_case_2019,63180,63180,2019-01-03 00:00:00
48,62437,62437,EOM,34.73,34.73,,,34.73,2019-01-03 02:00:00,2019-01-03 01:00:00,germany_mc_base_case_2019,62437,62437,2019-01-03 01:00:00
49,62028,62028,EOM,34.852,34.852,,,34.852,2019-01-03 03:00:00,2019-01-03 02:00:00,germany_mc_base_case_2019,62028,62028,2019-01-03 02:00:00
50,61107,61107,EOM,33.19,33.19,,,33.19,2019-01-03 04:00:00,2019-01-03 03:00:00,germany_mc_base_case_2019,61107,61107,2019-01-03 03:00:00
51,61476,61476,EOM,33.212,33.212,,,33.212,2019-01-03 05:00:00,2019-01-03 04:00:00,germany_mc_base_case_2019,61476,61476,2019-01-03 04:00:00
52,66410,66410,EOM,37.206,37.206,,,37.206,2019-01-03 06:00:00,2019-01-03 05:00:00,germany_mc_base_case_2019,66410,66410,2019-01-03 05:00:00
53,71531,71531,EOM,42.274,42.274,,,42.274,2019-01-03 07:00:00,2019-01-03 06:00:00,germany_mc_base_case_2019,71531,71531,2019-01-03 06:00:00
54,72650,72650,EOM,42.29,42.29,,,42.29,2019-01-03 08:00:00,2019-01-03 07:00:00,germany_mc_base_case_2019,72650,72650,2019-01-03 07:00:00
55,77784,77784,EOM,53.378,53.378,,,53.378,2019-01-03 09:00:00,2019-01-03 08:00:00,germany_mc_base_case_2019,77784,77784,2019-01-03 08:00:00
56,78363,78363,EOM,42.322,42.322,,,42.322,2019-01-03 10:00:00,2019-01-03 09:00:00,germany_mc_base_case_2019,78363,78363,2019-01-03 09:00:00
57,78344,78344,EOM,42.337,42.337,,,42.337,2019-01-03 11:00:00,2019-01-03 10:00:00,germany_mc_base_case_2019,78344,78344,2019-01-03 10:00:00
58,79931,79931,EOM,43.194,43.194,,,43.194,2019-01-03 12:00:00,2019-01-03 11:00:00,germany_mc_base_case_2019,79931,79931,2019-01-03 11:00:00
59,78628,78628,EOM,43.21,43.21,,,43.21,2019-01-03 13:00:00,2019-01-03 12:00:00,germany_mc_base_case_2019,78628,78628,2019-01-03 12:00:00
60,76766,76766,EOM,42.589,42.589,,,42.589,2019-01-03 14:00:00,2019-01-03 13:00:00,germany_mc_base_case_2019,76766,76766,2019-01-03 13:00:00
61,74604,74604,EOM,42.603,42.603,,,42.603,2019-01-03 15:00:00,2019-01-03 14:00:00,germany_mc_base_case_2019,74604,74604,2019-01-03 14:00:00
62,72867,72867,EOM,42.618,42.618,,,42.618,2019-01-03 16:00:00,2019-01-03 15:00:00,germany_mc_base_case_2019,72867,72867,2019-01-03 15:00:00
63,75173,75173,EOM,45.181,45.181,,,45.181,2019-01-03 17:00:00,2019-01-03 16:00:00,germany_mc_base_case_2019,75173,75173,2019-01-03 16:00:00
64,77703,77703,EOM,47.293,47.293,,,47.293,2019-01-03 18:00:00,2019-01-03 17:00:00,germany_mc_base_case_2019,77703,77703,2019-01-03 17:00:00
65,78860,78860,EOM,47.309,47.309,,,47.309,2019-01-03 19:00:00,2019-01-03 18:00:00,germany_mc_base_case_2019,78860,78860,2019-01-03 18:00:00
66,77068,77068,EOM,44.419,44.419,,,44.419,2019-01-03 20:00:00,2019-01-03 19:00:00,germany_mc_base_case_2019,77068,77068,2019-01-03 19:00:00
67,75804,75804,EOM,44.209,44.209,,,44.209,2019-01-03 21:00:00,2019-01-03 20:00:00,germany_mc_base_case_2019,75804,75804,2019-01-03 20:00:00
68,73876,73876,EOM,43.343,43.343,,,43.343,2019-01-03 22:00:00,2019-01-03 21:00:00,germany_mc_base_case_2019,73876,73876,2019-01-03 21:00:00
69,71534,71534,EOM,42.513,42.513,,,42.513,2019-01-03 23:00:00,2019-01-03 22:00:00,germany_mc_base_case_2019,71534,71534,2019-01-03 22:00:00
70,67073,67073,EOM,39.638,39.638,,,39.638,2019-01-04 00:00:00,2019-01-03 23:00:00,germany_mc_base_case_2019,67073,67073,2019-01-03 23:00:00
71,63256,63256,EOM,37.444,37.444,,,37.444,2019-01-04 01:00:00,2019-01-04 00:00:00,germany_mc_base_case_2019,63256,63256,2019-01-04 00:00:00
72,61885,61885,EOM,35.7,35.7,,,35.7,2019-01-04 02:00:00,2019-01-04 01:00:00,germany_mc_base_case_2019,61885,61885,2019-01-04 01:00:00
73,61602,61602,EOM,33.678,33.678,,,33.678,2019-01-04 03:00:00,2019-01-04 02:00:00,germany_mc_base_case_2019,61602,61602,2019-01-04 02:00:00
74,62475,62475,EOM,33.564,33.564,,,33.564,2019-01-04 04:00:00,2019-01-04 03:00:00,germany_mc_base_case_2019,62475,62475,2019-01-04 03:00:00
75,63801,63801,EOM,32.925,32.925,,,32.925,2019-01-04 05:00:00,2019-01-04 04:00:00,germany_mc_base_case_2019,63801,63801,2019-01-04 04:00:00
76,67235,67235,EOM,36.515,36.515,,,36.515,2019-01-04 06:00:00,2019-01-04 05:00:00,germany_mc_base_case_2019,67235,67235,2019-01-04 05:00:00
77,69980,69980,EOM,37.353,37.353,,,37.353,2019-01-04 07:00:00,2019-01-04 06:00:00,germany_mc_base_case_2019,69980,69980,2019-01-04 06:00:00
78,75882,75882,EOM,39.172,39.172,,,39.172,2019-01-04 08:00:00,2019-01-04 07:00:00,germany_mc_base_case_2019,75882,75882,2019-01-04 07:00:00
79,78404,78404,EOM,40.992,40.992,,,40.992,2019-01-04 09:00:00,2019-01-04 08:00:00,germany_mc_base_case_2019,78404,78404,2019-01-04 08:00:00
80,79667,79667,EOM,40.974,40.974,,,40.974,2019-01-04 10:00:00,2019-01-04 09:00:00,germany_mc_base_case_2019,79667,79667,2019-01-04 09:00:00
81,80055,80055,EOM,37.447,37.447,,,37.447,2019-01-04 11:00:00,2019-01-04 10:00:00,germany_mc_base_case_2019,80055,80055,2019-01-04 10:00:00
82,80854,80854,EOM,37.431,37.431,,,37.431,2019-01-04 12:00:00,2019-01-04 11:00:00,germany_mc_base_case_2019,80854,80854,2019-01-04 11:00:00
83,80922,80922,EOM,37.255,37.255,,,37.255,2019-01-04 13:00:00,2019-01-04 12:00:00,germany_mc_base_case_2019,80922,80922,2019-01-04 12:00:00
84,81063,81063,EOM,37.239,37.239,,,37.239,2019-01-04 14:00:00,2019-01-04 13:00:00,germany_mc_base_case_2019,81063,81063,2019-01-04 13:00:00
85,80038,80038,EOM,37.223,37.223,,,37.223,2019-01-04 15:00:00,2019-01-04 14:00:00,germany_mc_base_case_2019,80038,80038,2019-01-04 14:00:00
86,79020,79020,EOM,37.207,37.207,,,37.207,2019-01-04 16:00:00,2019-01-04 15:00:00,germany_mc_base_case_2019,79020,79020,2019-01-04 15:00:00
87,80058,80058,EOM,37.191,37.191,,,37.191,2019-01-04 17:00:00,2019-01-04 16:00:00,germany_mc_base_case_2019,80058,80058,2019-01-04 16:00:00
88,81575,81575,EOM,37.334,37.334,,,37.334,2019-01-04 18:00:00,2019-01-04 17:00:00,germany_mc_base_case_2019,81575,81575,2019-01-04 17:00:00
89,80891,80891,EOM,37.159,37.159,,,37.159,2019-01-04 19:00:00,2019-01-04 18:00:00,germany_mc_base_case_2019,80891,80891,2019-01-04 18:00:00
90,78017,78017,EOM,35.39,35.39,,,35.39,2019-01-04 20:00:00,2019-01-04 19:00:00,germany_mc_base_case_2019,78017,78017,2019-01-04 19:00:00
91,76062,76062,EOM,34.857,34.857,,,34.857,2019-01-04 21:00:00,2019-01-04 20:00:00,germany_mc_base_case_2019,76062,76062,2019-01-04 20:00:00
92,73346,73346,EOM,32.371,32.371,,,32.371,2019-01-04 22:00:00,2019-01-04 21:00:00,germany_mc_base_case_2019,73346,73346,2019-01-04 21:00:00
93,71837,71837,EOM,30.599,30.599,,,30.599,2019-01-04 23:00:00,2019-01-04 22:00:00,germany_mc_base_case_2019,71837,71837,2019-01-04 22:00:00
94,66301,66301,EOM,27.438,27.438,,,27.438,2019-01-05 00:00:00,2019-01-04 23:00:00,germany_mc_base_case_2019,66301,66301,2019-01-04 23:00:00
95,64368,64368,EOM,23.101,23.101,,,23.101,2019-01-05 01:00:00,2019-01-05 00:00:00,germany_mc_base_case_2019,64368,64368,2019-01-05 00:00:00
96,62449,62449,EOM,18.402,18.402,,,18.402,2019-01-05 02:00:00,2019-01-05 01:00:00,germany_mc_base_case_2019,62449,62449,2019-01-05 01:00:00
97,62532,62532,EOM,16.106,16.106,,,16.106,2019-01-05 03:00:00,2019-01-05 02:00:00,germany_mc_base_case_2019,62532,62532,2019-01-05 02:00:00
98,63019,63019,EOM,15.929,15.929,,,15.929,2019-01-05 04:00:00,2019-01-05 03:00:00,germany_mc_base_case_2019,63019,63019,2019-01-05 03:00:00
99,63396,63396,EOM,14.998,14.998,,,14.998,2019-01-05 05:00:00,2019-01-05 04:00:00,germany_mc_base_case_2019,63396,63396,2019-01-05 04:00:00
100,63022,63022,EOM,14.987,14.987,,,14.987,2019-01-05 06:00:00,2019-01-05 05:00:00,germany_mc_base_case_2019,63022,63022,2019-01-05 05:00:00
101,64567,64567,EOM,28.418,28.418,,,28.418,2019-01-05 07:00:00,2019-01-05 06:00:00,germany_mc_base_case_2019,64567,64567,2019-01-05 06:00:00
102,65591,65591,EOM,30.408,30.408,,,30.408,2019-01-05 08:00:00,2019-01-05 07:00:00,germany_mc_base_case_2019,65591,65591,2019-01-05 07:00:00
103,68603,68603,EOM,35.589,35.589,,,35.589,2019-01-05 09:00:00,2019-01-05 08:00:00,germany_mc_base_case_2019,68603,68603,2019-01-05 08:00:00
104,72072,72072,EOM,31.608,31.608,,,31.608,2019-01-05 10:00:00,2019-01-05 09:00:00,germany_mc_base_case_2019,72072,72072,2019-01-05 09:00:00
105,74333,74333,EOM,32.247,32.247,,,32.247,2019-01-05 11:00:00,2019-01-05 10:00:00,germany_mc_base_case_2019,74333,74333,2019-01-05 10:00:00
106,75236,75236,EOM,34.396,34.396,,,34.396,2019-01-05 12:00:00,2019-01-05 11:00:00,germany_mc_base_case_2019,75236,75236,2019-01-05 11:00:00
107,74609,74609,EOM,36.03,36.03,,,36.03,2019-01-05 13:00:00,2019-01-05 12:00:00,germany_mc_base_case_2019,74609,74609,2019-01-05 12:00:00
108,72752,72752,EOM,36.015,36.015,,,36.015,2019-01-05 14:00:00,2019-01-05 13:00:00,germany_mc_base_case_2019,72752,72752,2019-01-05 13:00:00
109,71551,71551,EOM,36.453,36.453,,,36.453,2019-01-05 15:00:00,2019-01-05 14:00:00,germany_mc_base_case_2019,71551,71551,2019-01-05 14:00:00
110,71363,71363,EOM,36.824,36.824,,,36.824,2019-01-05 16:00:00,2019-01-05 15:00:00,germany_mc_base_case_2019,71363,71363,2019-01-05 15:00:00
111,72415,72415,EOM,36.965,36.965,,,36.965,2019-01-05 17:00:00,2019-01-05 16:00:00,germany_mc_base_case_2019,72415,72415,2019-01-05 16:00:00
112,73483,73483,EOM,38.601,38.601,,,38.601,2019-01-05 18:00:00,2019-01-05 17:00:00,germany_mc_base_case_2019,73483,73483,2019-01-05 17:00:00
113,73367,73367,EOM,37.907,37.907,,,37.907,2019-01-05 19:00:00,2019-01-05 18:00:00,germany_mc_base_case_2019,73367,73367,2019-01-05 18:00:00
114,72562,72562,EOM,37.892,37.892,,,37.892,2019-01-05 20:00:00,2019-01-05 19:00:00,germany_mc_base_case_2019,72562,72562,2019-01-05 19:00:00
115,69394,69394,EOM,36.748,36.748,,,36.748,2019-01-05 21:00:00,2019-01-05 20:00:00,germany_mc_base_case_2019,69394,69394,2019-01-05 20:00:00
116,66705,66705,EOM,34.154,34.154,,,34.154,2019-01-05 22:00:00,2019-01-05 21:00:00,germany_mc_base_case_2019,66705,66705,2019-01-05 21:00:00
117,65580,65580,EOM,34.129,34.129,,,34.129,2019-01-05 23:00:00,2019-01-05 22:00:00,germany_mc_base_case_2019,65580,65580,2019-01-05 22:00:00
118,61791,61791,EOM,31.787,31.787,,,31.787,2019-01-06 00:00:00,2019-01-05 23:00:00,germany_mc_base_case_2019,61791,61791,2019-01-05 23:00:00
119,61616,61616,EOM,31.765,31.765,,,31.765,2019-01-06 01:00:00,2019-01-06 00:00:00,germany_mc_base_case_2019,61616,61616,2019-01-06 00:00:00
120,60589,60589,EOM,31.742,31.742,,,31.742,2019-01-06 02:00:00,2019-01-06 01:00:00,germany_mc_base_case_2019,60589,60589,2019-01-06 01:00:00
121,58683,58683,EOM,30.916,30.916,,,30.916,2019-01-06 03:00:00,2019-01-06 02:00:00,germany_mc_base_case_2019,58683,58683,2019-01-06 02:00:00
122,57306,57306,EOM,29.839,29.839,,,29.839,2019-01-06 04:00:00,2019-01-06 03:00:00,germany_mc_base_case_2019,57306,57306,2019-01-06 03:00:00
123,55113,55113,EOM,28.437,28.437,,,28.437,2019-01-06 05:00:00,2019-01-06 04:00:00,germany_mc_base_case_2019,55113,55113,2019-01-06 04:00:00
124,56609,56609,EOM,30.465,30.465,,,30.465,2019-01-06 06:00:00,2019-01-06 05:00:00,germany_mc_base_case_2019,56609,56609,2019-01-06 05:00:00
125,56777,56777,EOM,31.712,31.712,,,31.712,2019-01-06 07:00:00,2019-01-06 06:00:00,germany_mc_base_case_2019,56777,56777,2019-01-06 06:00:00
126,58065,58065,EOM,36.187,36.187,,,36.187,2019-01-06 08:00:00,2019-01-06 07:00:00,germany_mc_base_case_2019,58065,58065,2019-01-06 07:00:00
127,59599,59599,EOM,36.711,36.711,,,36.711,2019-01-06 09:00:00,2019-01-06 08:00:00,germany_mc_base_case_2019,59599,59599,2019-01-06 08:00:00
128,63638,63638,EOM,40.132,40.132,,,40.132,2019-01-06 10:00:00,2019-01-06 09:00:00,germany_mc_base_case_2019,63638,63638,2019-01-06 09:00:00
129,65408,65408,EOM,40.114,40.114,,,40.114,2019-01-06 11:00:00,2019-01-06 10:00:00,germany_mc_base_case_2019,65408,65408,2019-01-06 10:00:00
130,67021,67021,EOM,40.767,40.767,,,40.767,2019-01-06 12:00:00,2019-01-06 11:00:00,germany_mc_base_case_2019,67021,67021,2019-01-06 11:00:00
131,68473,68473,EOM,40.749,40.749,,,40.749,2019-01-06 13:00:00,2019-01-06 12:00:00,germany_mc_base_case_2019,68473,68473,2019-01-06 12:00:00
132,66989,66989,EOM,40.061,40.061,,,40.061,2019-01-06 14:00:00,2019-01-06 13:00:00,germany_mc_base_case_2019,66989,66989,2019-01-06 13:00:00
133,66884,66884,EOM,40.713,40.713,,,40.713,2019-01-06 15:00:00,2019-01-06 14:00:00,germany_mc_base_case_2019,66884,66884,2019-01-06 14:00:00
134,66618,66618,EOM,41.388,41.388,,,41.388,2019-01-06 16:00:00,2019-01-06 15:00:00,germany_mc_base_case_2019,66618,66618,2019-01-06 15:00:00
135,68017,68017,EOM,41.37,41.37,,,41.37,2019-01-06 17:00:00,2019-01-06 16:00:00,germany_mc_base_case_2019,68017,68017,2019-01-06 16:00:00
136,71816,71816,EOM,42.175,42.175,,,42.175,2019-01-06 18:00:00,2019-01-06 17:00:00,germany_mc_base_case_2019,71816,71816,2019-01-06 17:00:00
137,73436,73436,EOM,42.262,42.262,,,42.262,2019-01-06 19:00:00,2019-01-06 18:00:00,germany_mc_base_case_2019,73436,73436,2019-01-06 18:00:00
138,73005,73005,EOM,42.14,42.14,,,42.14,2019-01-06 20:00:00,2019-01-06 19:00:00,germany_mc_base_case_2019,73005,73005,2019-01-06 19:00:00
139,70626,70626,EOM,41.302,41.302,,,41.302,2019-01-06 21:00:00,2019-01-06 20:00:00,germany_mc_base_case_2019,70626,70626,2019-01-06 20:00:00
140,68038,68038,EOM,39.925,39.925,,,39.925,2019-01-06 22:00:00,2019-01-06 21:00:00,germany_mc_base_case_2019,68038,68038,2019-01-06 21:00:00
141,66650,66650,EOM,38.12,38.12,,,38.12,2019-01-06 23:00:00,2019-01-06 22:00:00,germany_mc_base_case_2019,66650,66650,2019-01-06 22:00:00
142,65656,65656,EOM,36.474,36.474,,,36.474,2019-01-07 00:00:00,2019-01-06 23:00:00,germany_mc_base_case_2019,65656,65656,2019-01-06 23:00:00
143,59669,59669,EOM,35.488,35.488,,,35.488,2019-01-07 01:00:00,2019-01-07 00:00:00,germany_mc_base_case_2019,59669,59669,2019-01-07 00:00:00
144,58759,58759,EOM,33.55,33.55,,,33.55,2019-01-07 02:00:00,2019-01-07 01:00:00,germany_mc_base_case_2019,58759,58759,2019-01-07 01:00:00
145,58805,58805,EOM,32.841,32.841,,,32.841,2019-01-07 03:00:00,2019-01-07 02:00:00,germany_mc_base_case_2019,58805,58805,2019-01-07 02:00:00
146,58702,58702,EOM,32.87,32.87,,,32.87,2019-01-07 04:00:00,2019-01-07 03:00:00,germany_mc_base_case_2019,58702,58702,2019-01-07 03:00:00
147,60490,60490,EOM,35.554,35.554,,,35.554,2019-01-07 05:00:00,2019-01-07 04:00:00,germany_mc_base_case_2019,60490,60490,2019-01-07 04:00:00
148,64893,64893,EOM,38.188,38.188,,,38.188,2019-01-07 06:00:00,2019-01-07 05:00:00,germany_mc_base_case_2019,64893,64893,2019-01-07 05:00:00
149,71493,71493,EOM,43.037,43.037,,,43.037,2019-01-07 07:00:00,2019-01-07 06:00:00,germany_mc_base_case_2019,71493,71493,2019-01-07 06:00:00
150,76240,76240,EOM,58.198,58.198,,,58.198,2019-01-07 08:00:00,2019-01-07 07:00:00,germany_mc_base_case_2019,76240,76240,2019-01-07 07:00:00
151,77620,77620,EOM,48.041,48.041,,,48.041,2019-01-07 09:00:00,2019-01-07 08:00:00,germany_mc_base_case_2019,77620,77620,2019-01-07 08:00:00
152,77369,77369,EOM,47.313,47.313,,,47.313,2019-01-07 10:00:00,2019-01-07 09:00:00,germany_mc_base_case_2019,77369,77369,2019-01-07 09:00:00
153,78841,78841,EOM,47.335,47.335,,,47.335,2019-01-07 11:00:00,2019-01-07 10:00:00,germany_mc_base_case_2019,78841,78841,2019-01-07 10:00:00
154,80569,80569,EOM,46.193,46.193,,,46.193,2019-01-07 12:00:00,2019-01-07 11:00:00,germany_mc_base_case_2019,80569,80569,2019-01-07 11:00:00
155,80005,80005,EOM,42.405,42.405,,,42.405,2019-01-07 13:00:00,2019-01-07 12:00:00,germany_mc_base_case_2019,80005,80005,2019-01-07 12:00:00
156,81127,81127,EOM,42.321,42.321,,,42.321,2019-01-07 14:00:00,2019-01-07 13:00:00,germany_mc_base_case_2019,81127,81127,2019-01-07 13:00:00
157,83701,83701,EOM,43.422,43.422,,,43.422,2019-01-07 15:00:00,2019-01-07 14:00:00,germany_mc_base_case_2019,83701,83701,2019-01-07 14:00:00
158,82454,82454,EOM,42.469,42.469,,,42.469,2019-01-07 16:00:00,2019-01-07 15:00:00,germany_mc_base_case_2019,82454,82454,2019-01-07 15:00:00
159,83539,83539,EOM,41.558,41.558,,,41.558,2019-01-07 17:00:00,2019-01-07 16:00:00,germany_mc_base_case_2019,83539,83539,2019-01-07 16:00:00
160,86517,86517,EOM,42.404,42.404,,,42.404,2019-01-07 18:00:00,2019-01-07 17:00:00,germany_mc_base_case_2019,86517,86517,2019-01-07 17:00:00
161,87411,87411,EOM,40.9,40.9,,,40.9,2019-01-07 19:00:00,2019-01-07 18:00:00,germany_mc_base_case_2019,87411,87411,2019-01-07 18:00:00
162,85283,85283,EOM,36.643,36.643,,,36.643,2019-01-07 20:00:00,2019-01-07 19:00:00,germany_mc_base_case_2019,85283,85283,2019-01-07 19:00:00
163,82074,82074,EOM,31.144,31.144,,,31.144,2019-01-07 21:00:00,2019-01-07 20:00:00,germany_mc_base_case_2019,82074,82074,2019-01-07 20:00:00
164,79720,79720,EOM,28.44,28.44,,,28.44,2019-01-07 22:00:00,2019-01-07 21:00:00,germany_mc_base_case_2019,79720,79720,2019-01-07 21:00:00
165,75446,75446,EOM,27.035,27.035,,,27.035,2019-01-07 23:00:00,2019-01-07 22:00:00,germany_mc_base_case_2019,75446,75446,2019-01-07 22:00:00
166,71939,71939,EOM,22.05,22.05,,,22.05,2019-01-08 00:00:00,2019-01-07 23:00:00,germany_mc_base_case_2019,71939,71939,2019-01-07 23:00:00
167,71132,71132,EOM,17.971,17.971,,,17.971,2019-01-08 01:00:00,2019-01-08 00:00:00,germany_mc_base_case_2019,71132,71132,2019-01-08 00:00:00
168,70773,70773,EOM,17.553,17.553,,,17.553,2019-01-08 02:00:00,2019-01-08 01:00:00,germany_mc_base_case_2019,70773,70773,2019-01-08 01:00:00
169,70472,70472,EOM,16.182,16.182,,,16.182,2019-01-08 03:00:00,2019-01-08 02:00:00,germany_mc_base_case_2019,70472,70472,2019-01-08 02:00:00
170,70676,70676,EOM,16.151,16.151,,,16.151,2019-01-08 04:00:00,2019-01-08 03:00:00,germany_mc_base_case_2019,70676,70676,2019-01-08 03:00:00
171,70666,70666,EOM,16.119,16.119,,,16.119,2019-01-08 05:00:00,2019-01-08 04:00:00,germany_mc_base_case_2019,70666,70666,2019-01-08 04:00:00
172,71161,71161,EOM,27.935,27.935,,,27.935,2019-01-08 06:00:00,2019-01-08 05:00:00,germany_mc_base_case_2019,71161,71161,2019-01-08 05:00:00
173,77494,77494,EOM,30.85,30.85,,,30.85,2019-01-08 07:00:00,2019-01-08 06:00:00,germany_mc_base_case_2019,77494,77494,2019-01-08 06:00:00
174,82769,82769,EOM,27.932,27.932,,,27.932,2019-01-08 08:00:00,2019-01-08 07:00:00,germany_mc_base_case_2019,82769,82769,2019-01-08 07:00:00
175,85069,85069,EOM,28.349,28.349,,,28.349,2019-01-08 09:00:00,2019-01-08 08:00:00,germany_mc_base_case_2019,85069,85069,2019-01-08 08:00:00
176,84968,84968,EOM,28.186,28.186,,,28.186,2019-01-08 10:00:00,2019-01-08 09:00:00,germany_mc_base_case_2019,84968,84968,2019-01-08 09:00:00
177,85653,85653,EOM,28.282,28.282,,,28.282,2019-01-08 11:00:00,2019-01-08 10:00:00,germany_mc_base_case_2019,85653,85653,2019-01-08 10:00:00
178,86349,86349,EOM,29.765,29.765,,,29.765,2019-01-08 12:00:00,2019-01-08 11:00:00,germany_mc_base_case_2019,86349,86349,2019-01-08 11:00:00
179,85945,85945,EOM,29.584,29.584,,,29.584,2019-01-08 13:00:00,2019-01-08 12:00:00,germany_mc_base_case_2019,85945,85945,2019-01-08 12:00:00
180,85460,85460,EOM,29.694,29.694,,,29.694,2019-01-08 14:00:00,2019-01-08 13:00:00,germany_mc_base_case_2019,85460,85460,2019-01-08 13:00:00
181,84793,84793,EOM,30.1,30.1,,,30.1,2019-01-08 15:00:00,2019-01-08 14:00:00,germany_mc_base_case_2019,84793,84793,2019-01-08 14:00:00
182,84196,84196,EOM,30.139,30.139,,,30.139,2019-01-08 16:00:00,2019-01-08 15:00:00,germany_mc_base_case_2019,84196,84196,2019-01-08 15:00:00
183,85580,85580,EOM,31.439,31.439,,,31.439,2019-01-08 17:00:00,2019-01-08 16:00:00,germany_mc_base_case_2019,85580,85580,2019-01-08 16:00:00
184,87080,87080,EOM,35.448,35.448,,,35.448,2019-01-08 18:00:00,2019-01-08 17:00:00,germany_mc_base_case_2019,87080,87080,2019-01-08 17:00:00
185,86506,86506,EOM,30.41,30.41,,,30.41,2019-01-08 19:00:00,2019-01-08 18:00:00,germany_mc_base_case_2019,86506,86506,2019-01-08 18:00:00
186,84520,84520,EOM,29.337,29.337,,,29.337,2019-01-08 20:00:00,2019-01-08 19:00:00,germany_mc_base_case_2019,84520,84520,2019-01-08 19:00:00
187,80438,80438,EOM,27.074,27.074,,,27.074,2019-01-08 21:00:00,2019-01-08 20:00:00,germany_mc_base_case_2019,80438,80438,2019-01-08 20:00:00
188,76741,76741,EOM,26.137,26.137,,,26.137,2019-01-08 22:00:00,2019-01-08 21:00:00,germany_mc_base_case_2019,76741,76741,2019-01-08 21:00:00
189,74171,74171,EOM,24.862,24.862,,,24.862,2019-01-08 23:00:00,2019-01-08 22:00:00,germany_mc_base_case_2019,74171,74171,2019-01-08 22:00:00
190,71460,71460,EOM,15.886,15.886,,,15.886,2019-01-09 00:00:00,2019-01-08 23:00:00,germany_mc_base_case_2019,71460,71460,2019-01-08 23:00:00
191,70962,70962,EOM,15.898,15.898,,,15.898,2019-01-09 01:00:00,2019-01-09 00:00:00,germany_mc_base_case_2019,70962,70962,2019-01-09 00:00:00
192,69828,69828,EOM,15.916,15.916,,,15.916,2019-01-09 02:00:00,2019-01-09 01:00:00,germany_mc_base_case_2019,69828,69828,2019-01-09 01:00:00
193,69462,69462,EOM,15.934,15.934,,,15.934,2019-01-09 03:00:00,2019-01-09 02:00:00,germany_mc_base_case_2019,69462,69462,2019-01-09 02:00:00
194,69257,69257,EOM,15.952,15.952,,,15.952,2019-01-09 04:00:00,2019-01-09 03:00:00,germany_mc_base_case_2019,69257,69257,2019-01-09 03:00:00
195,68760,68760,EOM,15.964,15.964,,,15.964,2019-01-09 05:00:00,2019-01-09 04:00:00,germany_mc_base_case_2019,68760,68760,2019-01-09 04:00:00
196,70152,70152,EOM,27.842,27.842,,,27.842,2019-01-09 06:00:00,2019-01-09 05:00:00,germany_mc_base_case_2019,70152,70152,2019-01-09 05:00:00
197,77330,77330,EOM,29.741,29.741,,,29.741,2019-01-09 07:00:00,2019-01-09 06:00:00,germany_mc_base_case_2019,77330,77330,2019-01-09 06:00:00
198,83044,83044,EOM,36.135,36.135,,,36.135,2019-01-09 08:00:00,2019-01-09 07:00:00,germany_mc_base_case_2019,83044,83044,2019-01-09 07:00:00
199,85609,85609,EOM,37.912,37.912,,,37.912,2019-01-09 09:00:00,2019-01-09 08:00:00,germany_mc_base_case_2019,85609,85609,2019-01-09 08:00:00
200,86032,86032,EOM,38.258,38.258,,,38.258,2019-01-09 10:00:00,2019-01-09 09:00:00,germany_mc_base_case_2019,86032,86032,2019-01-09 09:00:00
201,87055,87055,EOM,36.3,36.3,,,36.3,2019-01-09 11:00:00,2019-01-09 10:00:00,germany_mc_base_case_2019,87055,87055,2019-01-09 10:00:00
202,87924,87924,EOM,35.77,35.77,,,35.77,2019-01-09 12:00:00,2019-01-09 11:00:00,germany_mc_base_case_2019,87924,87924,2019-01-09 11:00:00
203,87892,87892,EOM,36.153,36.153,,,36.153,2019-01-09 13:00:00,2019-01-09 12:00:00,germany_mc_base_case_2019,87892,87892,2019-01-09 12:00:00
204,87535,87535,EOM,35.332,35.332,,,35.332,2019-01-09 14:00:00,2019-01-09 13:00:00,germany_mc_base_case_2019,87535,87535,2019-01-09 13:00:00
205,86737,86737,EOM,35.781,35.781,,,35.781,2019-01-09 15:00:00,2019-01-09 14:00:00,germany_mc_base_case_2019,86737,86737,2019-01-09 14:00:00
206,85827,85827,EOM,36.164,36.164,,,36.164,2019-01-09 16:00:00,2019-01-09 15:00:00,germany_mc_base_case_2019,85827,85827,2019-01-09 15:00:00
207,86754,86754,EOM,37.943,37.943,,,37.943,2019-01-09 17:00:00,2019-01-09 16:00:00,germany_mc_base_case_2019,86754,86754,2019-01-09 16:00:00
208,87490,87490,EOM,40.294,40.294,,,40.294,2019-01-09 18:00:00,2019-01-09 17:00:00,germany_mc_base_case_2019,87490,87490,2019-01-09 17:00:00
209,87716,87716,EOM,40.298,40.298,,,40.298,2019-01-09 19:00:00,2019-01-09 18:00:00,germany_mc_base_case_2019,87716,87716,2019-01-09 18:00:00
210,86588,86588,EOM,39.735,39.735,,,39.735,2019-01-09 20:00:00,2019-01-09 19:00:00,germany_mc_base_case_2019,86588,86588,2019-01-09 19:00:00
211,82887,82887,EOM,37.959,37.959,,,37.959,2019-01-09 21:00:00,2019-01-09 20:00:00,germany_mc_base_case_2019,82887,82887,2019-01-09 20:00:00
212,79429,79429,EOM,36.341,36.341,,,36.341,2019-01-09 22:00:00,2019-01-09 21:00:00,germany_mc_base_case_2019,79429,79429,2019-01-09 21:00:00
213,76063,76063,EOM,36.345,36.345,,,36.345,2019-01-09 23:00:00,2019-01-09 22:00:00,germany_mc_base_case_2019,76063,76063,2019-01-09 22:00:00
214,72402,72402,EOM,35.814,35.814,,,35.814,2019-01-10 00:00:00,2019-01-09 23:00:00,germany_mc_base_case_2019,72402,72402,2019-01-09 23:00:00
215,66747,66747,EOM,31.826,31.826,,,31.826,2019-01-10 01:00:00,2019-01-10 00:00:00,germany_mc_base_case_2019,66747,66747,2019-01-10 00:00:00
216,66160,66160,EOM,33.349,33.349,,,33.349,2019-01-10 02:00:00,2019-01-10 01:00:00,germany_mc_base_case_2019,66160,66160,2019-01-10 01:00:00
217,63750,63750,EOM,32.621,32.621,,,32.621,2019-01-10 03:00:00,2019-01-10 02:00:00,germany_mc_base_case_2019,63750,63750,2019-01-10 02:00:00
218,64625,64625,EOM,35.827,35.827,,,35.827,2019-01-10 04:00:00,2019-01-10 03:00:00,germany_mc_base_case_2019,64625,64625,2019-01-10 03:00:00
219,65783,65783,EOM,36.366,36.366,,,36.366,2019-01-10 05:00:00,2019-01-10 04:00:00,germany_mc_base_case_2019,65783,65783,2019-01-10 04:00:00
220,68268,68268,EOM,40.441,40.441,,,40.441,2019-01-10 06:00:00,2019-01-10 05:00:00,germany_mc_base_case_2019,68268,68268,2019-01-10 05:00:00
221,72291,72291,EOM,43.037,43.037,,,43.037,2019-01-10 07:00:00,2019-01-10 06:00:00,germany_mc_base_case_2019,72291,72291,2019-01-10 06:00:00
222,75831,75831,EOM,54.7,54.7,,,54.7,2019-01-10 08:00:00,2019-01-10 07:00:00,germany_mc_base_case_2019,75831,75831,2019-01-10 07:00:00
223,78420,78420,EOM,55.15,55.15,,,55.15,2019-01-10 09:00:00,2019-01-10 08:00:00,germany_mc_base_case_2019,78420,78420,2019-01-10 08:00:00
224,78618,78618,EOM,56.538,56.538,,,56.538,2019-01-10 10:00:00,2019-01-10 09:00:00,germany_mc_base_case_2019,78618,78618,2019-01-10 09:00:00
225,79543,79543,EOM,57.704,57.704,,,57.704,2019-01-10 11:00:00,2019-01-10 10:00:00,germany_mc_base_case_2019,79543,79543,2019-01-10 10:00:00
226,78840,78840,EOM,55.163,55.163,,,55.163,2019-01-10 12:00:00,2019-01-10 11:00:00,germany_mc_base_case_2019,78840,78840,2019-01-10 11:00:00
227,77346,77346,EOM,53.685,53.685,,,53.685,2019-01-10 13:00:00,2019-01-10 12:00:00,germany_mc_base_case_2019,77346,77346,2019-01-10 12:00:00
228,76756,76756,EOM,53.273,53.273,,,53.273,2019-01-10 14:00:00,2019-01-10 13:00:00,germany_mc_base_case_2019,76756,76756,2019-01-10 13:00:00
229,75438,75438,EOM,53.281,53.281,,,53.281,2019-01-10 15:00:00,2019-01-10 14:00:00,germany_mc_base_case_2019,75438,75438,2019-01-10 14:00:00
230,75328,75328,EOM,53.29,53.29,,,53.29,2019-01-10 16:00:00,2019-01-10 15:00:00,germany_mc_base_case_2019,75328,75328,2019-01-10 15:00:00
231,77263,77263,EOM,54.757,54.757,,,54.757,2019-01-10 17:00:00,2019-01-10 16:00:00,germany_mc_base_case_2019,77263,77263,2019-01-10 16:00:00
232,79503,79503,EOM,58.561,58.561,,,58.561,2019-01-10 18:00:00,2019-01-10 17:00:00,germany_mc_base_case_2019,79503,79503,2019-01-10 17:00:00
233,79466,79466,EOM,55.216,55.216,,,55.216,2019-01-10 19:00:00,2019-01-10 18:00:00,germany_mc_base_case_2019,79466,79466,2019-01-10 18:00:00
234,78542,78542,EOM,54.776,54.776,,,54.776,2019-01-10 20:00:00,2019-01-10 19:00:00,germany_mc_base_case_2019,78542,78542,2019-01-10 19:00:00
235,76439,76439,EOM,53.072,53.072,,,53.072,2019-01-10 21:00:00,2019-01-10 20:00:00,germany_mc_base_case_2019,76439,76439,2019-01-10 20:00:00
236,73161,73161,EOM,43.105,43.105,,,43.105,2019-01-10 22:00:00,2019-01-10 21:00:00,germany_mc_base_case_2019,73161,73161,2019-01-10 21:00:00
237,72390,72390,EOM,42.037,42.037,,,42.037,2019-01-10 23:00:00,2019-01-10 22:00:00,germany_mc_base_case_2019,72390,72390,2019-01-10 22:00:00
238,70967,70967,EOM,40.532,40.532,,,40.532,2019-01-11 00:00:00,2019-01-10 23:00:00,germany_mc_base_case_2019,70967,70967,2019-01-10 23:00:00
239,67646,67646,EOM,38.084,38.084,,,38.084,2019-01-11 01:00:00,2019-01-11 00:00:00,germany_mc_base_case_2019,67646,67646,2019-01-11 00:00:00
240,65999,65999,EOM,36.461,36.461,,,36.461,2019-01-11 02:00:00,2019-01-11 01:00:00,germany_mc_base_case_2019,65999,65999,2019-01-11 01:00:00
241,65070,65070,EOM,35.483,35.483,,,35.483,2019-01-11 03:00:00,2019-01-11 02:00:00,germany_mc_base_case_2019,65070,65070,2019-01-11 02:00:00
242,64713,64713,EOM,32.054,32.054,,,32.054,2019-01-11 04:00:00,2019-01-11 03:00:00,germany_mc_base_case_2019,64713,64713,2019-01-11 03:00:00
243,67370,67370,EOM,35.492,35.492,,,35.492,2019-01-11 05:00:00,2019-01-11 04:00:00,germany_mc_base_case_2019,67370,67370,2019-01-11 04:00:00
244,71130,71130,EOM,36.48,36.48,,,36.48,2019-01-11 06:00:00,2019-01-11 05:00:00,germany_mc_base_case_2019,71130,71130,2019-01-11 05:00:00
245,78921,78921,EOM,41.461,41.461,,,41.461,2019-01-11 07:00:00,2019-01-11 06:00:00,germany_mc_base_case_2019,78921,78921,2019-01-11 06:00:00
246,84153,84153,EOM,45.308,45.308,,,45.308,2019-01-11 08:00:00,2019-01-11 07:00:00,germany_mc_base_case_2019,84153,84153,2019-01-11 07:00:00
247,86109,86109,EOM,45.986,45.986,,,45.986,2019-01-11 09:00:00,2019-01-11 08:00:00,germany_mc_base_case_2019,86109,86109,2019-01-11 08:00:00
248,86324,86324,EOM,43.955,43.955,,,43.955,2019-01-11 10:00:00,2019-01-11 09:00:00,germany_mc_base_case_2019,86324,86324,2019-01-11 09:00:00
249,85940,85940,EOM,42.206,42.206,,,42.206,2019-01-11 11:00:00,2019-01-11 10:00:00,germany_mc_base_case_2019,85940,85940,2019-01-11 10:00:00
250,87523,87523,EOM,42.212,42.212,,,42.212,2019-01-11 12:00:00,2019-01-11 11:00:00,germany_mc_base_case_2019,87523,87523,2019-01-11 11:00:00
251,86775,86775,EOM,41.292,41.292,,,41.292,2019-01-11 13:00:00,2019-01-11 12:00:00,germany_mc_base_case_2019,86775,86775,2019-01-11 12:00:00
252,86227,86227,EOM,40.607,40.607,,,40.607,2019-01-11 14:00:00,2019-01-11 13:00:00,germany_mc_base_case_2019,86227,86227,2019-01-11 13:00:00
253,85034,85034,EOM,39.944,39.944,,,39.944,2019-01-11 15:00:00,2019-01-11 14:00:00,germany_mc_base_case_2019,85034,85034,2019-01-11 14:00:00
254,83921,83921,EOM,36.592,36.592,,,36.592,2019-01-11 16:00:00,2019-01-11 15:00:00,germany_mc_base_case_2019,83921,83921,2019-01-11 15:00:00
255,85138,85138,EOM,39.955,39.955,,,39.955,2019-01-11 17:00:00,2019-01-11 16:00:00,germany_mc_base_case_2019,85138,85138,2019-01-11 16:00:00
256,87091,87091,EOM,40.627,40.627,,,40.627,2019-01-11 18:00:00,2019-01-11 17:00:00,germany_mc_base_case_2019,87091,87091,2019-01-11 17:00:00
257,86138,86138,EOM,39.963,39.963,,,39.963,2019-01-11 19:00:00,2019-01-11 18:00:00,germany_mc_base_case_2019,86138,86138,2019-01-11 18:00:00
258,84027,84027,EOM,38.176,38.176,,,38.176,2019-01-11 20:00:00,2019-01-11 19:00:00,germany_mc_base_case_2019,84027,84027,2019-01-11 19:00:00
259,79475,79475,EOM,36.011,36.011,,,36.011,2019-01-11 21:00:00,2019-01-11 20:00:00,germany_mc_base_case_2019,79475,79475,2019-01-11 20:00:00
260,75408,75408,EOM,31.905,31.905,,,31.905,2019-01-11 22:00:00,2019-01-11 21:00:00,germany_mc_base_case_2019,75408,75408,2019-01-11 21:00:00
261,72919,72919,EOM,30.768,30.768,,,30.768,2019-01-11 23:00:00,2019-01-11 22:00:00,germany_mc_base_case_2019,72919,72919,2019-01-11 22:00:00
262,69638,69638,EOM,28.476,28.476,,,28.476,2019-01-12 00:00:00,2019-01-11 23:00:00,germany_mc_base_case_2019,69638,69638,2019-01-11 23:00:00
263,66758,66758,EOM,27.622,27.622,,,27.622,2019-01-12 01:00:00,2019-01-12 00:00:00,germany_mc_base_case_2019,66758,66758,2019-01-12 00:00:00
264,65532,65532,EOM,27.227,27.227,,,27.227,2019-01-12 02:00:00,2019-01-12 01:00:00,germany_mc_base_case_2019,65532,65532,2019-01-12 01:00:00
265,63692,63692,EOM,26.612,26.612,,,26.612,2019-01-12 03:00:00,2019-01-12 02:00:00,germany_mc_base_case_2019,63692,63692,2019-01-12 02:00:00
266,62763,62763,EOM,26.559,26.559,,,26.559,2019-01-12 04:00:00,2019-01-12 03:00:00,germany_mc_base_case_2019,62763,62763,2019-01-12 03:00:00
267,62785,62785,EOM,26.621,26.621,,,26.621,2019-01-12 05:00:00,2019-01-12 04:00:00,germany_mc_base_case_2019,62785,62785,2019-01-12 04:00:00
268,64173,64173,EOM,27.709,27.709,,,27.709,2019-01-12 06:00:00,2019-01-12 05:00:00,germany_mc_base_case_2019,64173,64173,2019-01-12 05:00:00
269,67762,67762,EOM,29.033,29.033,,,29.033,2019-01-12 07:00:00,2019-01-12 06:00:00,germany_mc_base_case_2019,67762,67762,2019-01-12 06:00:00
270,69351,69351,EOM,30.119,30.119,,,30.119,2019-01-12 08:00:00,2019-01-12 07:00:00,germany_mc_base_case_2019,69351,69351,2019-01-12 07:00:00
271,71790,71790,EOM,31.376,31.376,,,31.376,2019-01-12 09:00:00,2019-01-12 08:00:00,germany_mc_base_case_2019,71790,71790,2019-01-12 08:00:00
272,74356,74356,EOM,35.621,35.621,,,35.621,2019-01-12 10:00:00,2019-01-12 09:00:00,germany_mc_base_case_2019,74356,74356,2019-01-12 09:00:00
273,76757,76757,EOM,30.592,30.592,,,30.592,2019-01-12 11:00:00,2019-01-12 10:00:00,germany_mc_base_case_2019,76757,76757,2019-01-12 10:00:00
274,77788,77788,EOM,28.656,28.656,,,28.656,2019-01-12 12:00:00,2019-01-12 11:00:00,germany_mc_base_case_2019,77788,77788,2019-01-12 11:00:00
275,77381,77381,EOM,27.742,27.742,,,27.742,2019-01-12 13:00:00,2019-01-12 12:00:00,germany_mc_base_case_2019,77381,77381,2019-01-12 12:00:00
276,76368,76368,EOM,26.929,26.929,,,26.929,2019-01-12 14:00:00,2019-01-12 13:00:00,germany_mc_base_case_2019,76368,76368,2019-01-12 13:00:00
277,75609,75609,EOM,26.609,26.609,,,26.609,2019-01-12 15:00:00,2019-01-12 14:00:00,germany_mc_base_case_2019,75609,75609,2019-01-12 14:00:00
278,74824,74824,EOM,26.613,26.613,,,26.613,2019-01-12 16:00:00,2019-01-12 15:00:00,germany_mc_base_case_2019,74824,74824,2019-01-12 15:00:00
279,75960,75960,EOM,26.618,26.618,,,26.618,2019-01-12 17:00:00,2019-01-12 16:00:00,germany_mc_base_case_2019,75960,75960,2019-01-12 16:00:00
280,77862,77862,EOM,27.703,27.703,,,27.703,2019-01-12 18:00:00,2019-01-12 17:00:00,germany_mc_base_case_2019,77862,77862,2019-01-12 17:00:00
281,78035,78035,EOM,27.708,27.708,,,27.708,2019-01-12 19:00:00,2019-01-12 18:00:00,germany_mc_base_case_2019,78035,78035,2019-01-12 18:00:00
282,76257,76257,EOM,26.689,26.689,,,26.689,2019-01-12 20:00:00,2019-01-12 19:00:00,germany_mc_base_case_2019,76257,76257,2019-01-12 19:00:00
283,73722,73722,EOM,26.491,26.491,,,26.491,2019-01-12 21:00:00,2019-01-12 20:00:00,germany_mc_base_case_2019,73722,73722,2019-01-12 20:00:00
284,69535,69535,EOM,21.691,21.691,,,21.691,2019-01-12 22:00:00,2019-01-12 21:00:00,germany_mc_base_case_2019,69535,69535,2019-01-12 21:00:00
285,68816,68816,EOM,21.695,21.695,,,21.695,2019-01-12 23:00:00,2019-01-12 22:00:00,germany_mc_base_case_2019,68816,68816,2019-01-12 22:00:00
286,66664,66664,EOM,16.87,16.87,,,16.87,2019-01-13 00:00:00,2019-01-12 23:00:00,germany_mc_base_case_2019,66664,66664,2019-01-12 23:00:00
287,62722,62722,EOM,13.237,13.237,,,13.237,2019-01-13 01:00:00,2019-01-13 00:00:00,germany_mc_base_case_2019,62722,62722,2019-01-13 00:00:00
288,60856,60856,EOM,13.027,13.027,,,13.027,2019-01-13 02:00:00,2019-01-13 01:00:00,germany_mc_base_case_2019,60856,60856,2019-01-13 01:00:00
289,60346,60346,EOM,27.746,27.746,,,27.746,2019-01-13 03:00:00,2019-01-13 02:00:00,germany_mc_base_case_2019,60346,60346,2019-01-13 02:00:00
290,59811,59811,EOM,27.75,27.75,,,27.75,2019-01-13 04:00:00,2019-01-13 03:00:00,germany_mc_base_case_2019,59811,59811,2019-01-13 03:00:00
291,59175,59175,EOM,27.755,27.755,,,27.755,2019-01-13 05:00:00,2019-01-13 04:00:00,germany_mc_base_case_2019,59175,59175,2019-01-13 04:00:00
292,58654,58654,EOM,21.727,21.727,,,21.727,2019-01-13 06:00:00,2019-01-13 05:00:00,germany_mc_base_case_2019,58654,58654,2019-01-13 05:00:00
293,57916,57916,EOM,13.027,13.027,,,13.027,2019-01-13 07:00:00,2019-01-13 06:00:00,germany_mc_base_case_2019,57916,57916,2019-01-13 06:00:00
294,60066,60066,EOM,13.027,13.027,,,13.027,2019-01-13 08:00:00,2019-01-13 07:00:00,germany_mc_base_case_2019,60066,60066,2019-01-13 07:00:00
295,63935,63935,EOM,26.691,26.691,,,26.691,2019-01-13 09:00:00,2019-01-13 08:00:00,germany_mc_base_case_2019,63935,63935,2019-01-13 08:00:00
296,67401,67401,EOM,26.753,26.753,,,26.753,2019-01-13 10:00:00,2019-01-13 09:00:00,germany_mc_base_case_2019,67401,67401,2019-01-13 09:00:00
297,70335,70335,EOM,27.784,27.784,,,27.784,2019-01-13 11:00:00,2019-01-13 10:00:00,germany_mc_base_case_2019,70335,70335,2019-01-13 10:00:00
298,73626,73626,EOM,28.171,28.171,,,28.171,2019-01-13 12:00:00,2019-01-13 11:00:00,germany_mc_base_case_2019,73626,73626,2019-01-13 11:00:00
299,73094,73094,EOM,27.421,27.421,,,27.421,2019-01-13 13:00:00,2019-01-13 12:00:00,germany_mc_base_case_2019,73094,73094,2019-01-13 12:00:00
300,71358,71358,EOM,22.437,22.437,,,22.437,2019-01-13 14:00:00,2019-01-13 13:00:00,germany_mc_base_case_2019,71358,71358,2019-01-13 13:00:00
301,69949,69949,EOM,13.027,13.027,,,13.027,2019-01-13 15:00:00,2019-01-13 14:00:00,germany_mc_base_case_2019,69949,69949,2019-01-13 14:00:00
302,69825,69825,EOM,13.027,13.027,,,13.027,2019-01-13 16:00:00,2019-01-13 15:00:00,germany_mc_base_case_2019,69825,69825,2019-01-13 15:00:00
303,70717,70717,EOM,21.777,21.777,,,21.777,2019-01-13 17:00:00,2019-01-13 16:00:00,germany_mc_base_case_2019,70717,70717,2019-01-13 16:00:00
304,73844,73844,EOM,27.88,27.88,,,27.88,2019-01-13 18:00:00,2019-01-13 17:00:00,germany_mc_base_case_2019,73844,73844,2019-01-13 17:00:00
305,74593,74593,EOM,27.885,27.885,,,27.885,2019-01-13 19:00:00,2019-01-13 18:00:00,germany_mc_base_case_2019,74593,74593,2019-01-13 18:00:00
306,73321,73321,EOM,21.791,21.791,,,21.791,2019-01-13 20:00:00,2019-01-13 19:00:00,germany_mc_base_case_2019,73321,73321,2019-01-13 19:00:00
307,69792,69792,EOM,13.027,13.027,,,13.027,2019-01-13 21:00:00,2019-01-13 20:00:00,germany_mc_base_case_2019,69792,69792,2019-01-13 20:00:00
308,68186,68186,EOM,13.027,13.027,,,13.027,2019-01-13 22:00:00,2019-01-13 21:00:00,germany_mc_base_case_2019,68186,68186,2019-01-13 21:00:00
309,67890,67890,EOM,13.027,13.027,,,13.027,2019-01-13 23:00:00,2019-01-13 22:00:00,germany_mc_base_case_2019,67890,67890,2019-01-13 22:00:00
310,65071,65071,EOM,13.027,13.027,,,13.027,2019-01-14 00:00:00,2019-01-13 23:00:00,germany_mc_base_case_2019,65071,65071,2019-01-13 23:00:00
311,63860,63860,EOM,13.027,13.027,,,13.027,2019-01-14 01:00:00,2019-01-14 00:00:00,germany_mc_base_case_2019,63860,63860,2019-01-14 00:00:00
312,61702,61702,EOM,12.945,12.945,,,12.945,2019-01-14 02:00:00,2019-01-14 01:00:00,germany_mc_base_case_2019,61702,61702,2019-01-14 01:00:00
313,61053,61053,EOM,13.027,13.027,,,13.027,2019-01-14 03:00:00,2019-01-14 02:00:00,germany_mc_base_case_2019,61053,61053,2019-01-14 02:00:00
314,60794,60794,EOM,13.027,13.027,,,13.027,2019-01-14 04:00:00,2019-01-14 03:00:00,germany_mc_base_case_2019,60794,60794,2019-01-14 03:00:00
315,62175,62175,EOM,13.027,13.027,,,13.027,2019-01-14 05:00:00,2019-01-14 04:00:00,germany_mc_base_case_2019,62175,62175,2019-01-14 04:00:00
316,66998,66998,EOM,27.929,27.929,,,27.929,2019-01-14 06:00:00,2019-01-14 05:00:00,germany_mc_base_case_2019,66998,66998,2019-01-14 05:00:00
317,74429,74429,EOM,33.818,33.818,,,33.818,2019-01-14 07:00:00,2019-01-14 06:00:00,germany_mc_base_case_2019,74429,74429,2019-01-14 06:00:00
318,78590,78590,EOM,32.378,32.378,,,32.378,2019-01-14 08:00:00,2019-01-14 07:00:00,germany_mc_base_case_2019,78590,78590,2019-01-14 07:00:00
319,81075,81075,EOM,36.646,36.646,,,36.646,2019-01-14 09:00:00,2019-01-14 08:00:00,germany_mc_base_case_2019,81075,81075,2019-01-14 08:00:00
320,82025,82025,EOM,35.813,35.813,,,35.813,2019-01-14 10:00:00,2019-01-14 09:00:00,germany_mc_base_case_2019,82025,82025,2019-01-14 09:00:00
321,82339,82339,EOM,32.476,32.476,,,32.476,2019-01-14 11:00:00,2019-01-14 10:00:00,germany_mc_base_case_2019,82339,82339,2019-01-14 10:00:00
322,83222,83222,EOM,31.633,31.633,,,31.633,2019-01-14 12:00:00,2019-01-14 11:00:00,germany_mc_base_case_2019,83222,83222,2019-01-14 11:00:00
323,83630,83630,EOM,30.992,30.992,,,30.992,2019-01-14 13:00:00,2019-01-14 12:00:00,germany_mc_base_case_2019,83630,83630,2019-01-14 12:00:00
324,83284,83284,EOM,31.154,31.154,,,31.154,2019-01-14 14:00:00,2019-01-14 13:00:00,germany_mc_base_case_2019,83284,83284,2019-01-14 13:00:00
325,83296,83296,EOM,32.492,32.492,,,32.492,2019-01-14 15:00:00,2019-01-14 14:00:00,germany_mc_base_case_2019,83296,83296,2019-01-14 14:00:00
326,82575,82575,EOM,35.832,35.832,,,35.832,2019-01-14 16:00:00,2019-01-14 15:00:00,germany_mc_base_case_2019,82575,82575,2019-01-14 15:00:00
327,81468,81468,EOM,35.835,35.835,,,35.835,2019-01-14 17:00:00,2019-01-14 16:00:00,germany_mc_base_case_2019,81468,81468,2019-01-14 16:00:00
328,84395,84395,EOM,40.281,40.281,,,40.281,2019-01-14 18:00:00,2019-01-14 17:00:00,germany_mc_base_case_2019,84395,84395,2019-01-14 17:00:00
329,84316,84316,EOM,38.828,38.828,,,38.828,2019-01-14 19:00:00,2019-01-14 18:00:00,germany_mc_base_case_2019,84316,84316,2019-01-14 18:00:00
330,82093,82093,EOM,36.838,36.838,,,36.838,2019-01-14 20:00:00,2019-01-14 19:00:00,germany_mc_base_case_2019,82093,82093,2019-01-14 19:00:00
331,78759,78759,EOM,35.848,35.848,,,35.848,2019-01-14 21:00:00,2019-01-14 20:00:00,germany_mc_base_case_2019,78759,78759,2019-01-14 20:00:00
332,76162,76162,EOM,33.232,33.232,,,33.232,2019-01-14 22:00:00,2019-01-14 21:00:00,germany_mc_base_case_2019,76162,76162,2019-01-14 21:00:00
333,73446,73446,EOM,31.674,31.674,,,31.674,2019-01-14 23:00:00,2019-01-14 22:00:00,germany_mc_base_case_2019,73446,73446,2019-01-14 22:00:00
334,69768,69768,EOM,29.82,29.82,,,29.82,2019-01-15 00:00:00,2019-01-14 23:00:00,germany_mc_base_case_2019,69768,69768,2019-01-14 23:00:00
335,68544,68544,EOM,28.519,28.519,,,28.519,2019-01-15 01:00:00,2019-01-15 00:00:00,germany_mc_base_case_2019,68544,68544,2019-01-15 00:00:00
336,67879,67879,EOM,28.343,28.343,,,28.343,2019-01-15 02:00:00,2019-01-15 01:00:00,germany_mc_base_case_2019,67879,67879,2019-01-15 01:00:00
337,67152,67152,EOM,28.302,28.302,,,28.302,2019-01-15 03:00:00,2019-01-15 02:00:00,germany_mc_base_case_2019,67152,67152,2019-01-15 02:00:00
338,66915,66915,EOM,28.094,28.094,,,28.094,2019-01-15 04:00:00,2019-01-15 03:00:00,germany_mc_base_case_2019,66915,66915,2019-01-15 03:00:00
339,67624,67624,EOM,28.125,28.125,,,28.125,2019-01-15 05:00:00,2019-01-15 04:00:00,germany_mc_base_case_2019,67624,67624,2019-01-15 04:00:00
340,72750,72750,EOM,31.22,31.22,,,31.22,2019-01-15 06:00:00,2019-01-15 05:00:00,germany_mc_base_case_2019,72750,72750,2019-01-15 05:00:00
341,81910,81910,EOM,40.474,40.474,,,40.474,2019-01-15 07:00:00,2019-01-15 06:00:00,germany_mc_base_case_2019,81910,81910,2019-01-15 06:00:00
342,86155,86155,EOM,41.879,41.879,,,41.879,2019-01-15 08:00:00,2019-01-15 07:00:00,germany_mc_base_case_2019,86155,86155,2019-01-15 07:00:00
343,87712,87712,EOM,41.907,41.907,,,41.907,2019-01-15 09:00:00,2019-01-15 08:00:00,germany_mc_base_case_2019,87712,87712,2019-01-15 08:00:00
344,88119,88119,EOM,41.232,41.232,,,41.232,2019-01-15 10:00:00,2019-01-15 09:00:00,germany_mc_base_case_2019,88119,88119,2019-01-15 09:00:00
345,87696,87696,EOM,40.581,40.581,,,40.581,2019-01-15 11:00:00,2019-01-15 10:00:00,germany_mc_base_case_2019,87696,87696,2019-01-15 10:00:00
346,87728,87728,EOM,37.273,37.273,,,37.273,2019-01-15 12:00:00,2019-01-15 11:00:00,germany_mc_base_case_2019,87728,87728,2019-01-15 11:00:00
347,86460,86460,EOM,37.153,37.153,,,37.153,2019-01-15 13:00:00,2019-01-15 12:00:00,germany_mc_base_case_2019,86460,86460,2019-01-15 12:00:00
348,86945,86945,EOM,37.177,37.177,,,37.177,2019-01-15 14:00:00,2019-01-15 13:00:00,germany_mc_base_case_2019,86945,86945,2019-01-15 13:00:00
349,86894,86894,EOM,37.202,37.202,,,37.202,2019-01-15 15:00:00,2019-01-15 14:00:00,germany_mc_base_case_2019,86894,86894,2019-01-15 14:00:00
350,85800,85800,EOM,37.226,37.226,,,37.226,2019-01-15 16:00:00,2019-01-15 15:00:00,germany_mc_base_case_2019,85800,85800,2019-01-15 15:00:00
351,86852,86852,EOM,37.25,37.25,,,37.25,2019-01-15 17:00:00,2019-01-15 16:00:00,germany_mc_base_case_2019,86852,86852,2019-01-15 16:00:00
352,88046,88046,EOM,37.274,37.274,,,37.274,2019-01-15 18:00:00,2019-01-15 17:00:00,germany_mc_base_case_2019,88046,88046,2019-01-15 17:00:00
353,87097,87097,EOM,37.299,37.299,,,37.299,2019-01-15 19:00:00,2019-01-15 18:00:00,germany_mc_base_case_2019,87097,87097,2019-01-15 18:00:00
0,84827,84827,EOM,37.165,37.165,,,37.165,2019-01-15 20:00:00,2019-01-15 19:00:00,germany_mc_base_case_2019,84827,84827,2019-01-15 19:00:00
1,81225,81225,EOM,33.999,33.999,,,33.999,2019-01-15 21:00:00,2019-01-15 20:00:00,germany_mc_base_case_2019,81225,81225,2019-01-15 20:00:00
2,78027,78027,EOM,32.075,32.075,,,32.075,2019-01-15 22:00:00,2019-01-15 21:00:00,germany_mc_base_case_2019,78027,78027,2019-01-15 21:00:00
3,75655,75655,EOM,31.251,31.251,,,31.251,2019-01-15 23:00:00,2019-01-15 22:00:00,germany_mc_base_case_2019,75655,75655,2019-01-15 22:00:00
4,71787,71787,EOM,29.044,29.044,,,29.044,2019-01-16 00:00:00,2019-01-15 23:00:00,germany_mc_base_case_2019,71787,71787,2019-01-15 23:00:00
5,67008,67008,EOM,27.551,27.551,,,27.551,2019-01-16 01:00:00,2019-01-16 00:00:00,germany_mc_base_case_2019,67008,67008,2019-01-16 00:00:00
6,64957,64957,EOM,27.561,27.561,,,27.561,2019-01-16 02:00:00,2019-01-16 01:00:00,germany_mc_base_case_2019,64957,64957,2019-01-16 01:00:00
7,64581,64581,EOM,28.309,28.309,,,28.309,2019-01-16 03:00:00,2019-01-16 02:00:00,germany_mc_base_case_2019,64581,64581,2019-01-16 02:00:00
8,64787,64787,EOM,28.769,28.769,,,28.769,2019-01-16 04:00:00,2019-01-16 03:00:00,germany_mc_base_case_2019,64787,64787,2019-01-16 03:00:00
9,65814,65814,EOM,29.245,29.245,,,29.245,2019-01-16 05:00:00,2019-01-16 04:00:00,germany_mc_base_case_2019,65814,65814,2019-01-16 04:00:00
10,69036,69036,EOM,36.93,36.93,,,36.93,2019-01-16 06:00:00,2019-01-16 05:00:00,germany_mc_base_case_2019,69036,69036,2019-01-16 05:00:00
11,77377,77377,EOM,42.401,42.401,,,42.401,2019-01-16 07:00:00,2019-01-16 06:00:00,germany_mc_base_case_2019,77377,77377,2019-01-16 06:00:00
12,83241,83241,EOM,43.362,43.362,,,43.362,2019-01-16 08:00:00,2019-01-16 07:00:00,germany_mc_base_case_2019,83241,83241,2019-01-16 07:00:00
13,84675,84675,EOM,42.421,42.421,,,42.421,2019-01-16 09:00:00,2019-01-16 08:00:00,germany_mc_base_case_2019,84675,84675,2019-01-16 08:00:00
14,85409,85409,EOM,42.431,42.431,,,42.431,2019-01-16 10:00:00,2019-01-16 09:00:00,germany_mc_base_case_2019,85409,85409,2019-01-16 09:00:00
15,85668,85668,EOM,41.043,41.043,,,41.043,2019-01-16 11:00:00,2019-01-16 10:00:00,germany_mc_base_case_2019,85668,85668,2019-01-16 10:00:00
16,85924,85924,EOM,37.535,37.535,,,37.535,2019-01-16 12:00:00,2019-01-16 11:00:00,germany_mc_base_case_2019,85924,85924,2019-01-16 11:00:00
17,86351,86351,EOM,37.544,37.544,,,37.544,2019-01-16 13:00:00,2019-01-16 12:00:00,germany_mc_base_case_2019,86351,86351,2019-01-16 12:00:00
18,86381,86381,EOM,37.553,37.553,,,37.553,2019-01-16 14:00:00,2019-01-16 13:00:00,germany_mc_base_case_2019,86381,86381,2019-01-16 13:00:00
19,85389,85389,EOM,39.24,39.24,,,39.24,2019-01-16 15:00:00,2019-01-16 14:00:00,germany_mc_base_case_2019,85389,85389,2019-01-16 14:00:00
20,84982,84982,EOM,41.779,41.779,,,41.779,2019-01-16 16:00:00,2019-01-16 15:00:00,germany_mc_base_case_2019,84982,84982,2019-01-16 15:00:00
21,84224,84224,EOM,41.789,41.789,,,41.789,2019-01-16 17:00:00,2019-01-16 16:00:00,germany_mc_base_case_2019,84224,84224,2019-01-16 16:00:00
22,87009,87009,EOM,43.464,43.464,,,43.464,2019-01-16 18:00:00,2019-01-16 17:00:00,germany_mc_base_case_2019,87009,87009,2019-01-16 17:00:00
23,86996,86996,EOM,42.727,42.727,,,42.727,2019-01-16 19:00:00,2019-01-16 18:00:00,germany_mc_base_case_2019,86996,86996,2019-01-16 18:00:00
24,86068,86068,EOM,41.816,41.816,,,41.816,2019-01-16 20:00:00,2019-01-16 19:00:00,germany_mc_base_case_2019,86068,86068,2019-01-16 19:00:00
25,82184,82184,EOM,37.611,37.611,,,37.611,2019-01-16 21:00:00,2019-01-16 20:00:00,germany_mc_base_case_2019,82184,82184,2019-01-16 20:00:00
26,78377,78377,EOM,34.406,34.406,,,34.406,2019-01-16 22:00:00,2019-01-16 21:00:00,germany_mc_base_case_2019,78377,78377,2019-01-16 21:00:00
27,75907,75907,EOM,32.798,32.798,,,32.798,2019-01-16 23:00:00,2019-01-16 22:00:00,germany_mc_base_case_2019,75907,75907,2019-01-16 22:00:00
28,72420,72420,EOM,29.45,29.45,,,29.45,2019-01-17 00:00:00,2019-01-16 23:00:00,germany_mc_base_case_2019,72420,72420,2019-01-16 23:00:00
29,69274,69274,EOM,28.552,28.552,,,28.552,2019-01-17 01:00:00,2019-01-17 00:00:00,germany_mc_base_case_2019,69274,69274,2019-01-17 00:00:00
30,68250,68250,EOM,27.943,27.943,,,27.943,2019-01-17 02:00:00,2019-01-17 01:00:00,germany_mc_base_case_2019,68250,68250,2019-01-17 01:00:00
31,67198,67198,EOM,27.9,27.9,,,27.9,2019-01-17 03:00:00,2019-01-17 02:00:00,germany_mc_base_case_2019,67198,67198,2019-01-17 02:00:00
32,67377,67377,EOM,27.946,27.946,,,27.946,2019-01-17 04:00:00,2019-01-17 03:00:00,germany_mc_base_case_2019,67377,67377,2019-01-17 03:00:00
33,68591,68591,EOM,27.992,27.992,,,27.992,2019-01-17 05:00:00,2019-01-17 04:00:00,germany_mc_base_case_2019,68591,68591,2019-01-17 04:00:00
34,71997,71997,EOM,31.319,31.319,,,31.319,2019-01-17 06:00:00,2019-01-17 05:00:00,germany_mc_base_case_2019,71997,71997,2019-01-17 05:00:00
35,79328,79328,EOM,41.435,41.435,,,41.435,2019-01-17 07:00:00,2019-01-17 06:00:00,germany_mc_base_case_2019,79328,79328,2019-01-17 06:00:00
36,85336,85336,EOM,43.743,43.743,,,43.743,2019-01-17 08:00:00,2019-01-17 07:00:00,germany_mc_base_case_2019,85336,85336,2019-01-17 07:00:00
37,88083,88083,EOM,44.676,44.676,,,44.676,2019-01-17 09:00:00,2019-01-17 08:00:00,germany_mc_base_case_2019,88083,88083,2019-01-17 08:00:00
38,87303,87303,EOM,42.975,42.975,,,42.975,2019-01-17 10:00:00,2019-01-17 09:00:00,germany_mc_base_case_2019,87303,87303,2019-01-17 09:00:00
39,87968,87968,EOM,42.297,42.297,,,42.297,2019-01-17 11:00:00,2019-01-17 10:00:00,germany_mc_base_case_2019,87968,87968,2019-01-17 10:00:00
40,88941,88941,EOM,42.34,42.34,,,42.34,2019-01-17 12:00:00,2019-01-17 11:00:00,germany_mc_base_case_2019,88941,88941,2019-01-17 11:00:00
41,88636,88636,EOM,42.381,42.381,,,42.381,2019-01-17 13:00:00,2019-01-17 12:00:00,germany_mc_base_case_2019,88636,88636,2019-01-17 12:00:00
42,88231,88231,EOM,42.422,42.422,,,42.422,2019-01-17 14:00:00,2019-01-17 13:00:00,germany_mc_base_case_2019,88231,88231,2019-01-17 13:00:00
43,86630,86630,EOM,42.463,42.463,,,42.463,2019-01-17 15:00:00,2019-01-17 14:00:00,germany_mc_base_case_2019,86630,86630,2019-01-17 14:00:00
44,85390,85390,EOM,43.228,43.228,,,43.228,2019-01-17 16:00:00,2019-01-17 15:00:00,germany_mc_base_case_2019,85390,85390,2019-01-17 15:00:00
45,84839,84839,EOM,43.27,43.27,,,43.27,2019-01-17 17:00:00,2019-01-17 16:00:00,germany_mc_base_case_2019,84839,84839,2019-01-17 16:00:00
46,87394,87394,EOM,43.313,43.313,,,43.313,2019-01-17 18:00:00,2019-01-17 17:00:00,germany_mc_base_case_2019,87394,87394,2019-01-17 17:00:00
47,87740,87740,EOM,43.569,43.569,,,43.569,2019-01-17 19:00:00,2019-01-17 18:00:00,germany_mc_base_case_2019,87740,87740,2019-01-17 18:00:00
48,84573,84573,EOM,42.57,42.57,,,42.57,2019-01-17 20:00:00,2019-01-17 19:00:00,germany_mc_base_case_2019,84573,84573,2019-01-17 19:00:00
49,82741,82741,EOM,40.489,40.489,,,40.489,2019-01-17 21:00:00,2019-01-17 20:00:00,germany_mc_base_case_2019,82741,82741,2019-01-17 20:00:00
50,79894,79894,EOM,38.446,38.446,,,38.446,2019-01-17 22:00:00,2019-01-17 21:00:00,germany_mc_base_case_2019,79894,79894,2019-01-17 21:00:00
51,77651,77651,EOM,38.32,38.32,,,38.32,2019-01-17 23:00:00,2019-01-17 22:00:00,germany_mc_base_case_2019,77651,77651,2019-01-17 22:00:00
52,72268,72268,EOM,36.596,36.596,,,36.596,2019-01-18 00:00:00,2019-01-17 23:00:00,germany_mc_base_case_2019,72268,72268,2019-01-17 23:00:00
53,71322,71322,EOM,37.502,37.502,,,37.502,2019-01-18 01:00:00,2019-01-18 00:00:00,germany_mc_base_case_2019,71322,71322,2019-01-18 00:00:00
54,68038,68038,EOM,35.037,35.037,,,35.037,2019-01-18 02:00:00,2019-01-18 01:00:00,germany_mc_base_case_2019,68038,68038,2019-01-18 01:00:00
55,67299,67299,EOM,37.492,37.492,,,37.492,2019-01-18 03:00:00,2019-01-18 02:00:00,germany_mc_base_case_2019,67299,67299,2019-01-18 02:00:00
56,68223,68223,EOM,38.527,38.527,,,38.527,2019-01-18 04:00:00,2019-01-18 03:00:00,germany_mc_base_case_2019,68223,68223,2019-01-18 03:00:00
57,70848,70848,EOM,42.944,42.944,,,42.944,2019-01-18 05:00:00,2019-01-18 04:00:00,germany_mc_base_case_2019,70848,70848,2019-01-18 04:00:00
58,72465,72465,EOM,44.656,44.656,,,44.656,2019-01-18 06:00:00,2019-01-18 05:00:00,germany_mc_base_case_2019,72465,72465,2019-01-18 05:00:00
59,74838,74838,EOM,60.116,60.116,,,60.116,2019-01-18 07:00:00,2019-01-18 06:00:00,germany_mc_base_case_2019,74838,74838,2019-01-18 06:00:00
60,80889,80889,EOM,60.411,60.411,,,60.411,2019-01-18 08:00:00,2019-01-18 07:00:00,germany_mc_base_case_2019,80889,80889,2019-01-18 07:00:00
61,85115,85115,EOM,69.024,69.024,,,69.024,2019-01-18 09:00:00,2019-01-18 08:00:00,germany_mc_base_case_2019,85115,85115,2019-01-18 08:00:00
62,84849,84849,EOM,60.921,60.921,,,60.921,2019-01-18 10:00:00,2019-01-18 09:00:00,germany_mc_base_case_2019,84849,84849,2019-01-18 09:00:00
63,84312,84312,EOM,60.17,60.17,,,60.17,2019-01-18 11:00:00,2019-01-18 10:00:00,germany_mc_base_case_2019,84312,84312,2019-01-18 10:00:00
64,84376,84376,EOM,48.507,48.507,,,48.507,2019-01-18 12:00:00,2019-01-18 11:00:00,germany_mc_base_case_2019,84376,84376,2019-01-18 11:00:00
65,84369,84369,EOM,45.518,45.518,,,45.518,2019-01-18 13:00:00,2019-01-18 12:00:00,germany_mc_base_case_2019,84369,84369,2019-01-18 12:00:00
66,82934,82934,EOM,44.378,44.378,,,44.378,2019-01-18 14:00:00,2019-01-18 13:00:00,germany_mc_base_case_2019,82934,82934,2019-01-18 13:00:00
67,80752,80752,EOM,44.483,44.483,,,44.483,2019-01-18 15:00:00,2019-01-18 14:00:00,germany_mc_base_case_2019,80752,80752,2019-01-18 14:00:00
68,77759,77759,EOM,45.499,45.499,,,45.499,2019-01-18 16:00:00,2019-01-18 15:00:00,germany_mc_base_case_2019,77759,77759,2019-01-18 15:00:00
69,77374,77374,EOM,52.343,52.343,,,52.343,2019-01-18 17:00:00,2019-01-18 16:00:00,germany_mc_base_case_2019,77374,77374,2019-01-18 16:00:00
70,79556,79556,EOM,60.486,60.486,,,60.486,2019-01-18 18:00:00,2019-01-18 17:00:00,germany_mc_base_case_2019,79556,79556,2019-01-18 17:00:00
71,81168,81168,EOM,61.176,61.176,,,61.176,2019-01-18 19:00:00,2019-01-18 18:00:00,germany_mc_base_case_2019,81168,81168,2019-01-18 18:00:00
72,78619,78619,EOM,48.451,48.451,,,48.451,2019-01-18 20:00:00,2019-01-18 19:00:00,germany_mc_base_case_2019,78619,78619,2019-01-18 19:00:00
73,75317,75317,EOM,44.335,44.335,,,44.335,2019-01-18 21:00:00,2019-01-18 20:00:00,germany_mc_base_case_2019,75317,75317,2019-01-18 20:00:00
74,74663,74663,EOM,44.328,44.328,,,44.328,2019-01-18 22:00:00,2019-01-18 21:00:00,germany_mc_base_case_2019,74663,74663,2019-01-18 21:00:00
75,73327,73327,EOM,43.67,43.67,,,43.67,2019-01-18 23:00:00,2019-01-18 22:00:00,germany_mc_base_case_2019,73327,73327,2019-01-18 22:00:00
76,70578,70578,EOM,43.451,43.451,,,43.451,2019-01-19 00:00:00,2019-01-18 23:00:00,germany_mc_base_case_2019,70578,70578,2019-01-18 23:00:00
77,65584,65584,EOM,38.728,38.728,,,38.728,2019-01-19 01:00:00,2019-01-19 00:00:00,germany_mc_base_case_2019,65584,65584,2019-01-19 00:00:00
78,64303,64303,EOM,38.405,38.405,,,38.405,2019-01-19 02:00:00,2019-01-19 01:00:00,germany_mc_base_case_2019,64303,64303,2019-01-19 01:00:00
79,64350,64350,EOM,38.399,38.399,,,38.399,2019-01-19 03:00:00,2019-01-19 02:00:00,germany_mc_base_case_2019,64350,64350,2019-01-19 02:00:00
80,61692,61692,EOM,38.23,38.23,,,38.23,2019-01-19 04:00:00,2019-01-19 03:00:00,germany_mc_base_case_2019,61692,61692,2019-01-19 03:00:00
81,62233,62233,EOM,38.225,38.225,,,38.225,2019-01-19 05:00:00,2019-01-19 04:00:00,germany_mc_base_case_2019,62233,62233,2019-01-19 04:00:00
82,61431,61431,EOM,38.218,38.218,,,38.218,2019-01-19 06:00:00,2019-01-19 05:00:00,germany_mc_base_case_2019,61431,61431,2019-01-19 05:00:00
83,62670,62670,EOM,38.374,38.374,,,38.374,2019-01-19 07:00:00,2019-01-19 06:00:00,germany_mc_base_case_2019,62670,62670,2019-01-19 06:00:00
84,64985,64985,EOM,41.192,41.192,,,41.192,2019-01-19 08:00:00,2019-01-19 07:00:00,germany_mc_base_case_2019,64985,64985,2019-01-19 07:00:00
85,67149,67149,EOM,41.96,41.96,,,41.96,2019-01-19 09:00:00,2019-01-19 08:00:00,germany_mc_base_case_2019,67149,67149,2019-01-19 08:00:00
86,70912,70912,EOM,41.954,41.954,,,41.954,2019-01-19 10:00:00,2019-01-19 09:00:00,germany_mc_base_case_2019,70912,70912,2019-01-19 09:00:00
87,76331,76331,EOM,42.549,42.549,,,42.549,2019-01-19 11:00:00,2019-01-19 10:00:00,germany_mc_base_case_2019,76331,76331,2019-01-19 10:00:00
88,77869,77869,EOM,41.943,41.943,,,41.943,2019-01-19 12:00:00,2019-01-19 11:00:00,germany_mc_base_case_2019,77869,77869,2019-01-19 11:00:00
89,75820,75820,EOM,41.163,41.163,,,41.163,2019-01-19 13:00:00,2019-01-19 12:00:00,germany_mc_base_case_2019,75820,75820,2019-01-19 12:00:00
90,73579,73579,EOM,41.157,41.157,,,41.157,2019-01-19 14:00:00,2019-01-19 13:00:00,germany_mc_base_case_2019,73579,73579,2019-01-19 13:00:00
91,69492,69492,EOM,40.044,40.044,,,40.044,2019-01-19 15:00:00,2019-01-19 14:00:00,germany_mc_base_case_2019,69492,69492,2019-01-19 14:00:00
92,68495,68495,EOM,42.621,42.621,,,42.621,2019-01-19 16:00:00,2019-01-19 15:00:00,germany_mc_base_case_2019,68495,68495,2019-01-19 15:00:00
93,69291,69291,EOM,43.342,43.342,,,43.342,2019-01-19 17:00:00,2019-01-19 16:00:00,germany_mc_base_case_2019,69291,69291,2019-01-19 16:00:00
94,73538,73538,EOM,45.097,45.097,,,45.097,2019-01-19 18:00:00,2019-01-19 17:00:00,germany_mc_base_case_2019,73538,73538,2019-01-19 17:00:00
95,74542,74542,EOM,44.192,44.192,,,44.192,2019-01-19 19:00:00,2019-01-19 18:00:00,germany_mc_base_case_2019,74542,74542,2019-01-19 18:00:00
96,71961,71961,EOM,43.324,43.324,,,43.324,2019-01-19 20:00:00,2019-01-19 19:00:00,germany_mc_base_case_2019,71961,71961,2019-01-19 19:00:00
97,69862,69862,EOM,42.592,42.592,,,42.592,2019-01-19 21:00:00,2019-01-19 20:00:00,germany_mc_base_case_2019,69862,69862,2019-01-19 20:00:00
98,67607,67607,EOM,41.112,41.112,,,41.112,2019-01-19 22:00:00,2019-01-19 21:00:00,germany_mc_base_case_2019,67607,67607,2019-01-19 21:00:00
99,66513,66513,EOM,40.362,40.362,,,40.362,2019-01-19 23:00:00,2019-01-19 22:00:00,germany_mc_base_case_2019,66513,66513,2019-01-19 22:00:00
100,64115,64115,EOM,38.12,38.12,,,38.12,2019-01-20 00:00:00,2019-01-19 23:00:00,germany_mc_base_case_2019,64115,64115,2019-01-19 23:00:00
101,63402,63402,EOM,38.114,38.114,,,38.114,2019-01-20 01:00:00,2019-01-20 00:00:00,germany_mc_base_case_2019,63402,63402,2019-01-20 00:00:00
102,61497,61497,EOM,37.707,37.707,,,37.707,2019-01-20 02:00:00,2019-01-20 01:00:00,germany_mc_base_case_2019,61497,61497,2019-01-20 01:00:00
103,60088,60088,EOM,37.7,37.7,,,37.7,2019-01-20 03:00:00,2019-01-20 02:00:00,germany_mc_base_case_2019,60088,60088,2019-01-20 02:00:00
104,59991,59991,EOM,38.094,38.094,,,38.094,2019-01-20 04:00:00,2019-01-20 03:00:00,germany_mc_base_case_2019,59991,59991,2019-01-20 03:00:00
105,58901,58901,EOM,38.088,38.088,,,38.088,2019-01-20 05:00:00,2019-01-20 04:00:00,germany_mc_base_case_2019,58901,58901,2019-01-20 04:00:00
106,59001,59001,EOM,38.083,38.083,,,38.083,2019-01-20 06:00:00,2019-01-20 05:00:00,germany_mc_base_case_2019,59001,59001,2019-01-20 05:00:00
107,59678,59678,EOM,38.24,38.24,,,38.24,2019-01-20 07:00:00,2019-01-20 06:00:00,germany_mc_base_case_2019,59678,59678,2019-01-20 06:00:00
108,61077,61077,EOM,41.049,41.049,,,41.049,2019-01-20 08:00:00,2019-01-20 07:00:00,germany_mc_base_case_2019,61077,61077,2019-01-20 07:00:00
109,63749,63749,EOM,42.516,42.516,,,42.516,2019-01-20 09:00:00,2019-01-20 08:00:00,germany_mc_base_case_2019,63749,63749,2019-01-20 08:00:00
110,66531,66531,EOM,41.81,41.81,,,41.81,2019-01-20 10:00:00,2019-01-20 09:00:00,germany_mc_base_case_2019,66531,66531,2019-01-20 09:00:00
111,69665,69665,EOM,42.505,42.505,,,42.505,2019-01-20 11:00:00,2019-01-20 10:00:00,germany_mc_base_case_2019,69665,69665,2019-01-20 10:00:00
112,71464,71464,EOM,42.398,42.398,,,42.398,2019-01-20 12:00:00,2019-01-20 11:00:00,germany_mc_base_case_2019,71464,71464,2019-01-20 11:00:00
113,72139,72139,EOM,41.794,41.794,,,41.794,2019-01-20 13:00:00,2019-01-20 12:00:00,germany_mc_base_case_2019,72139,72139,2019-01-20 12:00:00
114,70875,70875,EOM,41.017,41.017,,,41.017,2019-01-20 14:00:00,2019-01-20 13:00:00,germany_mc_base_case_2019,70875,70875,2019-01-20 13:00:00
115,69780,69780,EOM,42.482,42.482,,,42.482,2019-01-20 15:00:00,2019-01-20 14:00:00,germany_mc_base_case_2019,69780,69780,2019-01-20 14:00:00
116,65982,65982,EOM,43.2,43.2,,,43.2,2019-01-20 16:00:00,2019-01-20 15:00:00,germany_mc_base_case_2019,65982,65982,2019-01-20 15:00:00
117,64605,64605,EOM,43.194,43.194,,,43.194,2019-01-20 17:00:00,2019-01-20 16:00:00,germany_mc_base_case_2019,64605,64605,2019-01-20 16:00:00
118,69220,69220,EOM,44.157,44.157,,,44.157,2019-01-20 18:00:00,2019-01-20 17:00:00,germany_mc_base_case_2019,69220,69220,2019-01-20 17:00:00
119,70905,70905,EOM,45.166,45.166,,,45.166,2019-01-20 19:00:00,2019-01-20 18:00:00,germany_mc_base_case_2019,70905,70905,2019-01-20 18:00:00
120,70699,70699,EOM,44.255,44.255,,,44.255,2019-01-20 20:00:00,2019-01-20 19:00:00,germany_mc_base_case_2019,70699,70699,2019-01-20 19:00:00
121,69199,69199,EOM,43.17,43.17,,,43.17,2019-01-20 21:00:00,2019-01-20 20:00:00,germany_mc_base_case_2019,69199,69199,2019-01-20 20:00:00
122,67190,67190,EOM,43.162,43.162,,,43.162,2019-01-20 22:00:00,2019-01-20 21:00:00,germany_mc_base_case_2019,67190,67190,2019-01-20 21:00:00
123,68746,68746,EOM,43.154,43.154,,,43.154,2019-01-20 23:00:00,2019-01-20 22:00:00,germany_mc_base_case_2019,68746,68746,2019-01-20 22:00:00
124,65541,65541,EOM,42.423,42.423,,,42.423,2019-01-21 00:00:00,2019-01-20 23:00:00,germany_mc_base_case_2019,65541,65541,2019-01-20 23:00:00
125,65108,65108,EOM,41.733,41.733,,,41.733,2019-01-21 01:00:00,2019-01-21 00:00:00,germany_mc_base_case_2019,65108,65108,2019-01-21 00:00:00
126,64482,64482,EOM,41.769,41.769,,,41.769,2019-01-21 02:00:00,2019-01-21 01:00:00,germany_mc_base_case_2019,64482,64482,2019-01-21 01:00:00
127,63581,63581,EOM,39.228,39.228,,,39.228,2019-01-21 03:00:00,2019-01-21 02:00:00,germany_mc_base_case_2019,63581,63581,2019-01-21 02:00:00
128,63886,63886,EOM,38.55,38.55,,,38.55,2019-01-21 04:00:00,2019-01-21 03:00:00,germany_mc_base_case_2019,63886,63886,2019-01-21 03:00:00
129,66018,66018,EOM,41.877,41.877,,,41.877,2019-01-21 05:00:00,2019-01-21 04:00:00,germany_mc_base_case_2019,66018,66018,2019-01-21 04:00:00
130,70344,70344,EOM,44.204,44.204,,,44.204,2019-01-21 06:00:00,2019-01-21 05:00:00,germany_mc_base_case_2019,70344,70344,2019-01-21 05:00:00
131,75947,75947,EOM,48.342,48.342,,,48.342,2019-01-21 07:00:00,2019-01-21 06:00:00,germany_mc_base_case_2019,75947,75947,2019-01-21 06:00:00
132,80524,80524,EOM,65.945,65.945,,,65.945,2019-01-21 08:00:00,2019-01-21 07:00:00,germany_mc_base_case_2019,80524,80524,2019-01-21 07:00:00
133,82802,82802,EOM,69.043,69.043,,,69.043,2019-01-21 09:00:00,2019-01-21 08:00:00,germany_mc_base_case_2019,82802,82802,2019-01-21 08:00:00
134,83538,83538,EOM,65.936,65.936,,,65.936,2019-01-21 10:00:00,2019-01-21 09:00:00,germany_mc_base_case_2019,83538,83538,2019-01-21 09:00:00
135,83077,83077,EOM,60.704,60.704,,,60.704,2019-01-21 11:00:00,2019-01-21 10:00:00,germany_mc_base_case_2019,83077,83077,2019-01-21 10:00:00
136,84754,84754,EOM,52.427,52.427,,,52.427,2019-01-21 12:00:00,2019-01-21 11:00:00,germany_mc_base_case_2019,84754,84754,2019-01-21 11:00:00
137,84638,84638,EOM,48.591,48.591,,,48.591,2019-01-21 13:00:00,2019-01-21 12:00:00,germany_mc_base_case_2019,84638,84638,2019-01-21 12:00:00
138,84065,84065,EOM,48.632,48.632,,,48.632,2019-01-21 14:00:00,2019-01-21 13:00:00,germany_mc_base_case_2019,84065,84065,2019-01-21 13:00:00
139,83150,83150,EOM,59.979,59.979,,,59.979,2019-01-21 15:00:00,2019-01-21 14:00:00,germany_mc_base_case_2019,83150,83150,2019-01-21 14:00:00
140,81004,81004,EOM,51.24,51.24,,,51.24,2019-01-21 16:00:00,2019-01-21 15:00:00,germany_mc_base_case_2019,81004,81004,2019-01-21 15:00:00
141,79280,79280,EOM,62.203,62.203,,,62.203,2019-01-21 17:00:00,2019-01-21 16:00:00,germany_mc_base_case_2019,79280,79280,2019-01-21 16:00:00
142,82267,82267,EOM,73.685,73.685,,,73.685,2019-01-21 18:00:00,2019-01-21 17:00:00,germany_mc_base_case_2019,82267,82267,2019-01-21 17:00:00
143,84030,84030,EOM,70.08,70.08,,,70.08,2019-01-21 19:00:00,2019-01-21 18:00:00,germany_mc_base_case_2019,84030,84030,2019-01-21 18:00:00
144,81720,81720,EOM,61.222,61.222,,,61.222,2019-01-21 20:00:00,2019-01-21 19:00:00,germany_mc_base_case_2019,81720,81720,2019-01-21 19:00:00
145,77824,77824,EOM,58.218,58.218,,,58.218,2019-01-21 21:00:00,2019-01-21 20:00:00,germany_mc_base_case_2019,77824,77824,2019-01-21 20:00:00
146,77061,77061,EOM,51.493,51.493,,,51.493,2019-01-21 22:00:00,2019-01-21 21:00:00,germany_mc_base_case_2019,77061,77061,2019-01-21 21:00:00
147,74702,74702,EOM,45.984,45.984,,,45.984,2019-01-21 23:00:00,2019-01-21 22:00:00,germany_mc_base_case_2019,74702,74702,2019-01-21 22:00:00
148,72210,72210,EOM,44.216,44.216,,,44.216,2019-01-22 00:00:00,2019-01-21 23:00:00,germany_mc_base_case_2019,72210,72210,2019-01-21 23:00:00
149,69623,69623,EOM,44.018,44.018,,,44.018,2019-01-22 01:00:00,2019-01-22 00:00:00,germany_mc_base_case_2019,69623,69623,2019-01-22 00:00:00
150,68174,68174,EOM,42.552,42.552,,,42.552,2019-01-22 02:00:00,2019-01-22 01:00:00,germany_mc_base_case_2019,68174,68174,2019-01-22 01:00:00
151,66188,66188,EOM,38.888,38.888,,,38.888,2019-01-22 03:00:00,2019-01-22 02:00:00,germany_mc_base_case_2019,66188,66188,2019-01-22 02:00:00
152,66389,66389,EOM,38.875,38.875,,,38.875,2019-01-22 04:00:00,2019-01-22 03:00:00,germany_mc_base_case_2019,66389,66389,2019-01-22 03:00:00
153,67625,67625,EOM,38.862,38.862,,,38.862,2019-01-22 05:00:00,2019-01-22 04:00:00,germany_mc_base_case_2019,67625,67625,2019-01-22 04:00:00
154,71374,71374,EOM,43.206,43.206,,,43.206,2019-01-22 06:00:00,2019-01-22 05:00:00,germany_mc_base_case_2019,71374,71374,2019-01-22 05:00:00
155,76727,76727,EOM,46.784,46.784,,,46.784,2019-01-22 07:00:00,2019-01-22 06:00:00,germany_mc_base_case_2019,76727,76727,2019-01-22 06:00:00
156,82613,82613,EOM,59.381,59.381,,,59.381,2019-01-22 08:00:00,2019-01-22 07:00:00,germany_mc_base_case_2019,82613,82613,2019-01-22 07:00:00
157,83797,83797,EOM,59.248,59.248,,,59.248,2019-01-22 09:00:00,2019-01-22 08:00:00,germany_mc_base_case_2019,83797,83797,2019-01-22 08:00:00
158,85698,85698,EOM,58.926,58.926,,,58.926,2019-01-22 10:00:00,2019-01-22 09:00:00,germany_mc_base_case_2019,85698,85698,2019-01-22 09:00:00
159,86154,86154,EOM,52.565,52.565,,,52.565,2019-01-22 11:00:00,2019-01-22 10:00:00,germany_mc_base_case_2019,86154,86154,2019-01-22 10:00:00
160,87124,87124,EOM,48.873,48.873,,,48.873,2019-01-22 12:00:00,2019-01-22 11:00:00,germany_mc_base_case_2019,87124,87124,2019-01-22 11:00:00
161,87495,87495,EOM,48.856,48.856,,,48.856,2019-01-22 13:00:00,2019-01-22 12:00:00,germany_mc_base_case_2019,87495,87495,2019-01-22 12:00:00
162,87139,87139,EOM,46.671,46.671,,,46.671,2019-01-22 14:00:00,2019-01-22 13:00:00,germany_mc_base_case_2019,87139,87139,2019-01-22 13:00:00
163,85787,85787,EOM,46.653,46.653,,,46.653,2019-01-22 15:00:00,2019-01-22 14:00:00,germany_mc_base_case_2019,85787,85787,2019-01-22 14:00:00
164,85075,85075,EOM,48.799,48.799,,,48.799,2019-01-22 16:00:00,2019-01-22 15:00:00,germany_mc_base_case_2019,85075,85075,2019-01-22 15:00:00
165,83904,83904,EOM,46.617,46.617,,,46.617,2019-01-22 17:00:00,2019-01-22 16:00:00,germany_mc_base_case_2019,83904,83904,2019-01-22 16:00:00
166,87350,87350,EOM,57.582,57.582,,,57.582,2019-01-22 18:00:00,2019-01-22 17:00:00,germany_mc_base_case_2019,87350,87350,2019-01-22 17:00:00
167,87280,87280,EOM,49.979,49.979,,,49.979,2019-01-22 19:00:00,2019-01-22 18:00:00,germany_mc_base_case_2019,87280,87280,2019-01-22 18:00:00
168,86059,86059,EOM,46.569,46.569,,,46.569,2019-01-22 20:00:00,2019-01-22 19:00:00,germany_mc_base_case_2019,86059,86059,2019-01-22 19:00:00
169,82574,82574,EOM,44.58,44.58,,,44.58,2019-01-22 21:00:00,2019-01-22 20:00:00,germany_mc_base_case_2019,82574,82574,2019-01-22 20:00:00
170,78782,78782,EOM,43.694,43.694,,,43.694,2019-01-22 22:00:00,2019-01-22 21:00:00,germany_mc_base_case_2019,78782,78782,2019-01-22 21:00:00
171,76919,76919,EOM,42.945,42.945,,,42.945,2019-01-22 23:00:00,2019-01-22 22:00:00,germany_mc_base_case_2019,76919,76919,2019-01-22 22:00:00
172,73516,73516,EOM,42.222,42.222,,,42.222,2019-01-23 00:00:00,2019-01-22 23:00:00,germany_mc_base_case_2019,73516,73516,2019-01-22 23:00:00
173,72388,72388,EOM,41.414,41.414,,,41.414,2019-01-23 01:00:00,2019-01-23 00:00:00,germany_mc_base_case_2019,72388,72388,2019-01-23 00:00:00
174,70523,70523,EOM,38.528,38.528,,,38.528,2019-01-23 02:00:00,2019-01-23 01:00:00,germany_mc_base_case_2019,70523,70523,2019-01-23 01:00:00
175,68584,68584,EOM,38.482,38.482,,,38.482,2019-01-23 03:00:00,2019-01-23 02:00:00,germany_mc_base_case_2019,68584,68584,2019-01-23 02:00:00
176,66727,66727,EOM,38.436,38.436,,,38.436,2019-01-23 04:00:00,2019-01-23 03:00:00,germany_mc_base_case_2019,66727,66727,2019-01-23 03:00:00
177,67464,67464,EOM,40.106,40.106,,,40.106,2019-01-23 05:00:00,2019-01-23 04:00:00,germany_mc_base_case_2019,67464,67464,2019-01-23 04:00:00
178,72127,72127,EOM,43.369,43.369,,,43.369,2019-01-23 06:00:00,2019-01-23 05:00:00,germany_mc_base_case_2019,72127,72127,2019-01-23 05:00:00
179,75701,75701,EOM,46.133,46.133,,,46.133,2019-01-23 07:00:00,2019-01-23 06:00:00,germany_mc_base_case_2019,75701,75701,2019-01-23 06:00:00
180,79533,79533,EOM,56.593,56.593,,,56.593,2019-01-23 08:00:00,2019-01-23 07:00:00,germany_mc_base_case_2019,79533,79533,2019-01-23 07:00:00
181,82195,82195,EOM,60.502,60.502,,,60.502,2019-01-23 09:00:00,2019-01-23 08:00:00,germany_mc_base_case_2019,82195,82195,2019-01-23 08:00:00
182,83124,83124,EOM,56.296,56.296,,,56.296,2019-01-23 10:00:00,2019-01-23 09:00:00,germany_mc_base_case_2019,83124,83124,2019-01-23 09:00:00
183,83888,83888,EOM,57.055,57.055,,,57.055,2019-01-23 11:00:00,2019-01-23 10:00:00,germany_mc_base_case_2019,83888,83888,2019-01-23 10:00:00
184,82930,82930,EOM,55.822,55.822,,,55.822,2019-01-23 12:00:00,2019-01-23 11:00:00,germany_mc_base_case_2019,82930,82930,2019-01-23 11:00:00
185,83015,83015,EOM,55.284,55.284,,,55.284,2019-01-23 13:00:00,2019-01-23 12:00:00,germany_mc_base_case_2019,83015,83015,2019-01-23 12:00:00
186,82437,82437,EOM,55.264,55.264,,,55.264,2019-01-23 14:00:00,2019-01-23 13:00:00,germany_mc_base_case_2019,82437,82437,2019-01-23 13:00:00
187,81108,81108,EOM,50.288,50.288,,,50.288,2019-01-23 15:00:00,2019-01-23 14:00:00,germany_mc_base_case_2019,81108,81108,2019-01-23 14:00:00
188,79968,79968,EOM,47.752,47.752,,,47.752,2019-01-23 16:00:00,2019-01-23 15:00:00,germany_mc_base_case_2019,79968,79968,2019-01-23 15:00:00
189,80228,80228,EOM,45.938,45.938,,,45.938,2019-01-23 17:00:00,2019-01-23 16:00:00,germany_mc_base_case_2019,80228,80228,2019-01-23 16:00:00
190,83470,83470,EOM,56.538,56.538,,,56.538,2019-01-23 18:00:00,2019-01-23 17:00:00,germany_mc_base_case_2019,83470,83470,2019-01-23 17:00:00
191,84218,84218,EOM,59.065,59.065,,,59.065,2019-01-23 19:00:00,2019-01-23 18:00:00,germany_mc_base_case_2019,84218,84218,2019-01-23 18:00:00
192,81848,81848,EOM,51.31,51.31,,,51.31,2019-01-23 20:00:00,2019-01-23 19:00:00,germany_mc_base_case_2019,81848,81848,2019-01-23 19:00:00
193,77719,77719,EOM,45.355,45.355,,,45.355,2019-01-23 21:00:00,2019-01-23 20:00:00,germany_mc_base_case_2019,77719,77719,2019-01-23 20:00:00
194,74043,74043,EOM,43.489,43.489,,,43.489,2019-01-23 22:00:00,2019-01-23 21:00:00,germany_mc_base_case_2019,74043,74043,2019-01-23 21:00:00
195,73603,73603,EOM,42.691,42.691,,,42.691,2019-01-23 23:00:00,2019-01-23 22:00:00,germany_mc_base_case_2019,73603,73603,2019-01-23 22:00:00
196,70082,70082,EOM,41.72,41.72,,,41.72,2019-01-24 00:00:00,2019-01-23 23:00:00,germany_mc_base_case_2019,70082,70082,2019-01-23 23:00:00
197,68146,68146,EOM,39.171,39.171,,,39.171,2019-01-24 01:00:00,2019-01-24 00:00:00,germany_mc_base_case_2019,68146,68146,2019-01-24 00:00:00
198,66942,66942,EOM,37.749,37.749,,,37.749,2019-01-24 02:00:00,2019-01-24 01:00:00,germany_mc_base_case_2019,66942,66942,2019-01-24 01:00:00
199,65381,65381,EOM,37.536,37.536,,,37.536,2019-01-24 03:00:00,2019-01-24 02:00:00,germany_mc_base_case_2019,65381,65381,2019-01-24 02:00:00
200,65758,65758,EOM,37.556,37.556,,,37.556,2019-01-24 04:00:00,2019-01-24 03:00:00,germany_mc_base_case_2019,65758,65758,2019-01-24 03:00:00
201,65103,65103,EOM,37.577,37.577,,,37.577,2019-01-24 05:00:00,2019-01-24 04:00:00,germany_mc_base_case_2019,65103,65103,2019-01-24 04:00:00
202,66629,66629,EOM,38.588,38.588,,,38.588,2019-01-24 06:00:00,2019-01-24 05:00:00,germany_mc_base_case_2019,66629,66629,2019-01-24 05:00:00
203,70237,70237,EOM,42.755,42.755,,,42.755,2019-01-24 07:00:00,2019-01-24 06:00:00,germany_mc_base_case_2019,70237,70237,2019-01-24 06:00:00
204,75507,75507,EOM,47.44,47.44,,,47.44,2019-01-24 08:00:00,2019-01-24 07:00:00,germany_mc_base_case_2019,75507,75507,2019-01-24 07:00:00
205,78156,78156,EOM,54.87,54.87,,,54.87,2019-01-24 09:00:00,2019-01-24 08:00:00,germany_mc_base_case_2019,78156,78156,2019-01-24 08:00:00
206,78613,78613,EOM,54.88,54.88,,,54.88,2019-01-24 10:00:00,2019-01-24 09:00:00,germany_mc_base_case_2019,78613,78613,2019-01-24 09:00:00
207,78548,78548,EOM,54.287,54.287,,,54.287,2019-01-24 11:00:00,2019-01-24 10:00:00,germany_mc_base_case_2019,78548,78548,2019-01-24 10:00:00
208,79348,79348,EOM,48.743,48.743,,,48.743,2019-01-24 12:00:00,2019-01-24 11:00:00,germany_mc_base_case_2019,79348,79348,2019-01-24 11:00:00
209,80315,80315,EOM,48.497,48.497,,,48.497,2019-01-24 13:00:00,2019-01-24 12:00:00,germany_mc_base_case_2019,80315,80315,2019-01-24 12:00:00
210,79891,79891,EOM,48.796,48.796,,,48.796,2019-01-24 14:00:00,2019-01-24 13:00:00,germany_mc_base_case_2019,79891,79891,2019-01-24 13:00:00
211,78169,78169,EOM,48.823,48.823,,,48.823,2019-01-24 15:00:00,2019-01-24 14:00:00,germany_mc_base_case_2019,78169,78169,2019-01-24 14:00:00
212,76817,76817,EOM,47.648,47.648,,,47.648,2019-01-24 16:00:00,2019-01-24 15:00:00,germany_mc_base_case_2019,76817,76817,2019-01-24 15:00:00
213,76986,76986,EOM,51.48,51.48,,,51.48,2019-01-24 17:00:00,2019-01-24 16:00:00,germany_mc_base_case_2019,76986,76986,2019-01-24 16:00:00
214,79310,79310,EOM,58.711,58.711,,,58.711,2019-01-24 18:00:00,2019-01-24 17:00:00,germany_mc_base_case_2019,79310,79310,2019-01-24 17:00:00
215,80043,80043,EOM,56.095,56.095,,,56.095,2019-01-24 19:00:00,2019-01-24 18:00:00,germany_mc_base_case_2019,80043,80043,2019-01-24 18:00:00
216,78002,78002,EOM,54.133,54.133,,,54.133,2019-01-24 20:00:00,2019-01-24 19:00:00,germany_mc_base_case_2019,78002,78002,2019-01-24 19:00:00
217,73177,73177,EOM,45.658,45.658,,,45.658,2019-01-24 21:00:00,2019-01-24 20:00:00,germany_mc_base_case_2019,73177,73177,2019-01-24 20:00:00
218,70147,70147,EOM,43.966,43.966,,,43.966,2019-01-24 22:00:00,2019-01-24 21:00:00,germany_mc_base_case_2019,70147,70147,2019-01-24 21:00:00
219,68639,68639,EOM,42.917,42.917,,,42.917,2019-01-24 23:00:00,2019-01-24 22:00:00,germany_mc_base_case_2019,68639,68639,2019-01-24 22:00:00
220,66135,66135,EOM,41.525,41.525,,,41.525,2019-01-25 00:00:00,2019-01-24 23:00:00,germany_mc_base_case_2019,66135,66135,2019-01-24 23:00:00
221,65090,65090,EOM,40.03,40.03,,,40.03,2019-01-25 01:00:00,2019-01-25 00:00:00,germany_mc_base_case_2019,65090,65090,2019-01-25 00:00:00
222,64191,64191,EOM,39.657,39.657,,,39.657,2019-01-25 02:00:00,2019-01-25 01:00:00,germany_mc_base_case_2019,64191,64191,2019-01-25 01:00:00
223,64344,64344,EOM,38.946,38.946,,,38.946,2019-01-25 03:00:00,2019-01-25 02:00:00,germany_mc_base_case_2019,64344,64344,2019-01-25 02:00:00
224,64513,64513,EOM,38.933,38.933,,,38.933,2019-01-25 04:00:00,2019-01-25 03:00:00,germany_mc_base_case_2019,64513,64513,2019-01-25 03:00:00
225,62459,62459,EOM,38.92,38.92,,,38.92,2019-01-25 05:00:00,2019-01-25 04:00:00,germany_mc_base_case_2019,62459,62459,2019-01-25 04:00:00
226,65203,65203,EOM,41.464,41.464,,,41.464,2019-01-25 06:00:00,2019-01-25 05:00:00,germany_mc_base_case_2019,65203,65203,2019-01-25 05:00:00
227,68744,68744,EOM,43.073,43.073,,,43.073,2019-01-25 07:00:00,2019-01-25 06:00:00,germany_mc_base_case_2019,68744,68744,2019-01-25 06:00:00
228,75266,75266,EOM,47.59,47.59,,,47.59,2019-01-25 08:00:00,2019-01-25 07:00:00,germany_mc_base_case_2019,75266,75266,2019-01-25 07:00:00
229,77309,77309,EOM,53.792,53.792,,,53.792,2019-01-25 09:00:00,2019-01-25 08:00:00,germany_mc_base_case_2019,77309,77309,2019-01-25 08:00:00
230,78719,78719,EOM,54.107,54.107,,,54.107,2019-01-25 10:00:00,2019-01-25 09:00:00,germany_mc_base_case_2019,78719,78719,2019-01-25 09:00:00
231,79627,79627,EOM,54.597,54.597,,,54.597,2019-01-25 11:00:00,2019-01-25 10:00:00,germany_mc_base_case_2019,79627,79627,2019-01-25 10:00:00
232,80231,80231,EOM,50.157,50.157,,,50.157,2019-01-25 12:00:00,2019-01-25 11:00:00,germany_mc_base_case_2019,80231,80231,2019-01-25 11:00:00
233,79164,79164,EOM,45.557,45.557,,,45.557,2019-01-25 13:00:00,2019-01-25 12:00:00,germany_mc_base_case_2019,79164,79164,2019-01-25 12:00:00
234,79862,79862,EOM,44.498,44.498,,,44.498,2019-01-25 14:00:00,2019-01-25 13:00:00,germany_mc_base_case_2019,79862,79862,2019-01-25 13:00:00
235,79059,79059,EOM,43.706,43.706,,,43.706,2019-01-25 15:00:00,2019-01-25 14:00:00,germany_mc_base_case_2019,79059,79059,2019-01-25 14:00:00
236,78964,78964,EOM,43.691,43.691,,,43.691,2019-01-25 16:00:00,2019-01-25 15:00:00,germany_mc_base_case_2019,78964,78964,2019-01-25 15:00:00
237,79595,79595,EOM,43.675,43.675,,,43.675,2019-01-25 17:00:00,2019-01-25 16:00:00,germany_mc_base_case_2019,79595,79595,2019-01-25 16:00:00
238,81326,81326,EOM,44.662,44.662,,,44.662,2019-01-25 18:00:00,2019-01-25 17:00:00,germany_mc_base_case_2019,81326,81326,2019-01-25 17:00:00
239,83539,83539,EOM,44.419,44.419,,,44.419,2019-01-25 19:00:00,2019-01-25 18:00:00,germany_mc_base_case_2019,83539,83539,2019-01-25 18:00:00
240,83895,83895,EOM,43.627,43.627,,,43.627,2019-01-25 20:00:00,2019-01-25 19:00:00,germany_mc_base_case_2019,83895,83895,2019-01-25 19:00:00
241,82193,82193,EOM,42.654,42.654,,,42.654,2019-01-25 21:00:00,2019-01-25 20:00:00,germany_mc_base_case_2019,82193,82193,2019-01-25 20:00:00
242,80240,80240,EOM,41.924,41.924,,,41.924,2019-01-25 22:00:00,2019-01-25 21:00:00,germany_mc_base_case_2019,80240,80240,2019-01-25 21:00:00
243,77239,77239,EOM,39.727,39.727,,,39.727,2019-01-25 23:00:00,2019-01-25 22:00:00,germany_mc_base_case_2019,77239,77239,2019-01-25 22:00:00
244,74422,74422,EOM,37.513,37.513,,,37.513,2019-01-26 00:00:00,2019-01-25 23:00:00,germany_mc_base_case_2019,74422,74422,2019-01-25 23:00:00
245,71759,71759,EOM,35.167,35.167,,,35.167,2019-01-26 01:00:00,2019-01-26 00:00:00,germany_mc_base_case_2019,71759,71759,2019-01-26 00:00:00
246,68411,68411,EOM,31.435,31.435,,,31.435,2019-01-26 02:00:00,2019-01-26 01:00:00,germany_mc_base_case_2019,68411,68411,2019-01-26 01:00:00
247,67095,67095,EOM,30.878,30.878,,,30.878,2019-01-26 03:00:00,2019-01-26 02:00:00,germany_mc_base_case_2019,67095,67095,2019-01-26 02:00:00
248,66688,66688,EOM,29.88,29.88,,,29.88,2019-01-26 04:00:00,2019-01-26 03:00:00,germany_mc_base_case_2019,66688,66688,2019-01-26 03:00:00
249,65992,65992,EOM,30.694,30.694,,,30.694,2019-01-26 05:00:00,2019-01-26 04:00:00,germany_mc_base_case_2019,65992,65992,2019-01-26 04:00:00
250,66434,66434,EOM,31.926,31.926,,,31.926,2019-01-26 06:00:00,2019-01-26 05:00:00,germany_mc_base_case_2019,66434,66434,2019-01-26 05:00:00
251,67337,67337,EOM,32.573,32.573,,,32.573,2019-01-26 07:00:00,2019-01-26 06:00:00,germany_mc_base_case_2019,67337,67337,2019-01-26 06:00:00
252,69923,69923,EOM,33.428,33.428,,,33.428,2019-01-26 08:00:00,2019-01-26 07:00:00,germany_mc_base_case_2019,69923,69923,2019-01-26 07:00:00
253,74313,74313,EOM,37.558,37.558,,,37.558,2019-01-26 09:00:00,2019-01-26 08:00:00,germany_mc_base_case_2019,74313,74313,2019-01-26 08:00:00
254,75968,75968,EOM,40.306,40.306,,,40.306,2019-01-26 10:00:00,2019-01-26 09:00:00,germany_mc_base_case_2019,75968,75968,2019-01-26 09:00:00
255,77339,77339,EOM,38.519,38.519,,,38.519,2019-01-26 11:00:00,2019-01-26 10:00:00,germany_mc_base_case_2019,77339,77339,2019-01-26 10:00:00
256,77820,77820,EOM,37.517,37.517,,,37.517,2019-01-26 12:00:00,2019-01-26 11:00:00,germany_mc_base_case_2019,77820,77820,2019-01-26 11:00:00
257,77024,77024,EOM,37.344,37.344,,,37.344,2019-01-26 13:00:00,2019-01-26 12:00:00,germany_mc_base_case_2019,77024,77024,2019-01-26 12:00:00
258,75801,75801,EOM,36.478,36.478,,,36.478,2019-01-26 14:00:00,2019-01-26 13:00:00,germany_mc_base_case_2019,75801,75801,2019-01-26 13:00:00
259,73751,73751,EOM,34.895,34.895,,,34.895,2019-01-26 15:00:00,2019-01-26 14:00:00,germany_mc_base_case_2019,73751,73751,2019-01-26 14:00:00
260,72160,72160,EOM,33.28,33.28,,,33.28,2019-01-26 16:00:00,2019-01-26 15:00:00,germany_mc_base_case_2019,72160,72160,2019-01-26 15:00:00
261,72482,72482,EOM,33.173,33.173,,,33.173,2019-01-26 17:00:00,2019-01-26 16:00:00,germany_mc_base_case_2019,72482,72482,2019-01-26 16:00:00
262,75829,75829,EOM,36.425,36.425,,,36.425,2019-01-26 18:00:00,2019-01-26 17:00:00,germany_mc_base_case_2019,75829,75829,2019-01-26 17:00:00
263,77126,77126,EOM,36.411,36.411,,,36.411,2019-01-26 19:00:00,2019-01-26 18:00:00,germany_mc_base_case_2019,77126,77126,2019-01-26 18:00:00
264,76351,76351,EOM,33.936,33.936,,,33.936,2019-01-26 20:00:00,2019-01-26 19:00:00,germany_mc_base_case_2019,76351,76351,2019-01-26 19:00:00
265,73940,73940,EOM,31.03,31.03,,,31.03,2019-01-26 21:00:00,2019-01-26 20:00:00,germany_mc_base_case_2019,73940,73940,2019-01-26 20:00:00
266,71235,71235,EOM,28.948,28.948,,,28.948,2019-01-26 22:00:00,2019-01-26 21:00:00,germany_mc_base_case_2019,71235,71235,2019-01-26 21:00:00
267,70953,70953,EOM,28.848,28.848,,,28.848,2019-01-26 23:00:00,2019-01-26 22:00:00,germany_mc_base_case_2019,70953,70953,2019-01-26 22:00:00
268,67882,67882,EOM,27.329,27.329,,,27.329,2019-01-27 00:00:00,2019-01-26 23:00:00,germany_mc_base_case_2019,67882,67882,2019-01-26 23:00:00
269,63648,63648,EOM,22.364,22.364,,,22.364,2019-01-27 01:00:00,2019-01-27 00:00:00,germany_mc_base_case_2019,63648,63648,2019-01-27 00:00:00
270,62538,62538,EOM,19.791,19.791,,,19.791,2019-01-27 02:00:00,2019-01-27 01:00:00,germany_mc_base_case_2019,62538,62538,2019-01-27 01:00:00
271,61086,61086,EOM,18.296,18.296,,,18.296,2019-01-27 03:00:00,2019-01-27 02:00:00,germany_mc_base_case_2019,61086,61086,2019-01-27 02:00:00
272,58996,58996,EOM,15.042,15.042,,,15.042,2019-01-27 04:00:00,2019-01-27 03:00:00,germany_mc_base_case_2019,58996,58996,2019-01-27 03:00:00
273,58370,58370,EOM,13.943,13.943,,,13.943,2019-01-27 05:00:00,2019-01-27 04:00:00,germany_mc_base_case_2019,58370,58370,2019-01-27 04:00:00
274,58611,58611,EOM,28.346,28.346,,,28.346,2019-01-27 06:00:00,2019-01-27 05:00:00,germany_mc_base_case_2019,58611,58611,2019-01-27 05:00:00
275,58206,58206,EOM,28.33,28.33,,,28.33,2019-01-27 07:00:00,2019-01-27 06:00:00,germany_mc_base_case_2019,58206,58206,2019-01-27 06:00:00
276,60353,60353,EOM,28.904,28.904,,,28.904,2019-01-27 08:00:00,2019-01-27 07:00:00,germany_mc_base_case_2019,60353,60353,2019-01-27 07:00:00
277,63488,63488,EOM,30.823,30.823,,,30.823,2019-01-27 09:00:00,2019-01-27 08:00:00,germany_mc_base_case_2019,63488,63488,2019-01-27 08:00:00
278,67379,67379,EOM,35.637,35.637,,,35.637,2019-01-27 10:00:00,2019-01-27 09:00:00,germany_mc_base_case_2019,67379,67379,2019-01-27 09:00:00
279,70468,70468,EOM,32.154,32.154,,,32.154,2019-01-27 11:00:00,2019-01-27 10:00:00,germany_mc_base_case_2019,70468,70468,2019-01-27 10:00:00
280,72756,72756,EOM,33.634,33.634,,,33.634,2019-01-27 12:00:00,2019-01-27 11:00:00,germany_mc_base_case_2019,72756,72756,2019-01-27 11:00:00
281,73733,73733,EOM,36.18,36.18,,,36.18,2019-01-27 13:00:00,2019-01-27 12:00:00,germany_mc_base_case_2019,73733,73733,2019-01-27 12:00:00
282,69638,69638,EOM,32.1,32.1,,,32.1,2019-01-27 14:00:00,2019-01-27 13:00:00,germany_mc_base_case_2019,69638,69638,2019-01-27 13:00:00
283,67344,67344,EOM,32.082,32.082,,,32.082,2019-01-27 15:00:00,2019-01-27 14:00:00,germany_mc_base_case_2019,67344,67344,2019-01-27 14:00:00
284,65533,65533,EOM,32.064,32.064,,,32.064,2019-01-27 16:00:00,2019-01-27 15:00:00,germany_mc_base_case_2019,65533,65533,2019-01-27 15:00:00
285,66620,66620,EOM,36.127,36.127,,,36.127,2019-01-27 17:00:00,2019-01-27 16:00:00,germany_mc_base_case_2019,66620,66620,2019-01-27 16:00:00
286,71236,71236,EOM,41.174,41.174,,,41.174,2019-01-27 18:00:00,2019-01-27 17:00:00,germany_mc_base_case_2019,71236,71236,2019-01-27 17:00:00
287,75216,75216,EOM,41.962,41.962,,,41.962,2019-01-27 19:00:00,2019-01-27 18:00:00,germany_mc_base_case_2019,75216,75216,2019-01-27 18:00:00
288,75408,75408,EOM,41.246,41.246,,,41.246,2019-01-27 20:00:00,2019-01-27 19:00:00,germany_mc_base_case_2019,75408,75408,2019-01-27 19:00:00
289,73683,73683,EOM,40.554,40.554,,,40.554,2019-01-27 21:00:00,2019-01-27 20:00:00,germany_mc_base_case_2019,73683,73683,2019-01-27 20:00:00
290,70910,70910,EOM,37.066,37.066,,,37.066,2019-01-27 22:00:00,2019-01-27 21:00:00,germany_mc_base_case_2019,70910,70910,2019-01-27 21:00:00
291,70847,70847,EOM,37.053,37.053,,,37.053,2019-01-27 23:00:00,2019-01-27 22:00:00,germany_mc_base_case_2019,70847,70847,2019-01-27 22:00:00
292,68389,68389,EOM,36.494,36.494,,,36.494,2019-01-28 00:00:00,2019-01-27 23:00:00,germany_mc_base_case_2019,68389,68389,2019-01-27 23:00:00
293,65702,65702,EOM,34.158,34.158,,,34.158,2019-01-28 01:00:00,2019-01-28 00:00:00,germany_mc_base_case_2019,65702,65702,2019-01-28 00:00:00
294,64301,64301,EOM,32.631,32.631,,,32.631,2019-01-28 02:00:00,2019-01-28 01:00:00,germany_mc_base_case_2019,64301,64301,2019-01-28 01:00:00
295,59865,59865,EOM,30.023,30.023,,,30.023,2019-01-28 03:00:00,2019-01-28 02:00:00,germany_mc_base_case_2019,59865,59865,2019-01-28 02:00:00
296,59822,59822,EOM,29.022,29.022,,,29.022,2019-01-28 04:00:00,2019-01-28 03:00:00,germany_mc_base_case_2019,59822,59822,2019-01-28 03:00:00
297,61718,61718,EOM,32.035,32.035,,,32.035,2019-01-28 05:00:00,2019-01-28 04:00:00,germany_mc_base_case_2019,61718,61718,2019-01-28 04:00:00
298,65648,65648,EOM,37.124,37.124,,,37.124,2019-01-28 06:00:00,2019-01-28 05:00:00,germany_mc_base_case_2019,65648,65648,2019-01-28 05:00:00
299,74261,74261,EOM,49.23,49.23,,,49.23,2019-01-28 07:00:00,2019-01-28 06:00:00,germany_mc_base_case_2019,74261,74261,2019-01-28 06:00:00
300,80226,80226,EOM,46.829,46.829,,,46.829,2019-01-28 08:00:00,2019-01-28 07:00:00,germany_mc_base_case_2019,80226,80226,2019-01-28 07:00:00
301,85095,85095,EOM,59.296,59.296,,,59.296,2019-01-28 09:00:00,2019-01-28 08:00:00,germany_mc_base_case_2019,85095,85095,2019-01-28 08:00:00
302,86451,86451,EOM,48.056,48.056,,,48.056,2019-01-28 10:00:00,2019-01-28 09:00:00,germany_mc_base_case_2019,86451,86451,2019-01-28 09:00:00
303,87020,87020,EOM,44.819,44.819,,,44.819,2019-01-28 11:00:00,2019-01-28 10:00:00,germany_mc_base_case_2019,87020,87020,2019-01-28 10:00:00
304,87714,87714,EOM,44.039,44.039,,,44.039,2019-01-28 12:00:00,2019-01-28 11:00:00,germany_mc_base_case_2019,87714,87714,2019-01-28 11:00:00
305,87677,87677,EOM,43.072,43.072,,,43.072,2019-01-28 13:00:00,2019-01-28 12:00:00,germany_mc_base_case_2019,87677,87677,2019-01-28 12:00:00
306,87276,87276,EOM,42.987,42.987,,,42.987,2019-01-28 14:00:00,2019-01-28 13:00:00,germany_mc_base_case_2019,87276,87276,2019-01-28 13:00:00
307,86085,86085,EOM,42.171,42.171,,,42.171,2019-01-28 15:00:00,2019-01-28 14:00:00,germany_mc_base_case_2019,86085,86085,2019-01-28 14:00:00
308,84660,84660,EOM,42.193,42.193,,,42.193,2019-01-28 16:00:00,2019-01-28 15:00:00,germany_mc_base_case_2019,84660,84660,2019-01-28 15:00:00
309,85149,85149,EOM,42.421,42.421,,,42.421,2019-01-28 17:00:00,2019-01-28 16:00:00,germany_mc_base_case_2019,85149,85149,2019-01-28 16:00:00
310,86113,86113,EOM,43.95,43.95,,,43.95,2019-01-28 18:00:00,2019-01-28 17:00:00,germany_mc_base_case_2019,86113,86113,2019-01-28 17:00:00
311,86276,86276,EOM,44.197,44.197,,,44.197,2019-01-28 19:00:00,2019-01-28 18:00:00,germany_mc_base_case_2019,86276,86276,2019-01-28 18:00:00
312,84885,84885,EOM,43.335,43.335,,,43.335,2019-01-28 20:00:00,2019-01-28 19:00:00,germany_mc_base_case_2019,84885,84885,2019-01-28 19:00:00
313,81788,81788,EOM,42.3,42.3,,,42.3,2019-01-28 21:00:00,2019-01-28 20:00:00,germany_mc_base_case_2019,81788,81788,2019-01-28 20:00:00
314,79131,79131,EOM,41.613,41.613,,,41.613,2019-01-28 22:00:00,2019-01-28 21:00:00,germany_mc_base_case_2019,79131,79131,2019-01-28 21:00:00
315,77577,77577,EOM,40.949,40.949,,,40.949,2019-01-28 23:00:00,2019-01-28 22:00:00,germany_mc_base_case_2019,77577,77577,2019-01-28 22:00:00
316,75111,75111,EOM,37.46,37.46,,,37.46,2019-01-29 00:00:00,2019-01-28 23:00:00,germany_mc_base_case_2019,75111,75111,2019-01-28 23:00:00
317,71508,71508,EOM,36.456,36.456,,,36.456,2019-01-29 01:00:00,2019-01-29 00:00:00,germany_mc_base_case_2019,71508,71508,2019-01-29 00:00:00
318,69664,69664,EOM,34.1,34.1,,,34.1,2019-01-29 02:00:00,2019-01-29 01:00:00,germany_mc_base_case_2019,69664,69664,2019-01-29 01:00:00
319,69035,69035,EOM,33.351,33.351,,,33.351,2019-01-29 03:00:00,2019-01-29 02:00:00,germany_mc_base_case_2019,69035,69035,2019-01-29 02:00:00
320,69430,69430,EOM,34.068,34.068,,,34.068,2019-01-29 04:00:00,2019-01-29 03:00:00,germany_mc_base_case_2019,69430,69430,2019-01-29 03:00:00
321,70447,70447,EOM,36.416,36.416,,,36.416,2019-01-29 05:00:00,2019-01-29 04:00:00,germany_mc_base_case_2019,70447,70447,2019-01-29 04:00:00
322,74430,74430,EOM,40.922,40.922,,,40.922,2019-01-29 06:00:00,2019-01-29 05:00:00,germany_mc_base_case_2019,74430,74430,2019-01-29 05:00:00
323,79248,79248,EOM,45.052,45.052,,,45.052,2019-01-29 07:00:00,2019-01-29 06:00:00,germany_mc_base_case_2019,79248,79248,2019-01-29 06:00:00
324,82100,82100,EOM,52.752,52.752,,,52.752,2019-01-29 08:00:00,2019-01-29 07:00:00,germany_mc_base_case_2019,82100,82100,2019-01-29 07:00:00
325,83510,83510,EOM,54.548,54.548,,,54.548,2019-01-29 09:00:00,2019-01-29 08:00:00,germany_mc_base_case_2019,83510,83510,2019-01-29 08:00:00
326,82580,82580,EOM,53.077,53.077,,,53.077,2019-01-29 10:00:00,2019-01-29 09:00:00,germany_mc_base_case_2019,82580,82580,2019-01-29 09:00:00
327,84258,84258,EOM,52.657,52.657,,,52.657,2019-01-29 11:00:00,2019-01-29 10:00:00,germany_mc_base_case_2019,84258,84258,2019-01-29 10:00:00
328,83609,83609,EOM,44.185,44.185,,,44.185,2019-01-29 12:00:00,2019-01-29 11:00:00,germany_mc_base_case_2019,83609,83609,2019-01-29 11:00:00
329,84079,84079,EOM,44.173,44.173,,,44.173,2019-01-29 13:00:00,2019-01-29 12:00:00,germany_mc_base_case_2019,84079,84079,2019-01-29 12:00:00
330,83875,83875,EOM,44.965,44.965,,,44.965,2019-01-29 14:00:00,2019-01-29 13:00:00,germany_mc_base_case_2019,83875,83875,2019-01-29 13:00:00
331,83183,83183,EOM,47.037,47.037,,,47.037,2019-01-29 15:00:00,2019-01-29 14:00:00,germany_mc_base_case_2019,83183,83183,2019-01-29 14:00:00
332,81543,81543,EOM,52.713,52.713,,,52.713,2019-01-29 16:00:00,2019-01-29 15:00:00,germany_mc_base_case_2019,81543,81543,2019-01-29 15:00:00
333,78934,78934,EOM,52.732,52.732,,,52.732,2019-01-29 17:00:00,2019-01-29 16:00:00,germany_mc_base_case_2019,78934,78934,2019-01-29 16:00:00
334,81871,81871,EOM,56.005,56.005,,,56.005,2019-01-29 18:00:00,2019-01-29 17:00:00,germany_mc_base_case_2019,81871,81871,2019-01-29 17:00:00
335,83739,83739,EOM,54.654,54.654,,,54.654,2019-01-29 19:00:00,2019-01-29 18:00:00,germany_mc_base_case_2019,83739,83739,2019-01-29 18:00:00
336,82599,82599,EOM,49.403,49.403,,,49.403,2019-01-29 20:00:00,2019-01-29 19:00:00,germany_mc_base_case_2019,82599,82599,2019-01-29 19:00:00
337,81744,81744,EOM,44.876,44.876,,,44.876,2019-01-29 21:00:00,2019-01-29 20:00:00,germany_mc_base_case_2019,81744,81744,2019-01-29 20:00:00
338,78672,78672,EOM,44.062,44.062,,,44.062,2019-01-29 22:00:00,2019-01-29 21:00:00,germany_mc_base_case_2019,78672,78672,2019-01-29 21:00:00
339,77491,77491,EOM,43.826,43.826,,,43.826,2019-01-29 23:00:00,2019-01-29 22:00:00,germany_mc_base_case_2019,77491,77491,2019-01-29 22:00:00
340,73566,73566,EOM,41.399,41.399,,,41.399,2019-01-30 00:00:00,2019-01-29 23:00:00,germany_mc_base_case_2019,73566,73566,2019-01-29 23:00:00
341,70546,70546,EOM,37.37,37.37,,,37.37,2019-01-30 01:00:00,2019-01-30 00:00:00,germany_mc_base_case_2019,70546,70546,2019-01-30 00:00:00
342,68885,68885,EOM,37.191,37.191,,,37.191,2019-01-30 02:00:00,2019-01-30 01:00:00,germany_mc_base_case_2019,68885,68885,2019-01-30 01:00:00
343,67194,67194,EOM,36.165,36.165,,,36.165,2019-01-30 03:00:00,2019-01-30 02:00:00,germany_mc_base_case_2019,67194,67194,2019-01-30 02:00:00
344,66540,66540,EOM,34.368,34.368,,,34.368,2019-01-30 04:00:00,2019-01-30 03:00:00,germany_mc_base_case_2019,66540,66540,2019-01-30 03:00:00
345,68110,68110,EOM,36.12,36.12,,,36.12,2019-01-30 05:00:00,2019-01-30 04:00:00,germany_mc_base_case_2019,68110,68110,2019-01-30 04:00:00
346,72628,72628,EOM,37.241,37.241,,,37.241,2019-01-30 06:00:00,2019-01-30 05:00:00,germany_mc_base_case_2019,72628,72628,2019-01-30 05:00:00
347,79761,79761,EOM,43.63,43.63,,,43.63,2019-01-30 07:00:00,2019-01-30 06:00:00,germany_mc_base_case_2019,79761,79761,2019-01-30 06:00:00
348,84220,84220,EOM,49.11,49.11,,,49.11,2019-01-30 08:00:00,2019-01-30 07:00:00,germany_mc_base_case_2019,84220,84220,2019-01-30 07:00:00
0,85438,85438,EOM,47.839,47.839,,,47.839,2019-01-30 09:00:00,2019-01-30 08:00:00,germany_mc_base_case_2019,85438,85438,2019-01-30 08:00:00
1,86674,86674,EOM,44.918,44.918,,,44.918,2019-01-30 10:00:00,2019-01-30 09:00:00,germany_mc_base_case_2019,86674,86674,2019-01-30 09:00:00
2,87383,87383,EOM,44.539,44.539,,,44.539,2019-01-30 11:00:00,2019-01-30 10:00:00,germany_mc_base_case_2019,87383,87383,2019-01-30 10:00:00
3,87930,87930,EOM,43.493,43.493,,,43.493,2019-01-30 12:00:00,2019-01-30 11:00:00,germany_mc_base_case_2019,87930,87930,2019-01-30 11:00:00
4,89486,89486,EOM,42.814,42.814,,,42.814,2019-01-30 13:00:00,2019-01-30 12:00:00,germany_mc_base_case_2019,89486,89486,2019-01-30 12:00:00
5,88996,88996,EOM,42.68,42.68,,,42.68,2019-01-30 14:00:00,2019-01-30 13:00:00,germany_mc_base_case_2019,88996,88996,2019-01-30 13:00:00
6,88768,88768,EOM,44.426,44.426,,,44.426,2019-01-30 15:00:00,2019-01-30 14:00:00,germany_mc_base_case_2019,88768,88768,2019-01-30 14:00:00
7,86665,86665,EOM,44.398,44.398,,,44.398,2019-01-30 16:00:00,2019-01-30 15:00:00,germany_mc_base_case_2019,86665,86665,2019-01-30 15:00:00
8,85811,85811,EOM,46.426,46.426,,,46.426,2019-01-30 17:00:00,2019-01-30 16:00:00,germany_mc_base_case_2019,85811,85811,2019-01-30 16:00:00
9,88021,88021,EOM,46.397,46.397,,,46.397,2019-01-30 18:00:00,2019-01-30 17:00:00,germany_mc_base_case_2019,88021,88021,2019-01-30 17:00:00
10,89259,89259,EOM,48.767,48.767,,,48.767,2019-01-30 19:00:00,2019-01-30 18:00:00,germany_mc_base_case_2019,89259,89259,2019-01-30 18:00:00
11,86623,86623,EOM,43.493,43.493,,,43.493,2019-01-30 20:00:00,2019-01-30 19:00:00,germany_mc_base_case_2019,86623,86623,2019-01-30 19:00:00
12,82701,82701,EOM,43.244,43.244,,,43.244,2019-01-30 21:00:00,2019-01-30 20:00:00,germany_mc_base_case_2019,82701,82701,2019-01-30 20:00:00
13,80719,80719,EOM,43.217,43.217,,,43.217,2019-01-30 22:00:00,2019-01-30 21:00:00,germany_mc_base_case_2019,80719,80719,2019-01-30 21:00:00
14,78088,78088,EOM,42.33,42.33,,,42.33,2019-01-30 23:00:00,2019-01-30 22:00:00,germany_mc_base_case_2019,78088,78088,2019-01-30 22:00:00
15,72800,72800,EOM,40.114,40.114,,,40.114,2019-01-31 00:00:00,2019-01-30 23:00:00,germany_mc_base_case_2019,72800,72800,2019-01-30 23:00:00
16,71346,71346,EOM,39.355,39.355,,,39.355,2019-01-31 01:00:00,2019-01-31 00:00:00,germany_mc_base_case_2019,71346,71346,2019-01-31 00:00:00
17,68094,68094,EOM,36.651,36.651,,,36.651,2019-01-31 02:00:00,2019-01-31 01:00:00,germany_mc_base_case_2019,68094,68094,2019-01-31 01:00:00
18,66777,66777,EOM,36.642,36.642,,,36.642,2019-01-31 03:00:00,2019-01-31 02:00:00,germany_mc_base_case_2019,66777,66777,2019-01-31 02:00:00
19,66645,66645,EOM,36.632,36.632,,,36.632,2019-01-31 04:00:00,2019-01-31 03:00:00,germany_mc_base_case_2019,66645,66645,2019-01-31 03:00:00
20,68592,68592,EOM,40.722,40.722,,,40.722,2019-01-31 05:00:00,2019-01-31 04:00:00,germany_mc_base_case_2019,68592,68592,2019-01-31 04:00:00
21,70985,70985,EOM,42.331,42.331,,,42.331,2019-01-31 06:00:00,2019-01-31 05:00:00,germany_mc_base_case_2019,70985,70985,2019-01-31 05:00:00
22,75552,75552,EOM,46.122,46.122,,,46.122,2019-01-31 07:00:00,2019-01-31 06:00:00,germany_mc_base_case_2019,75552,75552,2019-01-31 06:00:00
23,80231,80231,EOM,54.226,54.226,,,54.226,2019-01-31 08:00:00,2019-01-31 07:00:00,germany_mc_base_case_2019,80231,80231,2019-01-31 07:00:00
24,84093,84093,EOM,58.503,58.503,,,58.503,2019-01-31 09:00:00,2019-01-31 08:00:00,germany_mc_base_case_2019,84093,84093,2019-01-31 08:00:00
25,84977,84977,EOM,52.679,52.679,,,52.679,2019-01-31 10:00:00,2019-01-31 09:00:00,germany_mc_base_case_2019,84977,84977,2019-01-31 09:00:00
26,85940,85940,EOM,48.458,48.458,,,48.458,2019-01-31 11:00:00,2019-01-31 10:00:00,germany_mc_base_case_2019,85940,85940,2019-01-31 10:00:00
27,87163,87163,EOM,46.062,46.062,,,46.062,2019-01-31 12:00:00,2019-01-31 11:00:00,germany_mc_base_case_2019,87163,87163,2019-01-31 11:00:00
28,86539,86539,EOM,46.051,46.051,,,46.051,2019-01-31 13:00:00,2019-01-31 12:00:00,germany_mc_base_case_2019,86539,86539,2019-01-31 12:00:00
29,84644,84644,EOM,43.999,43.999,,,43.999,2019-01-31 14:00:00,2019-01-31 13:00:00,germany_mc_base_case_2019,84644,84644,2019-01-31 13:00:00
30,81075,81075,EOM,43.202,43.202,,,43.202,2019-01-31 15:00:00,2019-01-31 14:00:00,germany_mc_base_case_2019,81075,81075,2019-01-31 14:00:00
31,79107,79107,EOM,48.395,48.395,,,48.395,2019-01-31 16:00:00,2019-01-31 15:00:00,germany_mc_base_case_2019,79107,79107,2019-01-31 15:00:00
32,78409,78409,EOM,54.127,54.127,,,54.127,2019-01-31 17:00:00,2019-01-31 16:00:00,germany_mc_base_case_2019,78409,78409,2019-01-31 16:00:00
33,81244,81244,EOM,56.091,56.091,,,56.091,2019-01-31 18:00:00,2019-01-31 17:00:00,germany_mc_base_case_2019,81244,81244,2019-01-31 17:00:00
34,82277,82277,EOM,54.898,54.898,,,54.898,2019-01-31 19:00:00,2019-01-31 18:00:00,germany_mc_base_case_2019,82277,82277,2019-01-31 18:00:00
35,80492,80492,EOM,45.829,45.829,,,45.829,2019-01-31 20:00:00,2019-01-31 19:00:00,germany_mc_base_case_2019,80492,80492,2019-01-31 19:00:00
36,80619,80619,EOM,42.915,42.915,,,42.915,2019-01-31 21:00:00,2019-01-31 20:00:00,germany_mc_base_case_2019,80619,80619,2019-01-31 20:00:00
37,79040,79040,EOM,41.433,41.433,,,41.433,2019-01-31 22:00:00,2019-01-31 21:00:00,germany_mc_base_case_2019,79040,79040,2019-01-31 21:00:00
38,77501,77501,EOM,40.531,40.531,,,40.531,2019-01-31 23:00:00,2019-01-31 22:00:00,germany_mc_base_case_2019,77501,77501,2019-01-31 22:00:00
39,74966,74966,EOM,36.442,36.442,,,36.442,2019-02-01 00:00:00,2019-01-31 23:00:00,germany_mc_base_case_2019,74966,74966,2019-01-31 23:00:00
