,demand_volume,demand_volume_energy,market_id,max_price,min_price,node,only_hours,price,product_end,product_start,simulation,supply_volume,supply_volume_energy,time
0,53217,53217,EOM,185.61,185.61,,,185.61,2019-01-01 02:00:00,2019-01-01 01:00:00,germany_un_base_case_2019,53217,53217,2019-01-01 01:00:00
1,51942,51942,EOM,171.59,171.59,,,171.59,2019-01-01 03:00:00,2019-01-01 02:00:00,germany_un_base_case_2019,51942,51942,2019-01-01 02:00:00
2,51194,51194,EOM,122,122,,,122,2019-01-01 04:00:00,2019-01-01 03:00:00,germany_un_base_case_2019,51194,51194,2019-01-01 03:00:00
3,51717,51717,EOM,94.103,94.103,,,94.103,2019-01-01 05:00:00,2019-01-01 04:00:00,germany_un_base_case_2019,51717,51717,2019-01-01 04:00:00
4,51817,51817,EOM,88.84,88.84,,,88.84,2019-01-01 06:00:00,2019-01-01 05:00:00,germany_un_base_case_2019,51817,51817,2019-01-01 05:00:00
5,52438,52438,EOM,55.481,55.481,,,55.481,2019-01-01 07:00:00,2019-01-01 06:00:00,germany_un_base_case_2019,52438,52438,2019-01-01 06:00:00
6,53722,53722,EOM,28.152,28.152,,,28.152,2019-01-01 08:00:00,2019-01-01 07:00:00,germany_un_base_case_2019,53722,53722,2019-01-01 07:00:00
7,54047,54047,EOM,26.544,26.544,,,26.544,2019-01-01 09:00:00,2019-01-01 08:00:00,germany_un_base_case_2019,54047,54047,2019-01-01 08:00:00
8,55917,55917,EOM,38.064,38.064,,,38.064,2019-01-01 10:00:00,2019-01-01 09:00:00,germany_un_base_case_2019,55917,55917,2019-01-01 09:00:00
9,59018,59018,EOM,17.67,17.67,,,17.67,2019-01-01 11:00:00,2019-01-01 10:00:00,germany_un_base_case_2019,59018,59018,2019-01-01 10:00:00
10,61965,61965,EOM,14.118,14.118,,,14.118,2019-01-01 12:00:00,2019-01-01 11:00:00,germany_un_base_case_2019,61965,61965,2019-01-01 11:00:00
11,62945,62945,EOM,14.229,14.229,,,14.229,2019-01-01 13:00:00,2019-01-01 12:00:00,germany_un_base_case_2019,62945,62945,2019-01-01 12:00:00
12,63177,63177,EOM,14.564,14.564,,,14.564,2019-01-01 14:00:00,2019-01-01 13:00:00,germany_un_base_case_2019,63177,63177,2019-01-01 13:00:00
13,63846,63846,EOM,30.37,30.37,,,30.37,2019-01-01 15:00:00,2019-01-01 14:00:00,germany_un_base_case_2019,63846,63846,2019-01-01 14:00:00
14,65128,65128,EOM,31.012,31.012,,,31.012,2019-01-01 16:00:00,2019-01-01 15:00:00,germany_un_base_case_2019,65128,65128,2019-01-01 15:00:00
15,66873,66873,EOM,32.617,32.617,,,32.617,2019-01-01 17:00:00,2019-01-01 16:00:00,germany_un_base_case_2019,66873,66873,2019-01-01 16:00:00
16,68969,68969,EOM,37.634,37.634,,,37.634,2019-01-01 18:00:00,2019-01-01 17:00:00,germany_un_base_case_2019,68969,68969,2019-01-01 17:00:00
17,68799,68799,EOM,37.641,37.641,,,37.641,2019-01-01 19:00:00,2019-01-01 18:00:00,germany_un_base_case_2019,68799,68799,2019-01-01 18:00:00
18,67438,67438,EOM,33.128,33.128,,,33.128,2019-01-01 20:00:00,2019-01-01 19:00:00,germany_un_base_case_2019,67438,67438,2019-01-01 19:00:00
19,65355,65355,EOM,30.831,30.831,,,30.831,2019-01-01 21:00:00,2019-01-01 20:00:00,germany_un_base_case_2019,65355,65355,2019-01-01 20:00:00
20,63300,63300,EOM,30.417,30.417,,,30.417,2019-01-01 22:00:00,2019-01-01 21:00:00,germany_un_base_case_2019,63300,63300,2019-01-01 21:00:00
21,61161,61161,EOM,14.294,14.294,,,14.294,2019-01-01 23:00:00,2019-01-01 22:00:00,germany_un_base_case_2019,61161,61161,2019-01-01 22:00:00
22,58708,58708,EOM,13.027,13.027,,,13.027,2019-01-02 00:00:00,2019-01-01 23:00:00,germany_un_base_case_2019,58708,58708,2019-01-01 23:00:00
23,56438,56438,EOM,13.027,13.027,,,13.027,2019-01-02 01:00:00,2019-01-02 00:00:00,germany_un_base_case_2019,56438,56438,2019-01-02 00:00:00
24,55218,55218,EOM,13.027,13.027,,,13.027,2019-01-02 02:00:00,2019-01-02 01:00:00,germany_un_base_case_2019,55218,55218,2019-01-02 01:00:00
25,55345,55345,EOM,13.027,13.027,,,13.027,2019-01-02 03:00:00,2019-01-02 02:00:00,germany_un_base_case_2019,55345,55345,2019-01-02 02:00:00
26,55976,55976,EOM,13.027,13.027,,,13.027,2019-01-02 04:00:00,2019-01-02 03:00:00,germany_un_base_case_2019,55976,55976,2019-01-02 03:00:00
27,56993,56993,EOM,30.082,30.082,,,30.082,2019-01-02 05:00:00,2019-01-02 04:00:00,germany_un_base_case_2019,56993,56993,2019-01-02 04:00:00
28,60064,60064,EOM,30.629,30.629,,,30.629,2019-01-02 06:00:00,2019-01-02 05:00:00,germany_un_base_case_2019,60064,60064,2019-01-02 05:00:00
29,65587,65587,EOM,38.343,38.343,,,38.343,2019-01-02 07:00:00,2019-01-02 06:00:00,germany_un_base_case_2019,65587,65587,2019-01-02 06:00:00
30,70632,70632,EOM,42.575,42.575,,,42.575,2019-01-02 08:00:00,2019-01-02 07:00:00,germany_un_base_case_2019,70632,70632,2019-01-02 07:00:00
31,72945,72945,EOM,44.092,44.092,,,44.092,2019-01-02 09:00:00,2019-01-02 08:00:00,germany_un_base_case_2019,72945,72945,2019-01-02 08:00:00
32,74850,74850,EOM,43.163,43.163,,,43.163,2019-01-02 10:00:00,2019-01-02 09:00:00,germany_un_base_case_2019,74850,74850,2019-01-02 09:00:00
33,76376,76376,EOM,43.093,43.093,,,43.093,2019-01-02 11:00:00,2019-01-02 10:00:00,germany_un_base_case_2019,76376,76376,2019-01-02 10:00:00
34,78115,78115,EOM,42.303,42.303,,,42.303,2019-01-02 12:00:00,2019-01-02 11:00:00,germany_un_base_case_2019,78115,78115,2019-01-02 11:00:00
35,78178,78178,EOM,42.235,42.235,,,42.235,2019-01-02 13:00:00,2019-01-02 12:00:00,germany_un_base_case_2019,78178,78178,2019-01-02 12:00:00
36,77411,77411,EOM,42.887,42.887,,,42.887,2019-01-02 14:00:00,2019-01-02 13:00:00,germany_un_base_case_2019,77411,77411,2019-01-02 13:00:00
37,75496,75496,EOM,43.028,43.028,,,43.028,2019-01-02 15:00:00,2019-01-02 14:00:00,germany_un_base_case_2019,75496,75496,2019-01-02 14:00:00
38,73535,73535,EOM,45.529,45.529,,,45.529,2019-01-02 16:00:00,2019-01-02 15:00:00,germany_un_base_case_2019,73535,73535,2019-01-02 15:00:00
39,75966,75966,EOM,54.037,54.037,,,54.037,2019-01-02 17:00:00,2019-01-02 16:00:00,germany_un_base_case_2019,75966,75966,2019-01-02 16:00:00
40,77430,77430,EOM,53.172,53.172,,,53.172,2019-01-02 18:00:00,2019-01-02 17:00:00,germany_un_base_case_2019,77430,77430,2019-01-02 17:00:00
41,77744,77744,EOM,53.99,53.99,,,53.99,2019-01-02 19:00:00,2019-01-02 18:00:00,germany_un_base_case_2019,77744,77744,2019-01-02 18:00:00
42,76155,76155,EOM,53.967,53.967,,,53.967,2019-01-02 20:00:00,2019-01-02 19:00:00,germany_un_base_case_2019,76155,76155,2019-01-02 19:00:00
43,73448,73448,EOM,53.353,53.353,,,53.353,2019-01-02 21:00:00,2019-01-02 20:00:00,germany_un_base_case_2019,73448,73448,2019-01-02 20:00:00
44,69386,69386,EOM,45.094,45.094,,,45.094,2019-01-02 22:00:00,2019-01-02 21:00:00,germany_un_base_case_2019,69386,69386,2019-01-02 21:00:00
45,69107,69107,EOM,45.022,45.022,,,45.022,2019-01-02 23:00:00,2019-01-02 22:00:00,germany_un_base_case_2019,69107,69107,2019-01-02 22:00:00
46,64500,64500,EOM,43.921,43.921,,,43.921,2019-01-03 00:00:00,2019-01-02 23:00:00,germany_un_base_case_2019,64500,64500,2019-01-02 23:00:00
47,63180,63180,EOM,43.01,43.01,,,43.01,2019-01-03 01:00:00,2019-01-03 00:00:00,germany_un_base_case_2019,63180,63180,2019-01-03 00:00:00
48,62437,62437,EOM,42.19,42.19,,,42.19,2019-01-03 02:00:00,2019-01-03 01:00:00,germany_un_base_case_2019,62437,62437,2019-01-03 01:00:00
49,62028,62028,EOM,42.207,42.207,,,42.207,2019-01-03 03:00:00,2019-01-03 02:00:00,germany_un_base_case_2019,62028,62028,2019-01-03 02:00:00
50,61107,61107,EOM,42.225,42.225,,,42.225,2019-01-03 04:00:00,2019-01-03 03:00:00,germany_un_base_case_2019,61107,61107,2019-01-03 03:00:00
51,61476,61476,EOM,41.534,41.534,,,41.534,2019-01-03 05:00:00,2019-01-03 04:00:00,germany_un_base_case_2019,61476,61476,2019-01-03 04:00:00
52,66410,66410,EOM,44.198,44.198,,,44.198,2019-01-03 06:00:00,2019-01-03 05:00:00,germany_un_base_case_2019,66410,66410,2019-01-03 05:00:00
53,71531,71531,EOM,54.673,54.673,,,54.673,2019-01-03 07:00:00,2019-01-03 06:00:00,germany_un_base_case_2019,71531,71531,2019-01-03 06:00:00
54,72650,72650,EOM,56.385,56.385,,,56.385,2019-01-03 08:00:00,2019-01-03 07:00:00,germany_un_base_case_2019,72650,72650,2019-01-03 07:00:00
55,77784,77784,EOM,60.764,60.764,,,60.764,2019-01-03 09:00:00,2019-01-03 08:00:00,germany_un_base_case_2019,77784,77784,2019-01-03 08:00:00
56,78363,78363,EOM,57.845,57.845,,,57.845,2019-01-03 10:00:00,2019-01-03 09:00:00,germany_un_base_case_2019,78363,78363,2019-01-03 09:00:00
57,78344,78344,EOM,58.657,58.657,,,58.657,2019-01-03 11:00:00,2019-01-03 10:00:00,germany_un_base_case_2019,78344,78344,2019-01-03 10:00:00
58,79931,79931,EOM,60.786,60.786,,,60.786,2019-01-03 12:00:00,2019-01-03 11:00:00,germany_un_base_case_2019,79931,79931,2019-01-03 11:00:00
59,78628,78628,EOM,60.796,60.796,,,60.796,2019-01-03 13:00:00,2019-01-03 12:00:00,germany_un_base_case_2019,78628,78628,2019-01-03 12:00:00
60,76766,76766,EOM,58.686,58.686,,,58.686,2019-01-03 14:00:00,2019-01-03 13:00:00,germany_un_base_case_2019,76766,76766,2019-01-03 13:00:00
61,74604,74604,EOM,59.74,59.74,,,59.74,2019-01-03 15:00:00,2019-01-03 14:00:00,germany_un_base_case_2019,74604,74604,2019-01-03 14:00:00
62,72867,72867,EOM,60.614,60.614,,,60.614,2019-01-03 16:00:00,2019-01-03 15:00:00,germany_un_base_case_2019,72867,72867,2019-01-03 15:00:00
63,75173,75173,EOM,67.805,67.805,,,67.805,2019-01-03 17:00:00,2019-01-03 16:00:00,germany_un_base_case_2019,75173,75173,2019-01-03 16:00:00
64,77703,77703,EOM,65.643,65.643,,,65.643,2019-01-03 18:00:00,2019-01-03 17:00:00,germany_un_base_case_2019,77703,77703,2019-01-03 17:00:00
65,78860,78860,EOM,68.147,68.147,,,68.147,2019-01-03 19:00:00,2019-01-03 18:00:00,germany_un_base_case_2019,78860,78860,2019-01-03 18:00:00
66,77068,77068,EOM,63.55,63.55,,,63.55,2019-01-03 20:00:00,2019-01-03 19:00:00,germany_un_base_case_2019,77068,77068,2019-01-03 19:00:00
67,75804,75804,EOM,63.565,63.565,,,63.565,2019-01-03 21:00:00,2019-01-03 20:00:00,germany_un_base_case_2019,75804,75804,2019-01-03 20:00:00
68,73876,73876,EOM,61.493,61.493,,,61.493,2019-01-03 22:00:00,2019-01-03 21:00:00,germany_un_base_case_2019,73876,73876,2019-01-03 21:00:00
69,71534,71534,EOM,57.999,57.999,,,57.999,2019-01-03 23:00:00,2019-01-03 22:00:00,germany_un_base_case_2019,71534,71534,2019-01-03 22:00:00
70,67073,67073,EOM,54.131,54.131,,,54.131,2019-01-04 00:00:00,2019-01-03 23:00:00,germany_un_base_case_2019,67073,67073,2019-01-03 23:00:00
71,63256,63256,EOM,45.294,45.294,,,45.294,2019-01-04 01:00:00,2019-01-04 00:00:00,germany_un_base_case_2019,63256,63256,2019-01-04 00:00:00
72,61885,61885,EOM,43.467,43.467,,,43.467,2019-01-04 02:00:00,2019-01-04 01:00:00,germany_un_base_case_2019,61885,61885,2019-01-04 01:00:00
73,61602,61602,EOM,42.496,42.496,,,42.496,2019-01-04 03:00:00,2019-01-04 02:00:00,germany_un_base_case_2019,61602,61602,2019-01-04 02:00:00
74,62475,62475,EOM,42.479,42.479,,,42.479,2019-01-04 04:00:00,2019-01-04 03:00:00,germany_un_base_case_2019,62475,62475,2019-01-04 03:00:00
75,63801,63801,EOM,42.462,42.462,,,42.462,2019-01-04 05:00:00,2019-01-04 04:00:00,germany_un_base_case_2019,63801,63801,2019-01-04 04:00:00
76,67235,67235,EOM,43.395,43.395,,,43.395,2019-01-04 06:00:00,2019-01-04 05:00:00,germany_un_base_case_2019,67235,67235,2019-01-04 05:00:00
77,69980,69980,EOM,45.537,45.537,,,45.537,2019-01-04 07:00:00,2019-01-04 06:00:00,germany_un_base_case_2019,69980,69980,2019-01-04 06:00:00
78,75882,75882,EOM,53.485,53.485,,,53.485,2019-01-04 08:00:00,2019-01-04 07:00:00,germany_un_base_case_2019,75882,75882,2019-01-04 07:00:00
79,78404,78404,EOM,54.941,54.941,,,54.941,2019-01-04 09:00:00,2019-01-04 08:00:00,germany_un_base_case_2019,78404,78404,2019-01-04 08:00:00
80,79667,79667,EOM,54.93,54.93,,,54.93,2019-01-04 10:00:00,2019-01-04 09:00:00,germany_un_base_case_2019,79667,79667,2019-01-04 09:00:00
81,80055,80055,EOM,53.204,53.204,,,53.204,2019-01-04 11:00:00,2019-01-04 10:00:00,germany_un_base_case_2019,80055,80055,2019-01-04 10:00:00
82,80854,80854,EOM,48.364,48.364,,,48.364,2019-01-04 12:00:00,2019-01-04 11:00:00,germany_un_base_case_2019,80854,80854,2019-01-04 11:00:00
83,80922,80922,EOM,47.153,47.153,,,47.153,2019-01-04 13:00:00,2019-01-04 12:00:00,germany_un_base_case_2019,80922,80922,2019-01-04 12:00:00
84,81063,81063,EOM,45.044,45.044,,,45.044,2019-01-04 14:00:00,2019-01-04 13:00:00,germany_un_base_case_2019,81063,81063,2019-01-04 13:00:00
85,80038,80038,EOM,45.025,45.025,,,45.025,2019-01-04 15:00:00,2019-01-04 14:00:00,germany_un_base_case_2019,80038,80038,2019-01-04 14:00:00
86,79020,79020,EOM,45.005,45.005,,,45.005,2019-01-04 16:00:00,2019-01-04 15:00:00,germany_un_base_case_2019,79020,79020,2019-01-04 15:00:00
87,80058,80058,EOM,44.985,44.985,,,44.985,2019-01-04 17:00:00,2019-01-04 16:00:00,germany_un_base_case_2019,80058,80058,2019-01-04 16:00:00
88,81575,81575,EOM,47.051,47.051,,,47.051,2019-01-04 18:00:00,2019-01-04 17:00:00,germany_un_base_case_2019,81575,81575,2019-01-04 17:00:00
89,80891,80891,EOM,44.946,44.946,,,44.946,2019-01-04 19:00:00,2019-01-04 18:00:00,germany_un_base_case_2019,80891,80891,2019-01-04 18:00:00
90,78017,78017,EOM,43.132,43.132,,,43.132,2019-01-04 20:00:00,2019-01-04 19:00:00,germany_un_base_case_2019,78017,78017,2019-01-04 19:00:00
91,76062,76062,EOM,43.113,43.113,,,43.113,2019-01-04 21:00:00,2019-01-04 20:00:00,germany_un_base_case_2019,76062,76062,2019-01-04 20:00:00
92,73346,73346,EOM,41.445,41.445,,,41.445,2019-01-04 22:00:00,2019-01-04 21:00:00,germany_un_base_case_2019,73346,73346,2019-01-04 21:00:00
93,71837,71837,EOM,38.236,38.236,,,38.236,2019-01-04 23:00:00,2019-01-04 22:00:00,germany_un_base_case_2019,71837,71837,2019-01-04 22:00:00
94,66301,66301,EOM,29.919,29.919,,,29.919,2019-01-05 00:00:00,2019-01-04 23:00:00,germany_un_base_case_2019,66301,66301,2019-01-04 23:00:00
95,64368,64368,EOM,27.676,27.676,,,27.676,2019-01-05 01:00:00,2019-01-05 00:00:00,germany_un_base_case_2019,64368,64368,2019-01-05 00:00:00
96,62449,62449,EOM,21.682,21.682,,,21.682,2019-01-05 02:00:00,2019-01-05 01:00:00,germany_un_base_case_2019,62449,62449,2019-01-05 01:00:00
97,61460,61460,EOM,17.996,17.996,,,17.996,2019-01-05 03:00:00,2019-01-05 02:00:00,germany_un_base_case_2019,61460,61460,2019-01-05 02:00:00
98,61307,61307,EOM,16.243,16.243,,,16.243,2019-01-05 04:00:00,2019-01-05 03:00:00,germany_un_base_case_2019,61307,61307,2019-01-05 03:00:00
99,61621,61621,EOM,16.066,16.066,,,16.066,2019-01-05 05:00:00,2019-01-05 04:00:00,germany_un_base_case_2019,61621,61621,2019-01-05 04:00:00
100,62748,62748,EOM,28.438,28.438,,,28.438,2019-01-05 06:00:00,2019-01-05 05:00:00,germany_un_base_case_2019,62748,62748,2019-01-05 05:00:00
101,64567,64567,EOM,28.945,28.945,,,28.945,2019-01-05 07:00:00,2019-01-05 06:00:00,germany_un_base_case_2019,64567,64567,2019-01-05 06:00:00
102,65591,65591,EOM,35.806,35.806,,,35.806,2019-01-05 08:00:00,2019-01-05 07:00:00,germany_un_base_case_2019,65591,65591,2019-01-05 07:00:00
103,68603,68603,EOM,39.103,39.103,,,39.103,2019-01-05 09:00:00,2019-01-05 08:00:00,germany_un_base_case_2019,68603,68603,2019-01-05 08:00:00
104,72072,72072,EOM,42.767,42.767,,,42.767,2019-01-05 10:00:00,2019-01-05 09:00:00,germany_un_base_case_2019,72072,72072,2019-01-05 09:00:00
105,74333,74333,EOM,44.637,44.637,,,44.637,2019-01-05 11:00:00,2019-01-05 10:00:00,germany_un_base_case_2019,74333,74333,2019-01-05 10:00:00
106,75236,75236,EOM,52.919,52.919,,,52.919,2019-01-05 12:00:00,2019-01-05 11:00:00,germany_un_base_case_2019,75236,75236,2019-01-05 11:00:00
107,74609,74609,EOM,44.597,44.597,,,44.597,2019-01-05 13:00:00,2019-01-05 12:00:00,germany_un_base_case_2019,74609,74609,2019-01-05 12:00:00
108,72752,72752,EOM,43.78,43.78,,,43.78,2019-01-05 14:00:00,2019-01-05 13:00:00,germany_un_base_case_2019,72752,72752,2019-01-05 13:00:00
109,71551,71551,EOM,44.558,44.558,,,44.558,2019-01-05 15:00:00,2019-01-05 14:00:00,germany_un_base_case_2019,71551,71551,2019-01-05 14:00:00
110,71363,71363,EOM,46.603,46.603,,,46.603,2019-01-05 16:00:00,2019-01-05 15:00:00,germany_un_base_case_2019,71363,71363,2019-01-05 15:00:00
111,72415,72415,EOM,53.337,53.337,,,53.337,2019-01-05 17:00:00,2019-01-05 16:00:00,germany_un_base_case_2019,72415,72415,2019-01-05 16:00:00
112,73483,73483,EOM,56.677,56.677,,,56.677,2019-01-05 18:00:00,2019-01-05 17:00:00,germany_un_base_case_2019,73483,73483,2019-01-05 17:00:00
113,73367,73367,EOM,53.426,53.426,,,53.426,2019-01-05 19:00:00,2019-01-05 18:00:00,germany_un_base_case_2019,73367,73367,2019-01-05 18:00:00
114,72562,72562,EOM,53.47,53.47,,,53.47,2019-01-05 20:00:00,2019-01-05 19:00:00,germany_un_base_case_2019,72562,72562,2019-01-05 19:00:00
115,69394,69394,EOM,44.446,44.446,,,44.446,2019-01-05 21:00:00,2019-01-05 20:00:00,germany_un_base_case_2019,69394,69394,2019-01-05 20:00:00
116,66705,66705,EOM,42.547,42.547,,,42.547,2019-01-05 22:00:00,2019-01-05 21:00:00,germany_un_base_case_2019,66705,66705,2019-01-05 21:00:00
117,65580,65580,EOM,42.528,42.528,,,42.528,2019-01-05 23:00:00,2019-01-05 22:00:00,germany_un_base_case_2019,65580,65580,2019-01-05 22:00:00
118,61791,61791,EOM,40.982,40.982,,,40.982,2019-01-06 00:00:00,2019-01-05 23:00:00,germany_un_base_case_2019,61791,61791,2019-01-05 23:00:00
119,61616,61616,EOM,40.964,40.964,,,40.964,2019-01-06 01:00:00,2019-01-06 00:00:00,germany_un_base_case_2019,61616,61616,2019-01-06 00:00:00
120,60589,60589,EOM,40.946,40.946,,,40.946,2019-01-06 02:00:00,2019-01-06 01:00:00,germany_un_base_case_2019,60589,60589,2019-01-06 01:00:00
121,58683,58683,EOM,40.255,40.255,,,40.255,2019-01-06 03:00:00,2019-01-06 02:00:00,germany_un_base_case_2019,58683,58683,2019-01-06 02:00:00
122,57306,57306,EOM,38.435,38.435,,,38.435,2019-01-06 04:00:00,2019-01-06 03:00:00,germany_un_base_case_2019,57306,57306,2019-01-06 03:00:00
123,55113,55113,EOM,36.619,36.619,,,36.619,2019-01-06 05:00:00,2019-01-06 04:00:00,germany_un_base_case_2019,55113,55113,2019-01-06 04:00:00
124,56609,56609,EOM,38.748,38.748,,,38.748,2019-01-06 06:00:00,2019-01-06 05:00:00,germany_un_base_case_2019,56609,56609,2019-01-06 05:00:00
125,56777,56777,EOM,40.857,40.857,,,40.857,2019-01-06 07:00:00,2019-01-06 06:00:00,germany_un_base_case_2019,56777,56777,2019-01-06 06:00:00
126,58065,58065,EOM,42.359,42.359,,,42.359,2019-01-06 08:00:00,2019-01-06 07:00:00,germany_un_base_case_2019,58065,58065,2019-01-06 07:00:00
127,59599,59599,EOM,43.2,43.2,,,43.2,2019-01-06 09:00:00,2019-01-06 08:00:00,germany_un_base_case_2019,59599,59599,2019-01-06 08:00:00
128,63638,63638,EOM,47.405,47.405,,,47.405,2019-01-06 10:00:00,2019-01-06 09:00:00,germany_un_base_case_2019,63638,63638,2019-01-06 09:00:00
129,65408,65408,EOM,54.089,54.089,,,54.089,2019-01-06 11:00:00,2019-01-06 10:00:00,germany_un_base_case_2019,65408,65408,2019-01-06 10:00:00
130,67021,67021,EOM,58.49,58.49,,,58.49,2019-01-06 12:00:00,2019-01-06 11:00:00,germany_un_base_case_2019,67021,67021,2019-01-06 11:00:00
131,68473,68473,EOM,59.355,59.355,,,59.355,2019-01-06 13:00:00,2019-01-06 12:00:00,germany_un_base_case_2019,68473,68473,2019-01-06 12:00:00
132,66989,66989,EOM,55.547,55.547,,,55.547,2019-01-06 14:00:00,2019-01-06 13:00:00,germany_un_base_case_2019,66989,66989,2019-01-06 13:00:00
133,66884,66884,EOM,57.45,57.45,,,57.45,2019-01-06 15:00:00,2019-01-06 14:00:00,germany_un_base_case_2019,66884,66884,2019-01-06 14:00:00
134,66618,66618,EOM,58.678,58.678,,,58.678,2019-01-06 16:00:00,2019-01-06 15:00:00,germany_un_base_case_2019,66618,66618,2019-01-06 15:00:00
135,68017,68017,EOM,60.662,60.662,,,60.662,2019-01-06 17:00:00,2019-01-06 16:00:00,germany_un_base_case_2019,68017,68017,2019-01-06 16:00:00
136,71816,71816,EOM,63.278,63.278,,,63.278,2019-01-06 18:00:00,2019-01-06 17:00:00,germany_un_base_case_2019,71816,71816,2019-01-06 17:00:00
137,73436,73436,EOM,62.831,62.831,,,62.831,2019-01-06 19:00:00,2019-01-06 18:00:00,germany_un_base_case_2019,73436,73436,2019-01-06 18:00:00
138,73005,73005,EOM,60.691,60.691,,,60.691,2019-01-06 20:00:00,2019-01-06 19:00:00,germany_un_base_case_2019,73005,73005,2019-01-06 19:00:00
139,70626,70626,EOM,58.688,58.688,,,58.688,2019-01-06 21:00:00,2019-01-06 20:00:00,germany_un_base_case_2019,70626,70626,2019-01-06 20:00:00
140,68038,68038,EOM,54.785,54.785,,,54.785,2019-01-06 22:00:00,2019-01-06 21:00:00,germany_un_base_case_2019,68038,68038,2019-01-06 21:00:00
141,66650,66650,EOM,53.956,53.956,,,53.956,2019-01-06 23:00:00,2019-01-06 22:00:00,germany_un_base_case_2019,66650,66650,2019-01-06 22:00:00
142,65656,65656,EOM,43.924,43.924,,,43.924,2019-01-07 00:00:00,2019-01-06 23:00:00,germany_un_base_case_2019,65656,65656,2019-01-06 23:00:00
143,59669,59669,EOM,42.062,42.062,,,42.062,2019-01-07 01:00:00,2019-01-07 00:00:00,germany_un_base_case_2019,59669,59669,2019-01-07 00:00:00
144,58759,58759,EOM,41.262,41.262,,,41.262,2019-01-07 02:00:00,2019-01-07 01:00:00,germany_un_base_case_2019,58759,58759,2019-01-07 01:00:00
145,58805,58805,EOM,41.281,41.281,,,41.281,2019-01-07 03:00:00,2019-01-07 02:00:00,germany_un_base_case_2019,58805,58805,2019-01-07 02:00:00
146,58702,58702,EOM,41.301,41.301,,,41.301,2019-01-07 04:00:00,2019-01-07 03:00:00,germany_un_base_case_2019,58702,58702,2019-01-07 03:00:00
147,60490,60490,EOM,42.141,42.141,,,42.141,2019-01-07 05:00:00,2019-01-07 04:00:00,germany_un_base_case_2019,60490,60490,2019-01-07 04:00:00
148,64893,64893,EOM,47.224,47.224,,,47.224,2019-01-07 06:00:00,2019-01-07 05:00:00,germany_un_base_case_2019,64893,64893,2019-01-07 05:00:00
149,71493,71493,EOM,57.275,57.275,,,57.275,2019-01-07 07:00:00,2019-01-07 06:00:00,germany_un_base_case_2019,71493,71493,2019-01-07 06:00:00
150,76240,76240,EOM,64.896,64.896,,,64.896,2019-01-07 08:00:00,2019-01-07 07:00:00,germany_un_base_case_2019,76240,76240,2019-01-07 07:00:00
151,77620,77620,EOM,67.31,67.31,,,67.31,2019-01-07 09:00:00,2019-01-07 08:00:00,germany_un_base_case_2019,77620,77620,2019-01-07 08:00:00
152,77369,77369,EOM,67.013,67.013,,,67.013,2019-01-07 10:00:00,2019-01-07 09:00:00,germany_un_base_case_2019,77369,77369,2019-01-07 09:00:00
153,78841,78841,EOM,68.647,68.647,,,68.647,2019-01-07 11:00:00,2019-01-07 10:00:00,germany_un_base_case_2019,78841,78841,2019-01-07 10:00:00
154,80569,80569,EOM,69.581,69.581,,,69.581,2019-01-07 12:00:00,2019-01-07 11:00:00,germany_un_base_case_2019,80569,80569,2019-01-07 11:00:00
155,80005,80005,EOM,64.628,64.628,,,64.628,2019-01-07 13:00:00,2019-01-07 12:00:00,germany_un_base_case_2019,80005,80005,2019-01-07 12:00:00
156,81127,81127,EOM,64.889,64.889,,,64.889,2019-01-07 14:00:00,2019-01-07 13:00:00,germany_un_base_case_2019,81127,81127,2019-01-07 13:00:00
157,83701,83701,EOM,76.37,76.37,,,76.37,2019-01-07 15:00:00,2019-01-07 14:00:00,germany_un_base_case_2019,83701,83701,2019-01-07 14:00:00
158,82454,82454,EOM,70.66,70.66,,,70.66,2019-01-07 16:00:00,2019-01-07 15:00:00,germany_un_base_case_2019,82454,82454,2019-01-07 15:00:00
159,83539,83539,EOM,70.567,70.567,,,70.567,2019-01-07 17:00:00,2019-01-07 16:00:00,germany_un_base_case_2019,83539,83539,2019-01-07 16:00:00
160,86517,86517,EOM,78.903,78.903,,,78.903,2019-01-07 18:00:00,2019-01-07 17:00:00,germany_un_base_case_2019,86517,86517,2019-01-07 17:00:00
161,87411,87411,EOM,60.779,60.779,,,60.779,2019-01-07 19:00:00,2019-01-07 18:00:00,germany_un_base_case_2019,87411,87411,2019-01-07 18:00:00
162,85283,85283,EOM,50.071,50.071,,,50.071,2019-01-07 20:00:00,2019-01-07 19:00:00,germany_un_base_case_2019,85283,85283,2019-01-07 19:00:00
163,82074,82074,EOM,41.636,41.636,,,41.636,2019-01-07 21:00:00,2019-01-07 20:00:00,germany_un_base_case_2019,82074,82074,2019-01-07 20:00:00
164,79720,79720,EOM,36.834,36.834,,,36.834,2019-01-07 22:00:00,2019-01-07 21:00:00,germany_un_base_case_2019,79720,79720,2019-01-07 21:00:00
165,75446,75446,EOM,31.198,31.198,,,31.198,2019-01-07 23:00:00,2019-01-07 22:00:00,germany_un_base_case_2019,75446,75446,2019-01-07 22:00:00
166,71939,71939,EOM,27.556,27.556,,,27.556,2019-01-08 00:00:00,2019-01-07 23:00:00,germany_un_base_case_2019,71939,71939,2019-01-07 23:00:00
167,68632,68632,EOM,18.446,18.446,,,18.446,2019-01-08 01:00:00,2019-01-08 00:00:00,germany_un_base_case_2019,68632,68632,2019-01-08 00:00:00
168,68173,68173,EOM,17.938,17.938,,,17.938,2019-01-08 02:00:00,2019-01-08 01:00:00,germany_un_base_case_2019,68173,68173,2019-01-08 01:00:00
169,67952,67952,EOM,17.065,17.065,,,17.065,2019-01-08 03:00:00,2019-01-08 02:00:00,germany_un_base_case_2019,67952,67952,2019-01-08 02:00:00
170,68156,68156,EOM,17.031,17.031,,,17.031,2019-01-08 04:00:00,2019-01-08 03:00:00,germany_un_base_case_2019,68156,68156,2019-01-08 03:00:00
171,68146,68146,EOM,16.997,16.997,,,16.997,2019-01-08 05:00:00,2019-01-08 04:00:00,germany_un_base_case_2019,68146,68146,2019-01-08 04:00:00
172,71161,71161,EOM,29.832,29.832,,,29.832,2019-01-08 06:00:00,2019-01-08 05:00:00,germany_un_base_case_2019,71161,71161,2019-01-08 05:00:00
173,77494,77494,EOM,36.557,36.557,,,36.557,2019-01-08 07:00:00,2019-01-08 06:00:00,germany_un_base_case_2019,77494,77494,2019-01-08 06:00:00
174,82769,82769,EOM,36.687,36.687,,,36.687,2019-01-08 08:00:00,2019-01-08 07:00:00,germany_un_base_case_2019,82769,82769,2019-01-08 07:00:00
175,85069,85069,EOM,41.459,41.459,,,41.459,2019-01-08 09:00:00,2019-01-08 08:00:00,germany_un_base_case_2019,85069,85069,2019-01-08 08:00:00
176,84968,84968,EOM,40.067,40.067,,,40.067,2019-01-08 10:00:00,2019-01-08 09:00:00,germany_un_base_case_2019,84968,84968,2019-01-08 09:00:00
177,85653,85653,EOM,40.04,40.04,,,40.04,2019-01-08 11:00:00,2019-01-08 10:00:00,germany_un_base_case_2019,85653,85653,2019-01-08 10:00:00
178,86349,86349,EOM,40.012,40.012,,,40.012,2019-01-08 12:00:00,2019-01-08 11:00:00,germany_un_base_case_2019,86349,86349,2019-01-08 11:00:00
179,85945,85945,EOM,39.984,39.984,,,39.984,2019-01-08 13:00:00,2019-01-08 12:00:00,germany_un_base_case_2019,85945,85945,2019-01-08 12:00:00
180,85460,85460,EOM,39.956,39.956,,,39.956,2019-01-08 14:00:00,2019-01-08 13:00:00,germany_un_base_case_2019,85460,85460,2019-01-08 13:00:00
181,84793,84793,EOM,39.927,39.927,,,39.927,2019-01-08 15:00:00,2019-01-08 14:00:00,germany_un_base_case_2019,84793,84793,2019-01-08 14:00:00
182,84196,84196,EOM,40.565,40.565,,,40.565,2019-01-08 16:00:00,2019-01-08 15:00:00,germany_un_base_case_2019,84196,84196,2019-01-08 15:00:00
183,85580,85580,EOM,41.226,41.226,,,41.226,2019-01-08 17:00:00,2019-01-08 16:00:00,germany_un_base_case_2019,85580,85580,2019-01-08 16:00:00
184,87080,87080,EOM,42.015,42.015,,,42.015,2019-01-08 18:00:00,2019-01-08 17:00:00,germany_un_base_case_2019,87080,87080,2019-01-08 17:00:00
185,86506,86506,EOM,41.985,41.985,,,41.985,2019-01-08 19:00:00,2019-01-08 18:00:00,germany_un_base_case_2019,86506,86506,2019-01-08 18:00:00
186,84520,84520,EOM,41.137,41.137,,,41.137,2019-01-08 20:00:00,2019-01-08 19:00:00,germany_un_base_case_2019,84520,84520,2019-01-08 19:00:00
187,80438,80438,EOM,36.352,36.352,,,36.352,2019-01-08 21:00:00,2019-01-08 20:00:00,germany_un_base_case_2019,80438,80438,2019-01-08 20:00:00
188,76741,76741,EOM,35.349,35.349,,,35.349,2019-01-08 22:00:00,2019-01-08 21:00:00,germany_un_base_case_2019,76741,76741,2019-01-08 21:00:00
189,74171,74171,EOM,30.417,30.417,,,30.417,2019-01-08 23:00:00,2019-01-08 22:00:00,germany_un_base_case_2019,74171,74171,2019-01-08 22:00:00
190,71124,71124,EOM,27.718,27.718,,,27.718,2019-01-09 00:00:00,2019-01-08 23:00:00,germany_un_base_case_2019,71124,71124,2019-01-08 23:00:00
191,68442,68442,EOM,16.348,16.348,,,16.348,2019-01-09 01:00:00,2019-01-09 00:00:00,germany_un_base_case_2019,68442,68442,2019-01-09 00:00:00
192,67308,67308,EOM,16.353,16.353,,,16.353,2019-01-09 02:00:00,2019-01-09 01:00:00,germany_un_base_case_2019,67308,67308,2019-01-09 01:00:00
193,66942,66942,EOM,16.358,16.358,,,16.358,2019-01-09 03:00:00,2019-01-09 02:00:00,germany_un_base_case_2019,66942,66942,2019-01-09 02:00:00
194,66737,66737,EOM,16.376,16.376,,,16.376,2019-01-09 04:00:00,2019-01-09 03:00:00,germany_un_base_case_2019,66737,66737,2019-01-09 03:00:00
195,66388,66388,EOM,26.327,26.327,,,26.327,2019-01-09 05:00:00,2019-01-09 04:00:00,germany_un_base_case_2019,66388,66388,2019-01-09 04:00:00
196,70152,70152,EOM,30.532,30.532,,,30.532,2019-01-09 06:00:00,2019-01-09 05:00:00,germany_un_base_case_2019,70152,70152,2019-01-09 05:00:00
197,77330,77330,EOM,39.683,39.683,,,39.683,2019-01-09 07:00:00,2019-01-09 06:00:00,germany_un_base_case_2019,77330,77330,2019-01-09 06:00:00
198,83044,83044,EOM,43.699,43.699,,,43.699,2019-01-09 08:00:00,2019-01-09 07:00:00,germany_un_base_case_2019,83044,83044,2019-01-09 07:00:00
199,85609,85609,EOM,53.432,53.432,,,53.432,2019-01-09 09:00:00,2019-01-09 08:00:00,germany_un_base_case_2019,85609,85609,2019-01-09 08:00:00
200,86032,86032,EOM,53.018,53.018,,,53.018,2019-01-09 10:00:00,2019-01-09 09:00:00,germany_un_base_case_2019,86032,86032,2019-01-09 09:00:00
201,87055,87055,EOM,53.038,53.038,,,53.038,2019-01-09 11:00:00,2019-01-09 10:00:00,germany_un_base_case_2019,87055,87055,2019-01-09 10:00:00
202,87924,87924,EOM,53.058,53.058,,,53.058,2019-01-09 12:00:00,2019-01-09 11:00:00,germany_un_base_case_2019,87924,87924,2019-01-09 11:00:00
203,87892,87892,EOM,53.076,53.076,,,53.076,2019-01-09 13:00:00,2019-01-09 12:00:00,germany_un_base_case_2019,87892,87892,2019-01-09 12:00:00
204,87535,87535,EOM,49.4,49.4,,,49.4,2019-01-09 14:00:00,2019-01-09 13:00:00,germany_un_base_case_2019,87535,87535,2019-01-09 13:00:00
205,86737,86737,EOM,52.858,52.858,,,52.858,2019-01-09 15:00:00,2019-01-09 14:00:00,germany_un_base_case_2019,86737,86737,2019-01-09 14:00:00
206,85827,85827,EOM,53.71,53.71,,,53.71,2019-01-09 16:00:00,2019-01-09 15:00:00,germany_un_base_case_2019,85827,85827,2019-01-09 15:00:00
207,86754,86754,EOM,58.052,58.052,,,58.052,2019-01-09 17:00:00,2019-01-09 16:00:00,germany_un_base_case_2019,86754,86754,2019-01-09 16:00:00
208,87490,87490,EOM,57.757,57.757,,,57.757,2019-01-09 18:00:00,2019-01-09 17:00:00,germany_un_base_case_2019,87490,87490,2019-01-09 17:00:00
209,87716,87716,EOM,58.403,58.403,,,58.403,2019-01-09 19:00:00,2019-01-09 18:00:00,germany_un_base_case_2019,87716,87716,2019-01-09 18:00:00
210,86588,86588,EOM,57.369,57.369,,,57.369,2019-01-09 20:00:00,2019-01-09 19:00:00,germany_un_base_case_2019,86588,86588,2019-01-09 19:00:00
211,82887,82887,EOM,55.086,55.086,,,55.086,2019-01-09 21:00:00,2019-01-09 20:00:00,germany_un_base_case_2019,82887,82887,2019-01-09 20:00:00
212,79429,79429,EOM,53.301,53.301,,,53.301,2019-01-09 22:00:00,2019-01-09 21:00:00,germany_un_base_case_2019,79429,79429,2019-01-09 21:00:00
213,76063,76063,EOM,52.544,52.544,,,52.544,2019-01-09 23:00:00,2019-01-09 22:00:00,germany_un_base_case_2019,76063,76063,2019-01-09 22:00:00
214,72402,72402,EOM,46.953,46.953,,,46.953,2019-01-10 00:00:00,2019-01-09 23:00:00,germany_un_base_case_2019,72402,72402,2019-01-09 23:00:00
215,66747,66747,EOM,42.028,42.028,,,42.028,2019-01-10 01:00:00,2019-01-10 00:00:00,germany_un_base_case_2019,66747,66747,2019-01-10 00:00:00
216,66160,66160,EOM,42.997,42.997,,,42.997,2019-01-10 02:00:00,2019-01-10 01:00:00,germany_un_base_case_2019,66160,66160,2019-01-10 01:00:00
217,63750,63750,EOM,42.783,42.783,,,42.783,2019-01-10 03:00:00,2019-01-10 02:00:00,germany_un_base_case_2019,63750,63750,2019-01-10 02:00:00
218,64625,64625,EOM,45.817,45.817,,,45.817,2019-01-10 04:00:00,2019-01-10 03:00:00,germany_un_base_case_2019,64625,64625,2019-01-10 03:00:00
219,65783,65783,EOM,47.479,47.479,,,47.479,2019-01-10 05:00:00,2019-01-10 04:00:00,germany_un_base_case_2019,65783,65783,2019-01-10 04:00:00
220,68268,68268,EOM,53.819,53.819,,,53.819,2019-01-10 06:00:00,2019-01-10 05:00:00,germany_un_base_case_2019,68268,68268,2019-01-10 05:00:00
221,72291,72291,EOM,58.567,58.567,,,58.567,2019-01-10 07:00:00,2019-01-10 06:00:00,germany_un_base_case_2019,72291,72291,2019-01-10 06:00:00
222,75831,75831,EOM,65.366,65.366,,,65.366,2019-01-10 08:00:00,2019-01-10 07:00:00,germany_un_base_case_2019,75831,75831,2019-01-10 07:00:00
223,78420,78420,EOM,69.369,69.369,,,69.369,2019-01-10 09:00:00,2019-01-10 08:00:00,germany_un_base_case_2019,78420,78420,2019-01-10 08:00:00
224,78618,78618,EOM,69.772,69.772,,,69.772,2019-01-10 10:00:00,2019-01-10 09:00:00,germany_un_base_case_2019,78618,78618,2019-01-10 09:00:00
225,79543,79543,EOM,72.502,72.502,,,72.502,2019-01-10 11:00:00,2019-01-10 10:00:00,germany_un_base_case_2019,79543,79543,2019-01-10 10:00:00
226,78840,78840,EOM,70.936,70.936,,,70.936,2019-01-10 12:00:00,2019-01-10 11:00:00,germany_un_base_case_2019,78840,78840,2019-01-10 11:00:00
227,77346,77346,EOM,65.261,65.261,,,65.261,2019-01-10 13:00:00,2019-01-10 12:00:00,germany_un_base_case_2019,77346,77346,2019-01-10 12:00:00
228,76756,76756,EOM,65.405,65.405,,,65.405,2019-01-10 14:00:00,2019-01-10 13:00:00,germany_un_base_case_2019,76756,76756,2019-01-10 13:00:00
229,75438,75438,EOM,65.416,65.416,,,65.416,2019-01-10 15:00:00,2019-01-10 14:00:00,germany_un_base_case_2019,75438,75438,2019-01-10 14:00:00
230,75328,75328,EOM,66.61,66.61,,,66.61,2019-01-10 16:00:00,2019-01-10 15:00:00,germany_un_base_case_2019,75328,75328,2019-01-10 15:00:00
231,77263,77263,EOM,73.903,73.903,,,73.903,2019-01-10 17:00:00,2019-01-10 16:00:00,germany_un_base_case_2019,77263,77263,2019-01-10 16:00:00
232,79503,79503,EOM,82.603,82.603,,,82.603,2019-01-10 18:00:00,2019-01-10 17:00:00,germany_un_base_case_2019,79503,79503,2019-01-10 17:00:00
233,79466,79466,EOM,77.842,77.842,,,77.842,2019-01-10 19:00:00,2019-01-10 18:00:00,germany_un_base_case_2019,79466,79466,2019-01-10 18:00:00
234,78542,78542,EOM,77.616,77.616,,,77.616,2019-01-10 20:00:00,2019-01-10 19:00:00,germany_un_base_case_2019,78542,78542,2019-01-10 19:00:00
235,76439,76439,EOM,71.058,71.058,,,71.058,2019-01-10 21:00:00,2019-01-10 20:00:00,germany_un_base_case_2019,76439,76439,2019-01-10 20:00:00
236,73161,73161,EOM,65.467,65.467,,,65.467,2019-01-10 22:00:00,2019-01-10 21:00:00,germany_un_base_case_2019,73161,73161,2019-01-10 21:00:00
237,72390,72390,EOM,62.617,62.617,,,62.617,2019-01-10 23:00:00,2019-01-10 22:00:00,germany_un_base_case_2019,72390,72390,2019-01-10 22:00:00
238,70967,70967,EOM,57.781,57.781,,,57.781,2019-01-11 00:00:00,2019-01-10 23:00:00,germany_un_base_case_2019,70967,70967,2019-01-10 23:00:00
239,67646,67646,EOM,53.924,53.924,,,53.924,2019-01-11 01:00:00,2019-01-11 00:00:00,germany_un_base_case_2019,67646,67646,2019-01-11 00:00:00
240,65999,65999,EOM,52.165,52.165,,,52.165,2019-01-11 02:00:00,2019-01-11 01:00:00,germany_un_base_case_2019,65999,65999,2019-01-11 01:00:00
241,65070,65070,EOM,44.193,44.193,,,44.193,2019-01-11 03:00:00,2019-01-11 02:00:00,germany_un_base_case_2019,65070,65070,2019-01-11 02:00:00
242,64713,64713,EOM,42.915,42.915,,,42.915,2019-01-11 04:00:00,2019-01-11 03:00:00,germany_un_base_case_2019,64713,64713,2019-01-11 03:00:00
243,67370,67370,EOM,43.925,43.925,,,43.925,2019-01-11 05:00:00,2019-01-11 04:00:00,germany_un_base_case_2019,67370,67370,2019-01-11 04:00:00
244,71130,71130,EOM,52.96,52.96,,,52.96,2019-01-11 06:00:00,2019-01-11 05:00:00,germany_un_base_case_2019,71130,71130,2019-01-11 05:00:00
245,78921,78921,EOM,58.622,58.622,,,58.622,2019-01-11 07:00:00,2019-01-11 06:00:00,germany_un_base_case_2019,78921,78921,2019-01-11 06:00:00
246,84153,84153,EOM,66.62,66.62,,,66.62,2019-01-11 08:00:00,2019-01-11 07:00:00,germany_un_base_case_2019,84153,84153,2019-01-11 07:00:00
247,86109,86109,EOM,68.482,68.482,,,68.482,2019-01-11 09:00:00,2019-01-11 08:00:00,germany_un_base_case_2019,86109,86109,2019-01-11 08:00:00
248,86324,86324,EOM,66.687,66.687,,,66.687,2019-01-11 10:00:00,2019-01-11 09:00:00,germany_un_base_case_2019,86324,86324,2019-01-11 09:00:00
249,85940,85940,EOM,64.23,64.23,,,64.23,2019-01-11 11:00:00,2019-01-11 10:00:00,germany_un_base_case_2019,85940,85940,2019-01-11 10:00:00
250,87523,87523,EOM,64.619,64.619,,,64.619,2019-01-11 12:00:00,2019-01-11 11:00:00,germany_un_base_case_2019,87523,87523,2019-01-11 11:00:00
251,86775,86775,EOM,61.837,61.837,,,61.837,2019-01-11 13:00:00,2019-01-11 12:00:00,germany_un_base_case_2019,86775,86775,2019-01-11 12:00:00
252,86227,86227,EOM,59.632,59.632,,,59.632,2019-01-11 14:00:00,2019-01-11 13:00:00,germany_un_base_case_2019,86227,86227,2019-01-11 13:00:00
253,85034,85034,EOM,58.589,58.589,,,58.589,2019-01-11 15:00:00,2019-01-11 14:00:00,germany_un_base_case_2019,85034,85034,2019-01-11 14:00:00
254,83921,83921,EOM,57.001,57.001,,,57.001,2019-01-11 16:00:00,2019-01-11 15:00:00,germany_un_base_case_2019,83921,83921,2019-01-11 15:00:00
255,85138,85138,EOM,58.584,58.584,,,58.584,2019-01-11 17:00:00,2019-01-11 16:00:00,germany_un_base_case_2019,85138,85138,2019-01-11 16:00:00
256,87091,87091,EOM,62.288,62.288,,,62.288,2019-01-11 18:00:00,2019-01-11 17:00:00,germany_un_base_case_2019,87091,87091,2019-01-11 17:00:00
257,86138,86138,EOM,59.627,59.627,,,59.627,2019-01-11 19:00:00,2019-01-11 18:00:00,germany_un_base_case_2019,86138,86138,2019-01-11 18:00:00
258,84027,84027,EOM,57.786,57.786,,,57.786,2019-01-11 20:00:00,2019-01-11 19:00:00,germany_un_base_case_2019,84027,84027,2019-01-11 19:00:00
259,79475,79475,EOM,48.437,48.437,,,48.437,2019-01-11 21:00:00,2019-01-11 20:00:00,germany_un_base_case_2019,79475,79475,2019-01-11 20:00:00
260,75408,75408,EOM,42.157,42.157,,,42.157,2019-01-11 22:00:00,2019-01-11 21:00:00,germany_un_base_case_2019,75408,75408,2019-01-11 21:00:00
261,72919,72919,EOM,41.341,41.341,,,41.341,2019-01-11 23:00:00,2019-01-11 22:00:00,germany_un_base_case_2019,72919,72919,2019-01-11 22:00:00
262,69638,69638,EOM,39.986,39.986,,,39.986,2019-01-12 00:00:00,2019-01-11 23:00:00,germany_un_base_case_2019,69638,69638,2019-01-11 23:00:00
263,66758,66758,EOM,36.411,36.411,,,36.411,2019-01-12 01:00:00,2019-01-12 00:00:00,germany_un_base_case_2019,66758,66758,2019-01-12 00:00:00
264,65532,65532,EOM,35.585,35.585,,,35.585,2019-01-12 02:00:00,2019-01-12 01:00:00,germany_un_base_case_2019,65532,65532,2019-01-12 01:00:00
265,63692,63692,EOM,35.59,35.59,,,35.59,2019-01-12 03:00:00,2019-01-12 02:00:00,germany_un_base_case_2019,63692,63692,2019-01-12 02:00:00
266,62763,62763,EOM,31.513,31.513,,,31.513,2019-01-12 04:00:00,2019-01-12 03:00:00,germany_un_base_case_2019,62763,62763,2019-01-12 03:00:00
267,62785,62785,EOM,35.599,35.599,,,35.599,2019-01-12 05:00:00,2019-01-12 04:00:00,germany_un_base_case_2019,62785,62785,2019-01-12 04:00:00
268,64173,64173,EOM,36.052,36.052,,,36.052,2019-01-12 06:00:00,2019-01-12 05:00:00,germany_un_base_case_2019,64173,64173,2019-01-12 05:00:00
269,67762,67762,EOM,36.595,36.595,,,36.595,2019-01-12 07:00:00,2019-01-12 06:00:00,germany_un_base_case_2019,67762,67762,2019-01-12 06:00:00
270,69351,69351,EOM,40.026,40.026,,,40.026,2019-01-12 08:00:00,2019-01-12 07:00:00,germany_un_base_case_2019,69351,69351,2019-01-12 07:00:00
271,71790,71790,EOM,40.701,40.701,,,40.701,2019-01-12 09:00:00,2019-01-12 08:00:00,germany_un_base_case_2019,71790,71790,2019-01-12 08:00:00
272,74356,74356,EOM,41.399,41.399,,,41.399,2019-01-12 10:00:00,2019-01-12 09:00:00,germany_un_base_case_2019,74356,74356,2019-01-12 09:00:00
273,76757,76757,EOM,41.404,41.404,,,41.404,2019-01-12 11:00:00,2019-01-12 10:00:00,germany_un_base_case_2019,76757,76757,2019-01-12 10:00:00
274,77788,77788,EOM,40.046,40.046,,,40.046,2019-01-12 12:00:00,2019-01-12 11:00:00,germany_un_base_case_2019,77788,77788,2019-01-12 11:00:00
275,77381,77381,EOM,36.465,36.465,,,36.465,2019-01-12 13:00:00,2019-01-12 12:00:00,germany_un_base_case_2019,77381,77381,2019-01-12 12:00:00
276,76368,76368,EOM,35.637,35.637,,,35.637,2019-01-12 14:00:00,2019-01-12 13:00:00,germany_un_base_case_2019,76368,76368,2019-01-12 13:00:00
277,75609,75609,EOM,30.926,30.926,,,30.926,2019-01-12 15:00:00,2019-01-12 14:00:00,germany_un_base_case_2019,75609,75609,2019-01-12 14:00:00
278,74824,74824,EOM,30.161,30.161,,,30.161,2019-01-12 16:00:00,2019-01-12 15:00:00,germany_un_base_case_2019,74824,74824,2019-01-12 15:00:00
279,75960,75960,EOM,31.584,31.584,,,31.584,2019-01-12 17:00:00,2019-01-12 16:00:00,germany_un_base_case_2019,75960,75960,2019-01-12 16:00:00
280,77862,77862,EOM,36.484,36.484,,,36.484,2019-01-12 18:00:00,2019-01-12 17:00:00,germany_un_base_case_2019,77862,77862,2019-01-12 17:00:00
281,78035,78035,EOM,36.489,36.489,,,36.489,2019-01-12 19:00:00,2019-01-12 18:00:00,germany_un_base_case_2019,78035,78035,2019-01-12 18:00:00
282,76257,76257,EOM,35.661,35.661,,,35.661,2019-01-12 20:00:00,2019-01-12 19:00:00,germany_un_base_case_2019,76257,76257,2019-01-12 19:00:00
283,73722,73722,EOM,29.743,29.743,,,29.743,2019-01-12 21:00:00,2019-01-12 20:00:00,germany_un_base_case_2019,73722,73722,2019-01-12 20:00:00
284,69535,69535,EOM,27.785,27.785,,,27.785,2019-01-12 22:00:00,2019-01-12 21:00:00,germany_un_base_case_2019,69535,69535,2019-01-12 21:00:00
285,68816,68816,EOM,27.789,27.789,,,27.789,2019-01-12 23:00:00,2019-01-12 22:00:00,germany_un_base_case_2019,68816,68816,2019-01-12 22:00:00
286,66664,66664,EOM,22.359,22.359,,,22.359,2019-01-13 00:00:00,2019-01-12 23:00:00,germany_un_base_case_2019,66664,66664,2019-01-12 23:00:00
287,62722,62722,EOM,15.708,15.708,,,15.708,2019-01-13 01:00:00,2019-01-13 00:00:00,germany_un_base_case_2019,62722,62722,2019-01-13 00:00:00
288,60856,60856,EOM,15.336,15.336,,,15.336,2019-01-13 02:00:00,2019-01-13 01:00:00,germany_un_base_case_2019,60856,60856,2019-01-13 01:00:00
289,60346,60346,EOM,27.746,27.746,,,27.746,2019-01-13 03:00:00,2019-01-13 02:00:00,germany_un_base_case_2019,60346,60346,2019-01-13 02:00:00
290,59811,59811,EOM,27.813,27.813,,,27.813,2019-01-13 04:00:00,2019-01-13 03:00:00,germany_un_base_case_2019,59811,59811,2019-01-13 03:00:00
291,59175,59175,EOM,27.755,27.755,,,27.755,2019-01-13 05:00:00,2019-01-13 04:00:00,germany_un_base_case_2019,59175,59175,2019-01-13 04:00:00
292,58654,58654,EOM,27.76,27.76,,,27.76,2019-01-13 06:00:00,2019-01-13 05:00:00,germany_un_base_case_2019,58654,58654,2019-01-13 05:00:00
293,57916,57916,EOM,13.633,13.633,,,13.633,2019-01-13 07:00:00,2019-01-13 06:00:00,germany_un_base_case_2019,57916,57916,2019-01-13 06:00:00
294,60066,60066,EOM,27.769,27.769,,,27.769,2019-01-13 08:00:00,2019-01-13 07:00:00,germany_un_base_case_2019,60066,60066,2019-01-13 07:00:00
295,63935,63935,EOM,28.352,28.352,,,28.352,2019-01-13 09:00:00,2019-01-13 08:00:00,germany_un_base_case_2019,63935,63935,2019-01-13 08:00:00
296,67401,67401,EOM,30.33,30.33,,,30.33,2019-01-13 10:00:00,2019-01-13 09:00:00,germany_un_base_case_2019,67401,67401,2019-01-13 09:00:00
297,70335,70335,EOM,31.682,31.682,,,31.682,2019-01-13 11:00:00,2019-01-13 10:00:00,germany_un_base_case_2019,70335,70335,2019-01-13 10:00:00
298,73626,73626,EOM,36.179,36.179,,,36.179,2019-01-13 12:00:00,2019-01-13 11:00:00,germany_un_base_case_2019,73626,73626,2019-01-13 11:00:00
299,73094,73094,EOM,31.693,31.693,,,31.693,2019-01-13 13:00:00,2019-01-13 12:00:00,germany_un_base_case_2019,73094,73094,2019-01-13 12:00:00
300,71358,71358,EOM,28.376,28.376,,,28.376,2019-01-13 14:00:00,2019-01-13 13:00:00,germany_un_base_case_2019,71358,71358,2019-01-13 13:00:00
301,69949,69949,EOM,27.866,27.866,,,27.866,2019-01-13 15:00:00,2019-01-13 14:00:00,germany_un_base_case_2019,69949,69949,2019-01-13 14:00:00
302,69825,69825,EOM,27.807,27.807,,,27.807,2019-01-13 16:00:00,2019-01-13 15:00:00,germany_un_base_case_2019,69825,69825,2019-01-13 15:00:00
303,70717,70717,EOM,27.875,27.875,,,27.875,2019-01-13 17:00:00,2019-01-13 16:00:00,germany_un_base_case_2019,70717,70717,2019-01-13 16:00:00
304,73844,73844,EOM,29.85,29.85,,,29.85,2019-01-13 18:00:00,2019-01-13 17:00:00,germany_un_base_case_2019,73844,73844,2019-01-13 17:00:00
305,74593,74593,EOM,29.856,29.856,,,29.856,2019-01-13 19:00:00,2019-01-13 18:00:00,germany_un_base_case_2019,74593,74593,2019-01-13 18:00:00
306,73321,73321,EOM,27.889,27.889,,,27.889,2019-01-13 20:00:00,2019-01-13 19:00:00,germany_un_base_case_2019,73321,73321,2019-01-13 19:00:00
307,69792,69792,EOM,13.027,13.027,,,13.027,2019-01-13 21:00:00,2019-01-13 20:00:00,germany_un_base_case_2019,69792,69792,2019-01-13 20:00:00
308,68186,68186,EOM,13.027,13.027,,,13.027,2019-01-13 22:00:00,2019-01-13 21:00:00,germany_un_base_case_2019,68186,68186,2019-01-13 21:00:00
309,67890,67890,EOM,13.027,13.027,,,13.027,2019-01-13 23:00:00,2019-01-13 22:00:00,germany_un_base_case_2019,67890,67890,2019-01-13 22:00:00
310,65071,65071,EOM,13.027,13.027,,,13.027,2019-01-14 00:00:00,2019-01-13 23:00:00,germany_un_base_case_2019,65071,65071,2019-01-13 23:00:00
311,63860,63860,EOM,13.027,13.027,,,13.027,2019-01-14 01:00:00,2019-01-14 00:00:00,germany_un_base_case_2019,63860,63860,2019-01-14 00:00:00
312,61702,61702,EOM,13.027,13.027,,,13.027,2019-01-14 02:00:00,2019-01-14 01:00:00,germany_un_base_case_2019,61702,61702,2019-01-14 01:00:00
313,61053,61053,EOM,13.027,13.027,,,13.027,2019-01-14 03:00:00,2019-01-14 02:00:00,germany_un_base_case_2019,61053,61053,2019-01-14 02:00:00
314,60794,60794,EOM,13.027,13.027,,,13.027,2019-01-14 04:00:00,2019-01-14 03:00:00,germany_un_base_case_2019,60794,60794,2019-01-14 03:00:00
315,62175,62175,EOM,13.027,13.027,,,13.027,2019-01-14 05:00:00,2019-01-14 04:00:00,germany_un_base_case_2019,62175,62175,2019-01-14 04:00:00
316,66998,66998,EOM,30.425,30.425,,,30.425,2019-01-14 06:00:00,2019-01-14 05:00:00,germany_un_base_case_2019,66998,66998,2019-01-14 05:00:00
317,74429,74429,EOM,40.916,40.916,,,40.916,2019-01-14 07:00:00,2019-01-14 06:00:00,germany_un_base_case_2019,74429,74429,2019-01-14 06:00:00
318,78590,78590,EOM,55.781,55.781,,,55.781,2019-01-14 08:00:00,2019-01-14 07:00:00,germany_un_base_case_2019,78590,78590,2019-01-14 07:00:00
319,81075,81075,EOM,42.552,42.552,,,42.552,2019-01-14 09:00:00,2019-01-14 08:00:00,germany_un_base_case_2019,81075,81075,2019-01-14 08:00:00
320,82025,82025,EOM,42.556,42.556,,,42.556,2019-01-14 10:00:00,2019-01-14 09:00:00,germany_un_base_case_2019,82025,82025,2019-01-14 09:00:00
321,82339,82339,EOM,41.626,41.626,,,41.626,2019-01-14 11:00:00,2019-01-14 10:00:00,germany_un_base_case_2019,82339,82339,2019-01-14 10:00:00
322,83222,83222,EOM,40.933,40.933,,,40.933,2019-01-14 12:00:00,2019-01-14 11:00:00,germany_un_base_case_2019,83222,83222,2019-01-14 11:00:00
323,83630,83630,EOM,40.839,40.839,,,40.839,2019-01-14 13:00:00,2019-01-14 12:00:00,germany_un_base_case_2019,83630,83630,2019-01-14 12:00:00
324,83284,83284,EOM,40.941,40.941,,,40.941,2019-01-14 14:00:00,2019-01-14 13:00:00,germany_un_base_case_2019,83284,83284,2019-01-14 13:00:00
325,83296,83296,EOM,41.641,41.641,,,41.641,2019-01-14 15:00:00,2019-01-14 14:00:00,germany_un_base_case_2019,83296,83296,2019-01-14 14:00:00
326,82575,82575,EOM,42.472,42.472,,,42.472,2019-01-14 16:00:00,2019-01-14 15:00:00,germany_un_base_case_2019,82575,82575,2019-01-14 15:00:00
327,81468,81468,EOM,43.339,43.339,,,43.339,2019-01-14 17:00:00,2019-01-14 16:00:00,germany_un_base_case_2019,81468,81468,2019-01-14 16:00:00
328,84395,84395,EOM,60.257,60.257,,,60.257,2019-01-14 18:00:00,2019-01-14 17:00:00,germany_un_base_case_2019,84395,84395,2019-01-14 17:00:00
329,84316,84316,EOM,59.87,59.87,,,59.87,2019-01-14 19:00:00,2019-01-14 18:00:00,germany_un_base_case_2019,84316,84316,2019-01-14 18:00:00
330,82093,82093,EOM,45.92,45.92,,,45.92,2019-01-14 20:00:00,2019-01-14 19:00:00,germany_un_base_case_2019,82093,82093,2019-01-14 19:00:00
331,78759,78759,EOM,42.492,42.492,,,42.492,2019-01-14 21:00:00,2019-01-14 20:00:00,germany_un_base_case_2019,78759,78759,2019-01-14 20:00:00
332,76162,76162,EOM,41.668,41.668,,,41.668,2019-01-14 22:00:00,2019-01-14 21:00:00,germany_un_base_case_2019,76162,76162,2019-01-14 21:00:00
333,73446,73446,EOM,40.877,40.877,,,40.877,2019-01-14 23:00:00,2019-01-14 22:00:00,germany_un_base_case_2019,73446,73446,2019-01-14 22:00:00
334,69768,69768,EOM,36.853,36.853,,,36.853,2019-01-15 00:00:00,2019-01-14 23:00:00,germany_un_base_case_2019,69768,69768,2019-01-14 23:00:00
335,68544,68544,EOM,36.322,36.322,,,36.322,2019-01-15 01:00:00,2019-01-15 00:00:00,germany_un_base_case_2019,68544,68544,2019-01-15 00:00:00
336,67879,67879,EOM,35.892,35.892,,,35.892,2019-01-15 02:00:00,2019-01-15 01:00:00,germany_un_base_case_2019,67879,67879,2019-01-15 01:00:00
337,67152,67152,EOM,35.915,35.915,,,35.915,2019-01-15 03:00:00,2019-01-15 02:00:00,germany_un_base_case_2019,67152,67152,2019-01-15 02:00:00
338,66915,66915,EOM,31.151,31.151,,,31.151,2019-01-15 04:00:00,2019-01-15 03:00:00,germany_un_base_case_2019,66915,66915,2019-01-15 03:00:00
339,67624,67624,EOM,31.185,31.185,,,31.185,2019-01-15 05:00:00,2019-01-15 04:00:00,germany_un_base_case_2019,67624,67624,2019-01-15 04:00:00
340,72750,72750,EOM,36.983,36.983,,,36.983,2019-01-15 06:00:00,2019-01-15 05:00:00,germany_un_base_case_2019,72750,72750,2019-01-15 05:00:00
341,81910,81910,EOM,44.569,44.569,,,44.569,2019-01-15 07:00:00,2019-01-15 06:00:00,germany_un_base_case_2019,81910,81910,2019-01-15 06:00:00
342,86155,86155,EOM,63.156,63.156,,,63.156,2019-01-15 08:00:00,2019-01-15 07:00:00,germany_un_base_case_2019,86155,86155,2019-01-15 07:00:00
343,87712,87712,EOM,64.389,64.389,,,64.389,2019-01-15 09:00:00,2019-01-15 08:00:00,germany_un_base_case_2019,87712,87712,2019-01-15 08:00:00
344,88119,88119,EOM,63.346,63.346,,,63.346,2019-01-15 10:00:00,2019-01-15 09:00:00,germany_un_base_case_2019,88119,88119,2019-01-15 09:00:00
345,87696,87696,EOM,62.46,62.46,,,62.46,2019-01-15 11:00:00,2019-01-15 10:00:00,germany_un_base_case_2019,87696,87696,2019-01-15 10:00:00
346,87728,87728,EOM,50.524,50.524,,,50.524,2019-01-15 12:00:00,2019-01-15 11:00:00,germany_un_base_case_2019,87728,87728,2019-01-15 11:00:00
347,86460,86460,EOM,44.747,44.747,,,44.747,2019-01-15 13:00:00,2019-01-15 12:00:00,germany_un_base_case_2019,86460,86460,2019-01-15 12:00:00
348,86945,86945,EOM,44.776,44.776,,,44.776,2019-01-15 14:00:00,2019-01-15 13:00:00,germany_un_base_case_2019,86945,86945,2019-01-15 13:00:00
349,86894,86894,EOM,48.065,48.065,,,48.065,2019-01-15 15:00:00,2019-01-15 14:00:00,germany_un_base_case_2019,86894,86894,2019-01-15 14:00:00
350,85800,85800,EOM,44.835,44.835,,,44.835,2019-01-15 16:00:00,2019-01-15 15:00:00,germany_un_base_case_2019,85800,85800,2019-01-15 15:00:00
351,86852,86852,EOM,46.944,46.944,,,46.944,2019-01-15 17:00:00,2019-01-15 16:00:00,germany_un_base_case_2019,86852,86852,2019-01-15 16:00:00
0,88046,88046,EOM,48.16,48.16,,,48.16,2019-01-15 18:00:00,2019-01-15 17:00:00,germany_un_base_case_2019,88046,88046,2019-01-15 17:00:00
1,87097,87097,EOM,44.923,44.923,,,44.923,2019-01-15 19:00:00,2019-01-15 18:00:00,germany_un_base_case_2019,87097,87097,2019-01-15 18:00:00
2,84827,84827,EOM,43.924,43.924,,,43.924,2019-01-15 20:00:00,2019-01-15 19:00:00,germany_un_base_case_2019,84827,84827,2019-01-15 19:00:00
3,81225,81225,EOM,42.238,42.238,,,42.238,2019-01-15 21:00:00,2019-01-15 20:00:00,germany_un_base_case_2019,81225,81225,2019-01-15 20:00:00
4,78027,78027,EOM,40.873,40.873,,,40.873,2019-01-15 22:00:00,2019-01-15 21:00:00,germany_un_base_case_2019,78027,78027,2019-01-15 21:00:00
5,75655,75655,EOM,39.065,39.065,,,39.065,2019-01-15 23:00:00,2019-01-15 22:00:00,germany_un_base_case_2019,75655,75655,2019-01-15 22:00:00
6,71787,71787,EOM,36.408,36.408,,,36.408,2019-01-16 00:00:00,2019-01-15 23:00:00,germany_un_base_case_2019,71787,71787,2019-01-15 23:00:00
7,67008,67008,EOM,28.737,28.737,,,28.737,2019-01-16 01:00:00,2019-01-16 00:00:00,germany_un_base_case_2019,67008,67008,2019-01-16 00:00:00
8,64957,64957,EOM,28.683,28.683,,,28.683,2019-01-16 02:00:00,2019-01-16 01:00:00,germany_un_base_case_2019,64957,64957,2019-01-16 01:00:00
9,64581,64581,EOM,28.758,28.758,,,28.758,2019-01-16 03:00:00,2019-01-16 02:00:00,germany_un_base_case_2019,64581,64581,2019-01-16 02:00:00
10,64787,64787,EOM,29.234,29.234,,,29.234,2019-01-16 04:00:00,2019-01-16 03:00:00,germany_un_base_case_2019,64787,64787,2019-01-16 03:00:00
11,65814,65814,EOM,31.278,31.278,,,31.278,2019-01-16 05:00:00,2019-01-16 04:00:00,germany_un_base_case_2019,65814,65814,2019-01-16 04:00:00
12,69036,69036,EOM,37.481,37.481,,,37.481,2019-01-16 06:00:00,2019-01-16 05:00:00,germany_un_base_case_2019,69036,69036,2019-01-16 05:00:00
13,77377,77377,EOM,47.25,47.25,,,47.25,2019-01-16 07:00:00,2019-01-16 06:00:00,germany_un_base_case_2019,77377,77377,2019-01-16 06:00:00
14,83241,83241,EOM,64.449,64.449,,,64.449,2019-01-16 08:00:00,2019-01-16 07:00:00,germany_un_base_case_2019,83241,83241,2019-01-16 07:00:00
15,84675,84675,EOM,66.282,66.282,,,66.282,2019-01-16 09:00:00,2019-01-16 08:00:00,germany_un_base_case_2019,84675,84675,2019-01-16 08:00:00
16,85409,85409,EOM,64.161,64.161,,,64.161,2019-01-16 10:00:00,2019-01-16 09:00:00,germany_un_base_case_2019,85409,85409,2019-01-16 09:00:00
17,85668,85668,EOM,61.767,61.767,,,61.767,2019-01-16 11:00:00,2019-01-16 10:00:00,germany_un_base_case_2019,85668,85668,2019-01-16 10:00:00
18,85924,85924,EOM,51.082,51.082,,,51.082,2019-01-16 12:00:00,2019-01-16 11:00:00,germany_un_base_case_2019,85924,85924,2019-01-16 11:00:00
19,86351,86351,EOM,47.318,47.318,,,47.318,2019-01-16 13:00:00,2019-01-16 12:00:00,germany_un_base_case_2019,86351,86351,2019-01-16 12:00:00
20,86381,86381,EOM,51.106,51.106,,,51.106,2019-01-16 14:00:00,2019-01-16 13:00:00,germany_un_base_case_2019,86381,86381,2019-01-16 13:00:00
21,85389,85389,EOM,61.874,61.874,,,61.874,2019-01-16 15:00:00,2019-01-16 14:00:00,germany_un_base_case_2019,85389,85389,2019-01-16 14:00:00
22,84982,84982,EOM,65.734,65.734,,,65.734,2019-01-16 16:00:00,2019-01-16 15:00:00,germany_un_base_case_2019,84982,84982,2019-01-16 15:00:00
23,84224,84224,EOM,67.015,67.015,,,67.015,2019-01-16 17:00:00,2019-01-16 16:00:00,germany_un_base_case_2019,84224,84224,2019-01-16 16:00:00
24,87009,87009,EOM,74.538,74.538,,,74.538,2019-01-16 18:00:00,2019-01-16 17:00:00,germany_un_base_case_2019,87009,87009,2019-01-16 17:00:00
25,86996,86996,EOM,67.37,67.37,,,67.37,2019-01-16 19:00:00,2019-01-16 18:00:00,germany_un_base_case_2019,86996,86996,2019-01-16 18:00:00
26,86068,86068,EOM,62.505,62.505,,,62.505,2019-01-16 20:00:00,2019-01-16 19:00:00,germany_un_base_case_2019,86068,86068,2019-01-16 19:00:00
27,82184,82184,EOM,44.265,44.265,,,44.265,2019-01-16 21:00:00,2019-01-16 20:00:00,germany_un_base_case_2019,82184,82184,2019-01-16 20:00:00
28,78377,78377,EOM,41.835,41.835,,,41.835,2019-01-16 22:00:00,2019-01-16 21:00:00,germany_un_base_case_2019,78377,78377,2019-01-16 21:00:00
29,75907,75907,EOM,38.62,38.62,,,38.62,2019-01-16 23:00:00,2019-01-16 22:00:00,germany_un_base_case_2019,75907,75907,2019-01-16 22:00:00
30,72420,72420,EOM,32.982,32.982,,,32.982,2019-01-17 00:00:00,2019-01-16 23:00:00,germany_un_base_case_2019,72420,72420,2019-01-16 23:00:00
31,69274,69274,EOM,30.58,30.58,,,30.58,2019-01-17 01:00:00,2019-01-17 00:00:00,germany_un_base_case_2019,69274,69274,2019-01-17 00:00:00
32,68250,68250,EOM,29.388,29.388,,,29.388,2019-01-17 02:00:00,2019-01-17 01:00:00,germany_un_base_case_2019,68250,68250,2019-01-17 01:00:00
33,67198,67198,EOM,29.036,29.036,,,29.036,2019-01-17 03:00:00,2019-01-17 02:00:00,germany_un_base_case_2019,67198,67198,2019-01-17 02:00:00
34,67377,67377,EOM,29.084,29.084,,,29.084,2019-01-17 04:00:00,2019-01-17 03:00:00,germany_un_base_case_2019,67377,67377,2019-01-17 03:00:00
35,68591,68591,EOM,29.198,29.198,,,29.198,2019-01-17 05:00:00,2019-01-17 04:00:00,germany_un_base_case_2019,68591,68591,2019-01-17 04:00:00
36,71997,71997,EOM,36.824,36.824,,,36.824,2019-01-17 06:00:00,2019-01-17 05:00:00,germany_un_base_case_2019,71997,71997,2019-01-17 05:00:00
37,79328,79328,EOM,43.057,43.057,,,43.057,2019-01-17 07:00:00,2019-01-17 06:00:00,germany_un_base_case_2019,79328,79328,2019-01-17 06:00:00
38,85336,85336,EOM,61.18,61.18,,,61.18,2019-01-17 08:00:00,2019-01-17 07:00:00,germany_un_base_case_2019,85336,85336,2019-01-17 07:00:00
39,88083,88083,EOM,64.938,64.938,,,64.938,2019-01-17 09:00:00,2019-01-17 08:00:00,germany_un_base_case_2019,88083,88083,2019-01-17 08:00:00
40,87303,87303,EOM,63.282,63.282,,,63.282,2019-01-17 10:00:00,2019-01-17 09:00:00,germany_un_base_case_2019,87303,87303,2019-01-17 09:00:00
41,87968,87968,EOM,61.711,61.711,,,61.711,2019-01-17 11:00:00,2019-01-17 10:00:00,germany_un_base_case_2019,87968,87968,2019-01-17 10:00:00
42,88941,88941,EOM,61.659,61.659,,,61.659,2019-01-17 12:00:00,2019-01-17 11:00:00,germany_un_base_case_2019,88941,88941,2019-01-17 11:00:00
43,88636,88636,EOM,60.98,60.98,,,60.98,2019-01-17 13:00:00,2019-01-17 12:00:00,germany_un_base_case_2019,88636,88636,2019-01-17 12:00:00
44,88231,88231,EOM,61.552,61.552,,,61.552,2019-01-17 14:00:00,2019-01-17 13:00:00,germany_un_base_case_2019,88231,88231,2019-01-17 13:00:00
45,86630,86630,EOM,62.292,62.292,,,62.292,2019-01-17 15:00:00,2019-01-17 14:00:00,germany_un_base_case_2019,86630,86630,2019-01-17 14:00:00
46,85390,85390,EOM,64.082,64.082,,,64.082,2019-01-17 16:00:00,2019-01-17 15:00:00,germany_un_base_case_2019,85390,85390,2019-01-17 15:00:00
47,84839,84839,EOM,64.047,64.047,,,64.047,2019-01-17 17:00:00,2019-01-17 16:00:00,germany_un_base_case_2019,84839,84839,2019-01-17 16:00:00
48,87394,87394,EOM,65.873,65.873,,,65.873,2019-01-17 18:00:00,2019-01-17 17:00:00,germany_un_base_case_2019,87394,87394,2019-01-17 17:00:00
49,87740,87740,EOM,65.891,65.891,,,65.891,2019-01-17 19:00:00,2019-01-17 18:00:00,germany_un_base_case_2019,87740,87740,2019-01-17 18:00:00
50,84573,84573,EOM,60.916,60.916,,,60.916,2019-01-17 20:00:00,2019-01-17 19:00:00,germany_un_base_case_2019,84573,84573,2019-01-17 19:00:00
51,82741,82741,EOM,57.405,57.405,,,57.405,2019-01-17 21:00:00,2019-01-17 20:00:00,germany_un_base_case_2019,82741,82741,2019-01-17 20:00:00
52,79894,79894,EOM,48.463,48.463,,,48.463,2019-01-17 22:00:00,2019-01-17 21:00:00,germany_un_base_case_2019,79894,79894,2019-01-17 21:00:00
53,77651,77651,EOM,46.359,46.359,,,46.359,2019-01-17 23:00:00,2019-01-17 22:00:00,germany_un_base_case_2019,77651,77651,2019-01-17 22:00:00
54,72268,72268,EOM,43.785,43.785,,,43.785,2019-01-18 00:00:00,2019-01-17 23:00:00,germany_un_base_case_2019,72268,72268,2019-01-17 23:00:00
55,71322,71322,EOM,44.464,44.464,,,44.464,2019-01-18 01:00:00,2019-01-18 00:00:00,germany_un_base_case_2019,71322,71322,2019-01-18 00:00:00
56,68038,68038,EOM,43.59,43.59,,,43.59,2019-01-18 02:00:00,2019-01-18 01:00:00,germany_un_base_case_2019,68038,68038,2019-01-18 01:00:00
57,67299,67299,EOM,44.451,44.451,,,44.451,2019-01-18 03:00:00,2019-01-18 02:00:00,germany_un_base_case_2019,67299,67299,2019-01-18 02:00:00
58,68223,68223,EOM,48.566,48.566,,,48.566,2019-01-18 04:00:00,2019-01-18 03:00:00,germany_un_base_case_2019,68223,68223,2019-01-18 03:00:00
59,70848,70848,EOM,57.802,57.802,,,57.802,2019-01-18 05:00:00,2019-01-18 04:00:00,germany_un_base_case_2019,70848,70848,2019-01-18 04:00:00
60,72465,72465,EOM,62.875,62.875,,,62.875,2019-01-18 06:00:00,2019-01-18 05:00:00,germany_un_base_case_2019,72465,72465,2019-01-18 05:00:00
61,74838,74838,EOM,65.235,65.235,,,65.235,2019-01-18 07:00:00,2019-01-18 06:00:00,germany_un_base_case_2019,74838,74838,2019-01-18 06:00:00
62,80889,80889,EOM,71.909,71.909,,,71.909,2019-01-18 08:00:00,2019-01-18 07:00:00,germany_un_base_case_2019,80889,80889,2019-01-18 07:00:00
63,85115,85115,EOM,81.069,81.069,,,81.069,2019-01-18 09:00:00,2019-01-18 08:00:00,germany_un_base_case_2019,85115,85115,2019-01-18 08:00:00
64,84849,84849,EOM,74.319,74.319,,,74.319,2019-01-18 10:00:00,2019-01-18 09:00:00,germany_un_base_case_2019,84849,84849,2019-01-18 09:00:00
65,84312,84312,EOM,73.034,73.034,,,73.034,2019-01-18 11:00:00,2019-01-18 10:00:00,germany_un_base_case_2019,84312,84312,2019-01-18 10:00:00
66,84376,84376,EOM,68.907,68.907,,,68.907,2019-01-18 12:00:00,2019-01-18 11:00:00,germany_un_base_case_2019,84376,84376,2019-01-18 11:00:00
67,84369,84369,EOM,66.494,66.494,,,66.494,2019-01-18 13:00:00,2019-01-18 12:00:00,germany_un_base_case_2019,84369,84369,2019-01-18 12:00:00
68,82934,82934,EOM,65.351,65.351,,,65.351,2019-01-18 14:00:00,2019-01-18 13:00:00,germany_un_base_case_2019,82934,82934,2019-01-18 13:00:00
69,80752,80752,EOM,65.568,65.568,,,65.568,2019-01-18 15:00:00,2019-01-18 14:00:00,germany_un_base_case_2019,80752,80752,2019-01-18 14:00:00
70,77759,77759,EOM,66.867,66.867,,,66.867,2019-01-18 16:00:00,2019-01-18 15:00:00,germany_un_base_case_2019,77759,77759,2019-01-18 15:00:00
71,77374,77374,EOM,72.682,72.682,,,72.682,2019-01-18 17:00:00,2019-01-18 16:00:00,germany_un_base_case_2019,77374,77374,2019-01-18 16:00:00
72,79556,79556,EOM,73.244,73.244,,,73.244,2019-01-18 18:00:00,2019-01-18 17:00:00,germany_un_base_case_2019,79556,79556,2019-01-18 17:00:00
73,81168,81168,EOM,77.635,77.635,,,77.635,2019-01-18 19:00:00,2019-01-18 18:00:00,germany_un_base_case_2019,81168,81168,2019-01-18 18:00:00
74,78619,78619,EOM,71.911,71.911,,,71.911,2019-01-18 20:00:00,2019-01-18 19:00:00,germany_un_base_case_2019,78619,78619,2019-01-18 19:00:00
75,75317,75317,EOM,68.126,68.126,,,68.126,2019-01-18 21:00:00,2019-01-18 20:00:00,germany_un_base_case_2019,75317,75317,2019-01-18 20:00:00
76,74663,74663,EOM,67.656,67.656,,,67.656,2019-01-18 22:00:00,2019-01-18 21:00:00,germany_un_base_case_2019,74663,74663,2019-01-18 21:00:00
77,73327,73327,EOM,66.575,66.575,,,66.575,2019-01-18 23:00:00,2019-01-18 22:00:00,germany_un_base_case_2019,73327,73327,2019-01-18 22:00:00
78,70578,70578,EOM,65.51,65.51,,,65.51,2019-01-19 00:00:00,2019-01-18 23:00:00,germany_un_base_case_2019,70578,70578,2019-01-18 23:00:00
79,65584,65584,EOM,60.295,60.295,,,60.295,2019-01-19 01:00:00,2019-01-19 00:00:00,germany_un_base_case_2019,65584,65584,2019-01-19 00:00:00
80,64303,64303,EOM,59.834,59.834,,,59.834,2019-01-19 02:00:00,2019-01-19 01:00:00,germany_un_base_case_2019,64303,64303,2019-01-19 01:00:00
81,64350,64350,EOM,59.118,59.118,,,59.118,2019-01-19 03:00:00,2019-01-19 02:00:00,germany_un_base_case_2019,64350,64350,2019-01-19 02:00:00
82,61692,61692,EOM,53.187,53.187,,,53.187,2019-01-19 04:00:00,2019-01-19 03:00:00,germany_un_base_case_2019,61692,61692,2019-01-19 03:00:00
83,62233,62233,EOM,56.376,56.376,,,56.376,2019-01-19 05:00:00,2019-01-19 04:00:00,germany_un_base_case_2019,62233,62233,2019-01-19 04:00:00
84,61431,61431,EOM,52.352,52.352,,,52.352,2019-01-19 06:00:00,2019-01-19 05:00:00,germany_un_base_case_2019,61431,61431,2019-01-19 05:00:00
85,62670,62670,EOM,58.935,58.935,,,58.935,2019-01-19 07:00:00,2019-01-19 06:00:00,germany_un_base_case_2019,62670,62670,2019-01-19 06:00:00
86,64985,64985,EOM,61.36,61.36,,,61.36,2019-01-19 08:00:00,2019-01-19 07:00:00,germany_un_base_case_2019,64985,64985,2019-01-19 07:00:00
87,67149,67149,EOM,62.365,62.365,,,62.365,2019-01-19 09:00:00,2019-01-19 08:00:00,germany_un_base_case_2019,67149,67149,2019-01-19 08:00:00
88,70912,70912,EOM,62.561,62.561,,,62.561,2019-01-19 10:00:00,2019-01-19 09:00:00,germany_un_base_case_2019,70912,70912,2019-01-19 09:00:00
89,76331,76331,EOM,62.358,62.358,,,62.358,2019-01-19 11:00:00,2019-01-19 10:00:00,germany_un_base_case_2019,76331,76331,2019-01-19 10:00:00
90,77869,77869,EOM,62.355,62.355,,,62.355,2019-01-19 12:00:00,2019-01-19 11:00:00,germany_un_base_case_2019,77869,77869,2019-01-19 11:00:00
91,75820,75820,EOM,60.687,60.687,,,60.687,2019-01-19 13:00:00,2019-01-19 12:00:00,germany_un_base_case_2019,75820,75820,2019-01-19 12:00:00
92,73579,73579,EOM,60.712,60.712,,,60.712,2019-01-19 14:00:00,2019-01-19 13:00:00,germany_un_base_case_2019,73579,73579,2019-01-19 13:00:00
93,69492,69492,EOM,60.737,60.737,,,60.737,2019-01-19 15:00:00,2019-01-19 14:00:00,germany_un_base_case_2019,69492,69492,2019-01-19 14:00:00
94,68495,68495,EOM,63.474,63.474,,,63.474,2019-01-19 16:00:00,2019-01-19 15:00:00,germany_un_base_case_2019,68495,68495,2019-01-19 15:00:00
95,69291,69291,EOM,65.913,65.913,,,65.913,2019-01-19 17:00:00,2019-01-19 16:00:00,germany_un_base_case_2019,69291,69291,2019-01-19 16:00:00
96,73538,73538,EOM,69.286,69.286,,,69.286,2019-01-19 18:00:00,2019-01-19 17:00:00,germany_un_base_case_2019,73538,73538,2019-01-19 17:00:00
97,74542,74542,EOM,69.082,69.082,,,69.082,2019-01-19 19:00:00,2019-01-19 18:00:00,germany_un_base_case_2019,74542,74542,2019-01-19 18:00:00
98,71961,71961,EOM,66.025,66.025,,,66.025,2019-01-19 20:00:00,2019-01-19 19:00:00,germany_un_base_case_2019,71961,71961,2019-01-19 19:00:00
99,69862,69862,EOM,65.259,65.259,,,65.259,2019-01-19 21:00:00,2019-01-19 20:00:00,germany_un_base_case_2019,69862,69862,2019-01-19 20:00:00
100,67607,67607,EOM,62.408,62.408,,,62.408,2019-01-19 22:00:00,2019-01-19 21:00:00,germany_un_base_case_2019,67607,67607,2019-01-19 21:00:00
101,66513,66513,EOM,61.683,61.683,,,61.683,2019-01-19 23:00:00,2019-01-19 22:00:00,germany_un_base_case_2019,66513,66513,2019-01-19 22:00:00
102,64115,64115,EOM,55.987,55.987,,,55.987,2019-01-20 00:00:00,2019-01-19 23:00:00,germany_un_base_case_2019,64115,64115,2019-01-19 23:00:00
103,63402,63402,EOM,58.052,58.052,,,58.052,2019-01-20 01:00:00,2019-01-20 00:00:00,germany_un_base_case_2019,63402,63402,2019-01-20 00:00:00
104,61497,61497,EOM,54.04,54.04,,,54.04,2019-01-20 02:00:00,2019-01-20 01:00:00,germany_un_base_case_2019,61497,61497,2019-01-20 01:00:00
105,60088,60088,EOM,54.066,54.066,,,54.066,2019-01-20 03:00:00,2019-01-20 02:00:00,germany_un_base_case_2019,60088,60088,2019-01-20 02:00:00
106,59991,59991,EOM,56.632,56.632,,,56.632,2019-01-20 04:00:00,2019-01-20 03:00:00,germany_un_base_case_2019,59991,59991,2019-01-20 03:00:00
107,58901,58901,EOM,55.037,55.037,,,55.037,2019-01-20 05:00:00,2019-01-20 04:00:00,germany_un_base_case_2019,58901,58901,2019-01-20 04:00:00
108,59001,59001,EOM,54.647,54.647,,,54.647,2019-01-20 06:00:00,2019-01-20 05:00:00,germany_un_base_case_2019,59001,59001,2019-01-20 05:00:00
109,59678,59678,EOM,59.988,59.988,,,59.988,2019-01-20 07:00:00,2019-01-20 06:00:00,germany_un_base_case_2019,59678,59678,2019-01-20 06:00:00
110,61077,61077,EOM,61.891,61.891,,,61.891,2019-01-20 08:00:00,2019-01-20 07:00:00,germany_un_base_case_2019,61077,61077,2019-01-20 07:00:00
111,63749,63749,EOM,63.425,63.425,,,63.425,2019-01-20 09:00:00,2019-01-20 08:00:00,germany_un_base_case_2019,63749,63749,2019-01-20 08:00:00
112,66531,66531,EOM,62.944,62.944,,,62.944,2019-01-20 10:00:00,2019-01-20 09:00:00,germany_un_base_case_2019,66531,66531,2019-01-20 09:00:00
113,69665,69665,EOM,63.497,63.497,,,63.497,2019-01-20 11:00:00,2019-01-20 10:00:00,germany_un_base_case_2019,69665,69665,2019-01-20 10:00:00
114,71464,71464,EOM,63.015,63.015,,,63.015,2019-01-20 12:00:00,2019-01-20 11:00:00,germany_un_base_case_2019,71464,71464,2019-01-20 11:00:00
115,72139,72139,EOM,62.041,62.041,,,62.041,2019-01-20 13:00:00,2019-01-20 12:00:00,germany_un_base_case_2019,72139,72139,2019-01-20 12:00:00
116,70875,70875,EOM,61.392,61.392,,,61.392,2019-01-20 14:00:00,2019-01-20 13:00:00,germany_un_base_case_2019,70875,70875,2019-01-20 13:00:00
117,69780,69780,EOM,63.645,63.645,,,63.645,2019-01-20 15:00:00,2019-01-20 14:00:00,germany_un_base_case_2019,69780,69780,2019-01-20 14:00:00
118,65982,65982,EOM,64.097,64.097,,,64.097,2019-01-20 16:00:00,2019-01-20 15:00:00,germany_un_base_case_2019,65982,65982,2019-01-20 15:00:00
119,64605,64605,EOM,65.335,65.335,,,65.335,2019-01-20 17:00:00,2019-01-20 16:00:00,germany_un_base_case_2019,64605,64605,2019-01-20 16:00:00
120,69220,69220,EOM,67.668,67.668,,,67.668,2019-01-20 18:00:00,2019-01-20 17:00:00,germany_un_base_case_2019,69220,69220,2019-01-20 17:00:00
121,70905,70905,EOM,68.944,68.944,,,68.944,2019-01-20 19:00:00,2019-01-20 18:00:00,germany_un_base_case_2019,70905,70905,2019-01-20 18:00:00
122,70699,70699,EOM,68.358,68.358,,,68.358,2019-01-20 20:00:00,2019-01-20 19:00:00,germany_un_base_case_2019,70699,70699,2019-01-20 19:00:00
123,69199,69199,EOM,66.813,66.813,,,66.813,2019-01-20 21:00:00,2019-01-20 20:00:00,germany_un_base_case_2019,69199,69199,2019-01-20 20:00:00
124,67190,67190,EOM,65.37,65.37,,,65.37,2019-01-20 22:00:00,2019-01-20 21:00:00,germany_un_base_case_2019,67190,67190,2019-01-20 21:00:00
125,68746,68746,EOM,65.005,65.005,,,65.005,2019-01-20 23:00:00,2019-01-20 22:00:00,germany_un_base_case_2019,68746,68746,2019-01-20 22:00:00
126,65541,65541,EOM,63.094,63.094,,,63.094,2019-01-21 00:00:00,2019-01-20 23:00:00,germany_un_base_case_2019,65541,65541,2019-01-20 23:00:00
127,65108,65108,EOM,61.356,61.356,,,61.356,2019-01-21 01:00:00,2019-01-21 00:00:00,germany_un_base_case_2019,65108,65108,2019-01-21 00:00:00
128,64482,64482,EOM,61.37,61.37,,,61.37,2019-01-21 02:00:00,2019-01-21 01:00:00,germany_un_base_case_2019,64482,64482,2019-01-21 01:00:00
129,63581,63581,EOM,59.261,59.261,,,59.261,2019-01-21 03:00:00,2019-01-21 02:00:00,germany_un_base_case_2019,63581,63581,2019-01-21 02:00:00
130,63886,63886,EOM,53.924,53.924,,,53.924,2019-01-21 04:00:00,2019-01-21 03:00:00,germany_un_base_case_2019,63886,63886,2019-01-21 03:00:00
131,66018,66018,EOM,61.376,61.376,,,61.376,2019-01-21 05:00:00,2019-01-21 04:00:00,germany_un_base_case_2019,66018,66018,2019-01-21 04:00:00
132,70344,70344,EOM,64.206,64.206,,,64.206,2019-01-21 06:00:00,2019-01-21 05:00:00,germany_un_base_case_2019,70344,70344,2019-01-21 05:00:00
133,75947,75947,EOM,68.428,68.428,,,68.428,2019-01-21 07:00:00,2019-01-21 06:00:00,germany_un_base_case_2019,75947,75947,2019-01-21 06:00:00
134,80524,80524,EOM,83.134,83.134,,,83.134,2019-01-21 08:00:00,2019-01-21 07:00:00,germany_un_base_case_2019,80524,80524,2019-01-21 07:00:00
135,82802,82802,EOM,99.932,99.932,,,99.932,2019-01-21 09:00:00,2019-01-21 08:00:00,germany_un_base_case_2019,82802,82802,2019-01-21 08:00:00
136,83538,83538,EOM,89.037,89.037,,,89.037,2019-01-21 10:00:00,2019-01-21 09:00:00,germany_un_base_case_2019,83538,83538,2019-01-21 09:00:00
137,83077,83077,EOM,70.483,70.483,,,70.483,2019-01-21 11:00:00,2019-01-21 10:00:00,germany_un_base_case_2019,83077,83077,2019-01-21 10:00:00
138,84754,84754,EOM,67.814,67.814,,,67.814,2019-01-21 12:00:00,2019-01-21 11:00:00,germany_un_base_case_2019,84754,84754,2019-01-21 11:00:00
139,84638,84638,EOM,66.502,66.502,,,66.502,2019-01-21 13:00:00,2019-01-21 12:00:00,germany_un_base_case_2019,84638,84638,2019-01-21 12:00:00
140,84065,84065,EOM,66.378,66.378,,,66.378,2019-01-21 14:00:00,2019-01-21 13:00:00,germany_un_base_case_2019,84065,84065,2019-01-21 13:00:00
141,83150,83150,EOM,68.579,68.579,,,68.579,2019-01-21 15:00:00,2019-01-21 14:00:00,germany_un_base_case_2019,83150,83150,2019-01-21 14:00:00
142,81004,81004,EOM,67.92,67.92,,,67.92,2019-01-21 16:00:00,2019-01-21 15:00:00,germany_un_base_case_2019,81004,81004,2019-01-21 15:00:00
143,79280,79280,EOM,73.821,73.821,,,73.821,2019-01-21 17:00:00,2019-01-21 16:00:00,germany_un_base_case_2019,79280,79280,2019-01-21 16:00:00
144,82267,82267,EOM,101.21,101.21,,,101.21,2019-01-21 18:00:00,2019-01-21 17:00:00,germany_un_base_case_2019,82267,82267,2019-01-21 17:00:00
145,84030,84030,EOM,109.25,109.25,,,109.25,2019-01-21 19:00:00,2019-01-21 18:00:00,germany_un_base_case_2019,84030,84030,2019-01-21 18:00:00
146,81720,81720,EOM,77.744,77.744,,,77.744,2019-01-21 20:00:00,2019-01-21 19:00:00,germany_un_base_case_2019,81720,81720,2019-01-21 19:00:00
147,77824,77824,EOM,72.288,72.288,,,72.288,2019-01-21 21:00:00,2019-01-21 20:00:00,germany_un_base_case_2019,77824,77824,2019-01-21 20:00:00
148,77061,77061,EOM,71.372,71.372,,,71.372,2019-01-21 22:00:00,2019-01-21 21:00:00,germany_un_base_case_2019,77061,77061,2019-01-21 21:00:00
149,74702,74702,EOM,66.569,66.569,,,66.569,2019-01-21 23:00:00,2019-01-21 22:00:00,germany_un_base_case_2019,74702,74702,2019-01-21 22:00:00
150,72210,72210,EOM,64.492,64.492,,,64.492,2019-01-22 00:00:00,2019-01-21 23:00:00,germany_un_base_case_2019,72210,72210,2019-01-21 23:00:00
151,69623,69623,EOM,63.358,63.358,,,63.358,2019-01-22 01:00:00,2019-01-22 00:00:00,germany_un_base_case_2019,69623,69623,2019-01-22 00:00:00
152,68174,68174,EOM,60.18,60.18,,,60.18,2019-01-22 02:00:00,2019-01-22 01:00:00,germany_un_base_case_2019,68174,68174,2019-01-22 01:00:00
153,66188,66188,EOM,56.031,56.031,,,56.031,2019-01-22 03:00:00,2019-01-22 02:00:00,germany_un_base_case_2019,66188,66188,2019-01-22 02:00:00
154,66389,66389,EOM,53.141,53.141,,,53.141,2019-01-22 04:00:00,2019-01-22 03:00:00,germany_un_base_case_2019,66389,66389,2019-01-22 03:00:00
155,67625,67625,EOM,53.687,53.687,,,53.687,2019-01-22 05:00:00,2019-01-22 04:00:00,germany_un_base_case_2019,67625,67625,2019-01-22 04:00:00
156,71374,71374,EOM,60.613,60.613,,,60.613,2019-01-22 06:00:00,2019-01-22 05:00:00,germany_un_base_case_2019,71374,71374,2019-01-22 05:00:00
157,76727,76727,EOM,64.7,64.7,,,64.7,2019-01-22 07:00:00,2019-01-22 06:00:00,germany_un_base_case_2019,76727,76727,2019-01-22 06:00:00
158,82613,82613,EOM,72.187,72.187,,,72.187,2019-01-22 08:00:00,2019-01-22 07:00:00,germany_un_base_case_2019,82613,82613,2019-01-22 07:00:00
159,83797,83797,EOM,75.193,75.193,,,75.193,2019-01-22 09:00:00,2019-01-22 08:00:00,germany_un_base_case_2019,83797,83797,2019-01-22 08:00:00
160,85698,85698,EOM,74.088,74.088,,,74.088,2019-01-22 10:00:00,2019-01-22 09:00:00,germany_un_base_case_2019,85698,85698,2019-01-22 09:00:00
161,86154,86154,EOM,70.576,70.576,,,70.576,2019-01-22 11:00:00,2019-01-22 10:00:00,germany_un_base_case_2019,86154,86154,2019-01-22 10:00:00
162,87124,87124,EOM,69.201,69.201,,,69.201,2019-01-22 12:00:00,2019-01-22 11:00:00,germany_un_base_case_2019,87124,87124,2019-01-22 11:00:00
163,87495,87495,EOM,68.261,68.261,,,68.261,2019-01-22 13:00:00,2019-01-22 12:00:00,germany_un_base_case_2019,87495,87495,2019-01-22 12:00:00
164,87139,87139,EOM,68.886,68.886,,,68.886,2019-01-22 14:00:00,2019-01-22 13:00:00,germany_un_base_case_2019,87139,87139,2019-01-22 13:00:00
165,85787,85787,EOM,68.729,68.729,,,68.729,2019-01-22 15:00:00,2019-01-22 14:00:00,germany_un_base_case_2019,85787,85787,2019-01-22 14:00:00
166,85075,85075,EOM,70.018,70.018,,,70.018,2019-01-22 16:00:00,2019-01-22 15:00:00,germany_un_base_case_2019,85075,85075,2019-01-22 15:00:00
167,83904,83904,EOM,67.686,67.686,,,67.686,2019-01-22 17:00:00,2019-01-22 16:00:00,germany_un_base_case_2019,83904,83904,2019-01-22 16:00:00
168,87350,87350,EOM,75.11,75.11,,,75.11,2019-01-22 18:00:00,2019-01-22 17:00:00,germany_un_base_case_2019,87350,87350,2019-01-22 17:00:00
169,87280,87280,EOM,71.445,71.445,,,71.445,2019-01-22 19:00:00,2019-01-22 18:00:00,germany_un_base_case_2019,87280,87280,2019-01-22 18:00:00
170,86059,86059,EOM,69.544,69.544,,,69.544,2019-01-22 20:00:00,2019-01-22 19:00:00,germany_un_base_case_2019,86059,86059,2019-01-22 19:00:00
171,82574,82574,EOM,66.303,66.303,,,66.303,2019-01-22 21:00:00,2019-01-22 20:00:00,germany_un_base_case_2019,82574,82574,2019-01-22 20:00:00
172,78782,78782,EOM,63.072,63.072,,,63.072,2019-01-22 22:00:00,2019-01-22 21:00:00,germany_un_base_case_2019,78782,78782,2019-01-22 21:00:00
173,76919,76919,EOM,61.585,61.585,,,61.585,2019-01-22 23:00:00,2019-01-22 22:00:00,germany_un_base_case_2019,76919,76919,2019-01-22 22:00:00
174,73516,73516,EOM,58.695,58.695,,,58.695,2019-01-23 00:00:00,2019-01-22 23:00:00,germany_un_base_case_2019,73516,73516,2019-01-22 23:00:00
175,72388,72388,EOM,58.556,58.556,,,58.556,2019-01-23 01:00:00,2019-01-23 00:00:00,germany_un_base_case_2019,72388,72388,2019-01-23 00:00:00
176,70523,70523,EOM,56.577,56.577,,,56.577,2019-01-23 02:00:00,2019-01-23 01:00:00,germany_un_base_case_2019,70523,70523,2019-01-23 01:00:00
177,68584,68584,EOM,52.451,52.451,,,52.451,2019-01-23 03:00:00,2019-01-23 02:00:00,germany_un_base_case_2019,68584,68584,2019-01-23 02:00:00
178,66727,66727,EOM,52.901,52.901,,,52.901,2019-01-23 04:00:00,2019-01-23 03:00:00,germany_un_base_case_2019,66727,66727,2019-01-23 03:00:00
179,67464,67464,EOM,56.41,56.41,,,56.41,2019-01-23 05:00:00,2019-01-23 04:00:00,germany_un_base_case_2019,67464,67464,2019-01-23 04:00:00
180,72127,72127,EOM,58.52,58.52,,,58.52,2019-01-23 06:00:00,2019-01-23 05:00:00,germany_un_base_case_2019,72127,72127,2019-01-23 05:00:00
181,75701,75701,EOM,62,62,,,62,2019-01-23 07:00:00,2019-01-23 06:00:00,germany_un_base_case_2019,75701,75701,2019-01-23 06:00:00
182,79533,79533,EOM,70.004,70.004,,,70.004,2019-01-23 08:00:00,2019-01-23 07:00:00,germany_un_base_case_2019,79533,79533,2019-01-23 07:00:00
183,82195,82195,EOM,87.703,87.703,,,87.703,2019-01-23 09:00:00,2019-01-23 08:00:00,germany_un_base_case_2019,82195,82195,2019-01-23 08:00:00
184,83124,83124,EOM,71.977,71.977,,,71.977,2019-01-23 10:00:00,2019-01-23 09:00:00,germany_un_base_case_2019,83124,83124,2019-01-23 09:00:00
185,83888,83888,EOM,73.858,73.858,,,73.858,2019-01-23 11:00:00,2019-01-23 10:00:00,germany_un_base_case_2019,83888,83888,2019-01-23 10:00:00
186,82930,82930,EOM,70.727,70.727,,,70.727,2019-01-23 12:00:00,2019-01-23 11:00:00,germany_un_base_case_2019,82930,82930,2019-01-23 11:00:00
187,83015,83015,EOM,69.694,69.694,,,69.694,2019-01-23 13:00:00,2019-01-23 12:00:00,germany_un_base_case_2019,83015,83015,2019-01-23 12:00:00
188,82437,82437,EOM,69.112,69.112,,,69.112,2019-01-23 14:00:00,2019-01-23 13:00:00,germany_un_base_case_2019,82437,82437,2019-01-23 13:00:00
189,81108,81108,EOM,67.856,67.856,,,67.856,2019-01-23 15:00:00,2019-01-23 14:00:00,germany_un_base_case_2019,81108,81108,2019-01-23 14:00:00
190,79968,79968,EOM,66.392,66.392,,,66.392,2019-01-23 16:00:00,2019-01-23 15:00:00,germany_un_base_case_2019,79968,79968,2019-01-23 15:00:00
191,80228,80228,EOM,65.885,65.885,,,65.885,2019-01-23 17:00:00,2019-01-23 16:00:00,germany_un_base_case_2019,80228,80228,2019-01-23 16:00:00
192,83470,83470,EOM,73.874,73.874,,,73.874,2019-01-23 18:00:00,2019-01-23 17:00:00,germany_un_base_case_2019,83470,83470,2019-01-23 17:00:00
193,84218,84218,EOM,82.174,82.174,,,82.174,2019-01-23 19:00:00,2019-01-23 18:00:00,germany_un_base_case_2019,84218,84218,2019-01-23 18:00:00
194,81848,81848,EOM,70.876,70.876,,,70.876,2019-01-23 20:00:00,2019-01-23 19:00:00,germany_un_base_case_2019,81848,81848,2019-01-23 19:00:00
195,77719,77719,EOM,65.832,65.832,,,65.832,2019-01-23 21:00:00,2019-01-23 20:00:00,germany_un_base_case_2019,77719,77719,2019-01-23 20:00:00
196,74043,74043,EOM,62.234,62.234,,,62.234,2019-01-23 22:00:00,2019-01-23 21:00:00,germany_un_base_case_2019,74043,74043,2019-01-23 21:00:00
197,73603,73603,EOM,61.008,61.008,,,61.008,2019-01-23 23:00:00,2019-01-23 22:00:00,germany_un_base_case_2019,73603,73603,2019-01-23 22:00:00
198,70082,70082,EOM,57.979,57.979,,,57.979,2019-01-24 00:00:00,2019-01-23 23:00:00,germany_un_base_case_2019,70082,70082,2019-01-23 23:00:00
199,68146,68146,EOM,54.572,54.572,,,54.572,2019-01-24 01:00:00,2019-01-24 00:00:00,germany_un_base_case_2019,68146,68146,2019-01-24 00:00:00
200,66083,66083,EOM,52.516,52.516,,,52.516,2019-01-24 02:00:00,2019-01-24 01:00:00,germany_un_base_case_2019,66083,66083,2019-01-24 01:00:00
201,64241,64241,EOM,48.938,48.938,,,48.938,2019-01-24 03:00:00,2019-01-24 02:00:00,germany_un_base_case_2019,64241,64241,2019-01-24 02:00:00
202,64046,64046,EOM,48.527,48.527,,,48.527,2019-01-24 04:00:00,2019-01-24 03:00:00,germany_un_base_case_2019,64046,64046,2019-01-24 03:00:00
203,63391,63391,EOM,48.554,48.554,,,48.554,2019-01-24 05:00:00,2019-01-24 04:00:00,germany_un_base_case_2019,63391,63391,2019-01-24 04:00:00
204,66468,66468,EOM,54.331,54.331,,,54.331,2019-01-24 06:00:00,2019-01-24 05:00:00,germany_un_base_case_2019,66468,66468,2019-01-24 05:00:00
205,70237,70237,EOM,57.662,57.662,,,57.662,2019-01-24 07:00:00,2019-01-24 06:00:00,germany_un_base_case_2019,70237,70237,2019-01-24 06:00:00
206,75507,75507,EOM,63.28,63.28,,,63.28,2019-01-24 08:00:00,2019-01-24 07:00:00,germany_un_base_case_2019,75507,75507,2019-01-24 07:00:00
207,78156,78156,EOM,78.15,78.15,,,78.15,2019-01-24 09:00:00,2019-01-24 08:00:00,germany_un_base_case_2019,78156,78156,2019-01-24 08:00:00
208,78613,78613,EOM,79.812,79.812,,,79.812,2019-01-24 10:00:00,2019-01-24 09:00:00,germany_un_base_case_2019,78613,78613,2019-01-24 09:00:00
209,78548,78548,EOM,67.291,67.291,,,67.291,2019-01-24 11:00:00,2019-01-24 10:00:00,germany_un_base_case_2019,78548,78548,2019-01-24 10:00:00
210,79348,79348,EOM,65.804,65.804,,,65.804,2019-01-24 12:00:00,2019-01-24 11:00:00,germany_un_base_case_2019,79348,79348,2019-01-24 11:00:00
211,80315,80315,EOM,64.211,64.211,,,64.211,2019-01-24 13:00:00,2019-01-24 12:00:00,germany_un_base_case_2019,80315,80315,2019-01-24 12:00:00
212,79891,79891,EOM,65.485,65.485,,,65.485,2019-01-24 14:00:00,2019-01-24 13:00:00,germany_un_base_case_2019,79891,79891,2019-01-24 13:00:00
213,78169,78169,EOM,65.33,65.33,,,65.33,2019-01-24 15:00:00,2019-01-24 14:00:00,germany_un_base_case_2019,78169,78169,2019-01-24 14:00:00
214,76817,76817,EOM,63.813,63.813,,,63.813,2019-01-24 16:00:00,2019-01-24 15:00:00,germany_un_base_case_2019,76817,76817,2019-01-24 15:00:00
215,76986,76986,EOM,66.097,66.097,,,66.097,2019-01-24 17:00:00,2019-01-24 16:00:00,germany_un_base_case_2019,76986,76986,2019-01-24 16:00:00
216,79310,79310,EOM,81.903,81.903,,,81.903,2019-01-24 18:00:00,2019-01-24 17:00:00,germany_un_base_case_2019,79310,79310,2019-01-24 17:00:00
217,80043,80043,EOM,77.577,77.577,,,77.577,2019-01-24 19:00:00,2019-01-24 18:00:00,germany_un_base_case_2019,80043,80043,2019-01-24 18:00:00
218,78002,78002,EOM,69.213,69.213,,,69.213,2019-01-24 20:00:00,2019-01-24 19:00:00,germany_un_base_case_2019,78002,78002,2019-01-24 19:00:00
219,73177,73177,EOM,62.743,62.743,,,62.743,2019-01-24 21:00:00,2019-01-24 20:00:00,germany_un_base_case_2019,73177,73177,2019-01-24 20:00:00
220,70147,70147,EOM,60.75,60.75,,,60.75,2019-01-24 22:00:00,2019-01-24 21:00:00,germany_un_base_case_2019,70147,70147,2019-01-24 21:00:00
221,68639,68639,EOM,58.58,58.58,,,58.58,2019-01-24 23:00:00,2019-01-24 22:00:00,germany_un_base_case_2019,68639,68639,2019-01-24 22:00:00
222,66135,66135,EOM,55.967,55.967,,,55.967,2019-01-25 00:00:00,2019-01-24 23:00:00,germany_un_base_case_2019,66135,66135,2019-01-24 23:00:00
223,64369,64369,EOM,53.767,53.767,,,53.767,2019-01-25 01:00:00,2019-01-25 00:00:00,germany_un_base_case_2019,64369,64369,2019-01-25 00:00:00
224,63051,63051,EOM,51.666,51.666,,,51.666,2019-01-25 02:00:00,2019-01-25 01:00:00,germany_un_base_case_2019,63051,63051,2019-01-25 01:00:00
225,62599,62599,EOM,49.597,49.597,,,49.597,2019-01-25 03:00:00,2019-01-25 02:00:00,germany_un_base_case_2019,62599,62599,2019-01-25 02:00:00
226,62525,62525,EOM,49.019,49.019,,,49.019,2019-01-25 04:00:00,2019-01-25 03:00:00,germany_un_base_case_2019,62525,62525,2019-01-25 03:00:00
227,61808,61808,EOM,53.788,53.788,,,53.788,2019-01-25 05:00:00,2019-01-25 04:00:00,germany_un_base_case_2019,61808,61808,2019-01-25 04:00:00
228,65203,65203,EOM,54.635,54.635,,,54.635,2019-01-25 06:00:00,2019-01-25 05:00:00,germany_un_base_case_2019,65203,65203,2019-01-25 05:00:00
229,68744,68744,EOM,57.756,57.756,,,57.756,2019-01-25 07:00:00,2019-01-25 06:00:00,germany_un_base_case_2019,68744,68744,2019-01-25 06:00:00
230,75266,75266,EOM,66.34,66.34,,,66.34,2019-01-25 08:00:00,2019-01-25 07:00:00,germany_un_base_case_2019,75266,75266,2019-01-25 07:00:00
231,77309,77309,EOM,69.506,69.506,,,69.506,2019-01-25 09:00:00,2019-01-25 08:00:00,germany_un_base_case_2019,77309,77309,2019-01-25 08:00:00
232,78719,78719,EOM,70.334,70.334,,,70.334,2019-01-25 10:00:00,2019-01-25 09:00:00,germany_un_base_case_2019,78719,78719,2019-01-25 09:00:00
233,79627,79627,EOM,73.552,73.552,,,73.552,2019-01-25 11:00:00,2019-01-25 10:00:00,germany_un_base_case_2019,79627,79627,2019-01-25 10:00:00
234,80231,80231,EOM,68.137,68.137,,,68.137,2019-01-25 12:00:00,2019-01-25 11:00:00,germany_un_base_case_2019,80231,80231,2019-01-25 11:00:00
235,79164,79164,EOM,65.269,65.269,,,65.269,2019-01-25 13:00:00,2019-01-25 12:00:00,germany_un_base_case_2019,79164,79164,2019-01-25 12:00:00
236,79862,79862,EOM,65.715,65.715,,,65.715,2019-01-25 14:00:00,2019-01-25 13:00:00,germany_un_base_case_2019,79862,79862,2019-01-25 13:00:00
237,79059,79059,EOM,65.579,65.579,,,65.579,2019-01-25 15:00:00,2019-01-25 14:00:00,germany_un_base_case_2019,79059,79059,2019-01-25 14:00:00
238,78964,78964,EOM,65.907,65.907,,,65.907,2019-01-25 16:00:00,2019-01-25 15:00:00,germany_un_base_case_2019,78964,78964,2019-01-25 15:00:00
239,79595,79595,EOM,66.984,66.984,,,66.984,2019-01-25 17:00:00,2019-01-25 16:00:00,germany_un_base_case_2019,79595,79595,2019-01-25 16:00:00
240,81326,81326,EOM,69.877,69.877,,,69.877,2019-01-25 18:00:00,2019-01-25 17:00:00,germany_un_base_case_2019,81326,81326,2019-01-25 17:00:00
241,83539,83539,EOM,71.557,71.557,,,71.557,2019-01-25 19:00:00,2019-01-25 18:00:00,germany_un_base_case_2019,83539,83539,2019-01-25 18:00:00
242,83895,83895,EOM,70.165,70.165,,,70.165,2019-01-25 20:00:00,2019-01-25 19:00:00,germany_un_base_case_2019,83895,83895,2019-01-25 19:00:00
243,82193,82193,EOM,65.993,65.993,,,65.993,2019-01-25 21:00:00,2019-01-25 20:00:00,germany_un_base_case_2019,82193,82193,2019-01-25 20:00:00
244,80240,80240,EOM,63.618,63.618,,,63.618,2019-01-25 22:00:00,2019-01-25 21:00:00,germany_un_base_case_2019,80240,80240,2019-01-25 21:00:00
245,77239,77239,EOM,59.52,59.52,,,59.52,2019-01-25 23:00:00,2019-01-25 22:00:00,germany_un_base_case_2019,77239,77239,2019-01-25 22:00:00
246,74422,74422,EOM,56.496,56.496,,,56.496,2019-01-26 00:00:00,2019-01-25 23:00:00,germany_un_base_case_2019,74422,74422,2019-01-25 23:00:00
247,71759,71759,EOM,47.465,47.465,,,47.465,2019-01-26 01:00:00,2019-01-26 00:00:00,germany_un_base_case_2019,71759,71759,2019-01-26 00:00:00
248,68411,68411,EOM,42.788,42.788,,,42.788,2019-01-26 02:00:00,2019-01-26 01:00:00,germany_un_base_case_2019,68411,68411,2019-01-26 01:00:00
249,67095,67095,EOM,42.566,42.566,,,42.566,2019-01-26 03:00:00,2019-01-26 02:00:00,germany_un_base_case_2019,67095,67095,2019-01-26 02:00:00
250,66688,66688,EOM,41.84,41.84,,,41.84,2019-01-26 04:00:00,2019-01-26 03:00:00,germany_un_base_case_2019,66688,66688,2019-01-26 03:00:00
251,65992,65992,EOM,41.926,41.926,,,41.926,2019-01-26 05:00:00,2019-01-26 04:00:00,germany_un_base_case_2019,65992,65992,2019-01-26 04:00:00
252,66434,66434,EOM,43.369,43.369,,,43.369,2019-01-26 06:00:00,2019-01-26 05:00:00,germany_un_base_case_2019,66434,66434,2019-01-26 05:00:00
253,67337,67337,EOM,43.353,43.353,,,43.353,2019-01-26 07:00:00,2019-01-26 06:00:00,germany_un_base_case_2019,67337,67337,2019-01-26 06:00:00
254,69923,69923,EOM,44.444,44.444,,,44.444,2019-01-26 08:00:00,2019-01-26 07:00:00,germany_un_base_case_2019,69923,69923,2019-01-26 07:00:00
255,74313,74313,EOM,56.711,56.711,,,56.711,2019-01-26 09:00:00,2019-01-26 08:00:00,germany_un_base_case_2019,74313,74313,2019-01-26 08:00:00
256,75968,75968,EOM,57.802,57.802,,,57.802,2019-01-26 10:00:00,2019-01-26 09:00:00,germany_un_base_case_2019,75968,75968,2019-01-26 09:00:00
257,77339,77339,EOM,58.828,58.828,,,58.828,2019-01-26 11:00:00,2019-01-26 10:00:00,germany_un_base_case_2019,77339,77339,2019-01-26 10:00:00
258,77820,77820,EOM,57.452,57.452,,,57.452,2019-01-26 12:00:00,2019-01-26 11:00:00,germany_un_base_case_2019,77820,77820,2019-01-26 11:00:00
259,77024,77024,EOM,57.045,57.045,,,57.045,2019-01-26 13:00:00,2019-01-26 12:00:00,germany_un_base_case_2019,77024,77024,2019-01-26 12:00:00
260,75801,75801,EOM,51.019,51.019,,,51.019,2019-01-26 14:00:00,2019-01-26 13:00:00,germany_un_base_case_2019,75801,75801,2019-01-26 13:00:00
261,73751,73751,EOM,47.231,47.231,,,47.231,2019-01-26 15:00:00,2019-01-26 14:00:00,germany_un_base_case_2019,73751,73751,2019-01-26 14:00:00
262,72160,72160,EOM,45.121,45.121,,,45.121,2019-01-26 16:00:00,2019-01-26 15:00:00,germany_un_base_case_2019,72160,72160,2019-01-26 15:00:00
263,72482,72482,EOM,45.105,45.105,,,45.105,2019-01-26 17:00:00,2019-01-26 16:00:00,germany_un_base_case_2019,72482,72482,2019-01-26 16:00:00
264,75829,75829,EOM,55.735,55.735,,,55.735,2019-01-26 18:00:00,2019-01-26 17:00:00,germany_un_base_case_2019,75829,75829,2019-01-26 17:00:00
265,77126,77126,EOM,55.776,55.776,,,55.776,2019-01-26 19:00:00,2019-01-26 18:00:00,germany_un_base_case_2019,77126,77126,2019-01-26 18:00:00
266,76351,76351,EOM,45.055,45.055,,,45.055,2019-01-26 20:00:00,2019-01-26 19:00:00,germany_un_base_case_2019,76351,76351,2019-01-26 19:00:00
267,73940,73940,EOM,42.498,42.498,,,42.498,2019-01-26 21:00:00,2019-01-26 20:00:00,germany_un_base_case_2019,73940,73940,2019-01-26 20:00:00
268,71235,71235,EOM,40.885,40.885,,,40.885,2019-01-26 22:00:00,2019-01-26 21:00:00,germany_un_base_case_2019,71235,71235,2019-01-26 21:00:00
269,70953,70953,EOM,39.04,39.04,,,39.04,2019-01-26 23:00:00,2019-01-26 22:00:00,germany_un_base_case_2019,70953,70953,2019-01-26 22:00:00
270,67882,67882,EOM,36.35,36.35,,,36.35,2019-01-27 00:00:00,2019-01-26 23:00:00,germany_un_base_case_2019,67882,67882,2019-01-26 23:00:00
271,63648,63648,EOM,28.816,28.816,,,28.816,2019-01-27 01:00:00,2019-01-27 00:00:00,germany_un_base_case_2019,63648,63648,2019-01-27 00:00:00
272,62538,62538,EOM,28.409,28.409,,,28.409,2019-01-27 02:00:00,2019-01-27 01:00:00,germany_un_base_case_2019,62538,62538,2019-01-27 01:00:00
273,61086,61086,EOM,24.362,24.362,,,24.362,2019-01-27 03:00:00,2019-01-27 02:00:00,germany_un_base_case_2019,61086,61086,2019-01-27 02:00:00
274,58996,58996,EOM,18.866,18.866,,,18.866,2019-01-27 04:00:00,2019-01-27 03:00:00,germany_un_base_case_2019,58996,58996,2019-01-27 03:00:00
275,58370,58370,EOM,17.138,17.138,,,17.138,2019-01-27 05:00:00,2019-01-27 04:00:00,germany_un_base_case_2019,58370,58370,2019-01-27 04:00:00
276,58611,58611,EOM,28.346,28.346,,,28.346,2019-01-27 06:00:00,2019-01-27 05:00:00,germany_un_base_case_2019,58611,58611,2019-01-27 05:00:00
277,58206,58206,EOM,28.33,28.33,,,28.33,2019-01-27 07:00:00,2019-01-27 06:00:00,germany_un_base_case_2019,58206,58206,2019-01-27 06:00:00
278,60353,60353,EOM,30.239,30.239,,,30.239,2019-01-27 08:00:00,2019-01-27 07:00:00,germany_un_base_case_2019,60353,60353,2019-01-27 07:00:00
279,63488,63488,EOM,37.078,37.078,,,37.078,2019-01-27 09:00:00,2019-01-27 08:00:00,germany_un_base_case_2019,63488,63488,2019-01-27 08:00:00
280,67379,67379,EOM,40.711,40.711,,,40.711,2019-01-27 10:00:00,2019-01-27 09:00:00,germany_un_base_case_2019,67379,67379,2019-01-27 09:00:00
281,70468,70468,EOM,42.082,42.082,,,42.082,2019-01-27 11:00:00,2019-01-27 10:00:00,germany_un_base_case_2019,70468,70468,2019-01-27 10:00:00
282,72756,72756,EOM,43.01,43.01,,,43.01,2019-01-27 12:00:00,2019-01-27 11:00:00,germany_un_base_case_2019,72756,72756,2019-01-27 11:00:00
283,73733,73733,EOM,43.982,43.982,,,43.982,2019-01-27 13:00:00,2019-01-27 12:00:00,germany_un_base_case_2019,73733,73733,2019-01-27 12:00:00
284,69638,69638,EOM,42.241,42.241,,,42.241,2019-01-27 14:00:00,2019-01-27 13:00:00,germany_un_base_case_2019,69638,69638,2019-01-27 13:00:00
285,67344,67344,EOM,42.226,42.226,,,42.226,2019-01-27 15:00:00,2019-01-27 14:00:00,germany_un_base_case_2019,67344,67344,2019-01-27 14:00:00
286,65533,65533,EOM,42.004,42.004,,,42.004,2019-01-27 16:00:00,2019-01-27 15:00:00,germany_un_base_case_2019,65533,65533,2019-01-27 15:00:00
287,66620,66620,EOM,43.917,43.917,,,43.917,2019-01-27 17:00:00,2019-01-27 16:00:00,germany_un_base_case_2019,66620,66620,2019-01-27 16:00:00
288,71236,71236,EOM,65.504,65.504,,,65.504,2019-01-27 18:00:00,2019-01-27 17:00:00,germany_un_base_case_2019,71236,71236,2019-01-27 17:00:00
289,75216,75216,EOM,58.477,58.477,,,58.477,2019-01-27 19:00:00,2019-01-27 18:00:00,germany_un_base_case_2019,75216,75216,2019-01-27 18:00:00
290,75408,75408,EOM,57.997,57.997,,,57.997,2019-01-27 20:00:00,2019-01-27 19:00:00,germany_un_base_case_2019,75408,75408,2019-01-27 19:00:00
291,73683,73683,EOM,56.457,56.457,,,56.457,2019-01-27 21:00:00,2019-01-27 20:00:00,germany_un_base_case_2019,73683,73683,2019-01-27 20:00:00
292,70910,70910,EOM,43.843,43.843,,,43.843,2019-01-27 22:00:00,2019-01-27 21:00:00,germany_un_base_case_2019,70910,70910,2019-01-27 21:00:00
293,70847,70847,EOM,43.827,43.827,,,43.827,2019-01-27 23:00:00,2019-01-27 22:00:00,germany_un_base_case_2019,70847,70847,2019-01-27 22:00:00
294,68389,68389,EOM,42.093,42.093,,,42.093,2019-01-28 00:00:00,2019-01-27 23:00:00,germany_un_base_case_2019,68389,68389,2019-01-27 23:00:00
295,65702,65702,EOM,41.185,41.185,,,41.185,2019-01-28 01:00:00,2019-01-28 00:00:00,germany_un_base_case_2019,65702,65702,2019-01-28 00:00:00
296,64301,64301,EOM,40.526,40.526,,,40.526,2019-01-28 02:00:00,2019-01-28 01:00:00,germany_un_base_case_2019,64301,64301,2019-01-28 01:00:00
297,59865,59865,EOM,36.072,36.072,,,36.072,2019-01-28 03:00:00,2019-01-28 02:00:00,germany_un_base_case_2019,59865,59865,2019-01-28 02:00:00
298,59822,59822,EOM,36.089,36.089,,,36.089,2019-01-28 04:00:00,2019-01-28 03:00:00,germany_un_base_case_2019,59822,59822,2019-01-28 03:00:00
299,61718,61718,EOM,37.107,37.107,,,37.107,2019-01-28 05:00:00,2019-01-28 04:00:00,germany_un_base_case_2019,61718,61718,2019-01-28 04:00:00
300,65648,65648,EOM,42.191,42.191,,,42.191,2019-01-28 06:00:00,2019-01-28 05:00:00,germany_un_base_case_2019,65648,65648,2019-01-28 05:00:00
301,74261,74261,EOM,56.428,56.428,,,56.428,2019-01-28 07:00:00,2019-01-28 06:00:00,germany_un_base_case_2019,74261,74261,2019-01-28 06:00:00
302,80226,80226,EOM,63.596,63.596,,,63.596,2019-01-28 08:00:00,2019-01-28 07:00:00,germany_un_base_case_2019,80226,80226,2019-01-28 07:00:00
303,85095,85095,EOM,68.222,68.222,,,68.222,2019-01-28 09:00:00,2019-01-28 08:00:00,germany_un_base_case_2019,85095,85095,2019-01-28 08:00:00
304,86451,86451,EOM,67.165,67.165,,,67.165,2019-01-28 10:00:00,2019-01-28 09:00:00,germany_un_base_case_2019,86451,86451,2019-01-28 09:00:00
305,87020,87020,EOM,66.456,66.456,,,66.456,2019-01-28 11:00:00,2019-01-28 10:00:00,germany_un_base_case_2019,87020,87020,2019-01-28 10:00:00
306,87714,87714,EOM,65.93,65.93,,,65.93,2019-01-28 12:00:00,2019-01-28 11:00:00,germany_un_base_case_2019,87714,87714,2019-01-28 11:00:00
307,87677,87677,EOM,64.191,64.191,,,64.191,2019-01-28 13:00:00,2019-01-28 12:00:00,germany_un_base_case_2019,87677,87677,2019-01-28 12:00:00
308,87276,87276,EOM,63.22,63.22,,,63.22,2019-01-28 14:00:00,2019-01-28 13:00:00,germany_un_base_case_2019,87276,87276,2019-01-28 13:00:00
309,86085,86085,EOM,61.462,61.462,,,61.462,2019-01-28 15:00:00,2019-01-28 14:00:00,germany_un_base_case_2019,86085,86085,2019-01-28 14:00:00
310,84660,84660,EOM,61.736,61.736,,,61.736,2019-01-28 16:00:00,2019-01-28 15:00:00,germany_un_base_case_2019,84660,84660,2019-01-28 15:00:00
311,85149,85149,EOM,64.165,64.165,,,64.165,2019-01-28 17:00:00,2019-01-28 16:00:00,germany_un_base_case_2019,85149,85149,2019-01-28 16:00:00
312,86113,86113,EOM,67.273,67.273,,,67.273,2019-01-28 18:00:00,2019-01-28 17:00:00,germany_un_base_case_2019,86113,86113,2019-01-28 17:00:00
313,86276,86276,EOM,72.876,72.876,,,72.876,2019-01-28 19:00:00,2019-01-28 18:00:00,germany_un_base_case_2019,86276,86276,2019-01-28 18:00:00
314,84885,84885,EOM,65.838,65.838,,,65.838,2019-01-28 20:00:00,2019-01-28 19:00:00,germany_un_base_case_2019,84885,84885,2019-01-28 19:00:00
315,81788,81788,EOM,62.294,62.294,,,62.294,2019-01-28 21:00:00,2019-01-28 20:00:00,germany_un_base_case_2019,81788,81788,2019-01-28 20:00:00
316,79131,79131,EOM,58.732,58.732,,,58.732,2019-01-28 22:00:00,2019-01-28 21:00:00,germany_un_base_case_2019,79131,79131,2019-01-28 21:00:00
317,77577,77577,EOM,56.448,56.448,,,56.448,2019-01-28 23:00:00,2019-01-28 22:00:00,germany_un_base_case_2019,77577,77577,2019-01-28 22:00:00
318,75111,75111,EOM,53.968,53.968,,,53.968,2019-01-29 00:00:00,2019-01-28 23:00:00,germany_un_base_case_2019,75111,75111,2019-01-28 23:00:00
319,71508,71508,EOM,47.221,47.221,,,47.221,2019-01-29 01:00:00,2019-01-29 00:00:00,germany_un_base_case_2019,71508,71508,2019-01-29 00:00:00
320,69664,69664,EOM,43.421,43.421,,,43.421,2019-01-29 02:00:00,2019-01-29 01:00:00,germany_un_base_case_2019,69664,69664,2019-01-29 01:00:00
321,69035,69035,EOM,43.301,43.301,,,43.301,2019-01-29 03:00:00,2019-01-29 02:00:00,germany_un_base_case_2019,69035,69035,2019-01-29 02:00:00
322,69430,69430,EOM,43.397,43.397,,,43.397,2019-01-29 04:00:00,2019-01-29 03:00:00,germany_un_base_case_2019,69430,69430,2019-01-29 03:00:00
323,70447,70447,EOM,45.077,45.077,,,45.077,2019-01-29 05:00:00,2019-01-29 04:00:00,germany_un_base_case_2019,70447,70447,2019-01-29 04:00:00
324,74430,74430,EOM,53.605,53.605,,,53.605,2019-01-29 06:00:00,2019-01-29 05:00:00,germany_un_base_case_2019,74430,74430,2019-01-29 05:00:00
325,79248,79248,EOM,61.888,61.888,,,61.888,2019-01-29 07:00:00,2019-01-29 06:00:00,germany_un_base_case_2019,79248,79248,2019-01-29 06:00:00
326,82100,82100,EOM,64.757,64.757,,,64.757,2019-01-29 08:00:00,2019-01-29 07:00:00,germany_un_base_case_2019,82100,82100,2019-01-29 07:00:00
327,83510,83510,EOM,71.535,71.535,,,71.535,2019-01-29 09:00:00,2019-01-29 08:00:00,germany_un_base_case_2019,83510,83510,2019-01-29 08:00:00
328,82580,82580,EOM,66.507,66.507,,,66.507,2019-01-29 10:00:00,2019-01-29 09:00:00,germany_un_base_case_2019,82580,82580,2019-01-29 09:00:00
329,84258,84258,EOM,65.088,65.088,,,65.088,2019-01-29 11:00:00,2019-01-29 10:00:00,germany_un_base_case_2019,84258,84258,2019-01-29 10:00:00
330,83609,83609,EOM,61.607,61.607,,,61.607,2019-01-29 12:00:00,2019-01-29 11:00:00,germany_un_base_case_2019,83609,83609,2019-01-29 11:00:00
331,84079,84079,EOM,61.513,61.513,,,61.513,2019-01-29 13:00:00,2019-01-29 12:00:00,germany_un_base_case_2019,84079,84079,2019-01-29 12:00:00
332,83875,83875,EOM,63.87,63.87,,,63.87,2019-01-29 14:00:00,2019-01-29 13:00:00,germany_un_base_case_2019,83875,83875,2019-01-29 13:00:00
333,83183,83183,EOM,64.914,64.914,,,64.914,2019-01-29 15:00:00,2019-01-29 14:00:00,germany_un_base_case_2019,83183,83183,2019-01-29 14:00:00
334,81543,81543,EOM,68.279,68.279,,,68.279,2019-01-29 16:00:00,2019-01-29 15:00:00,germany_un_base_case_2019,81543,81543,2019-01-29 15:00:00
335,78934,78934,EOM,69.758,69.758,,,69.758,2019-01-29 17:00:00,2019-01-29 16:00:00,germany_un_base_case_2019,78934,78934,2019-01-29 16:00:00
336,81871,81871,EOM,78.355,78.355,,,78.355,2019-01-29 18:00:00,2019-01-29 17:00:00,germany_un_base_case_2019,81871,81871,2019-01-29 17:00:00
337,83739,83739,EOM,78.977,78.977,,,78.977,2019-01-29 19:00:00,2019-01-29 18:00:00,germany_un_base_case_2019,83739,83739,2019-01-29 18:00:00
338,82599,82599,EOM,71.21,71.21,,,71.21,2019-01-29 20:00:00,2019-01-29 19:00:00,germany_un_base_case_2019,82599,82599,2019-01-29 19:00:00
339,81744,81744,EOM,66.913,66.913,,,66.913,2019-01-29 21:00:00,2019-01-29 20:00:00,germany_un_base_case_2019,81744,81744,2019-01-29 20:00:00
340,78672,78672,EOM,64.84,64.84,,,64.84,2019-01-29 22:00:00,2019-01-29 21:00:00,germany_un_base_case_2019,78672,78672,2019-01-29 21:00:00
341,77491,77491,EOM,63.606,63.606,,,63.606,2019-01-29 23:00:00,2019-01-29 22:00:00,germany_un_base_case_2019,77491,77491,2019-01-29 22:00:00
342,73566,73566,EOM,56.541,56.541,,,56.541,2019-01-30 00:00:00,2019-01-29 23:00:00,germany_un_base_case_2019,73566,73566,2019-01-29 23:00:00
343,70546,70546,EOM,53.446,53.446,,,53.446,2019-01-30 01:00:00,2019-01-30 00:00:00,germany_un_base_case_2019,70546,70546,2019-01-30 00:00:00
344,68885,68885,EOM,50.609,50.609,,,50.609,2019-01-30 02:00:00,2019-01-30 01:00:00,germany_un_base_case_2019,68885,68885,2019-01-30 01:00:00
345,67194,67194,EOM,44.764,44.764,,,44.764,2019-01-30 03:00:00,2019-01-30 02:00:00,germany_un_base_case_2019,67194,67194,2019-01-30 02:00:00
346,66540,66540,EOM,43.315,43.315,,,43.315,2019-01-30 04:00:00,2019-01-30 03:00:00,germany_un_base_case_2019,66540,66540,2019-01-30 03:00:00
347,68110,68110,EOM,43.908,43.908,,,43.908,2019-01-30 05:00:00,2019-01-30 04:00:00,germany_un_base_case_2019,68110,68110,2019-01-30 04:00:00
0,72628,72628,EOM,52.893,52.893,,,52.893,2019-01-30 06:00:00,2019-01-30 05:00:00,germany_un_base_case_2019,72628,72628,2019-01-30 05:00:00
1,79761,79761,EOM,61.306,61.306,,,61.306,2019-01-30 07:00:00,2019-01-30 06:00:00,germany_un_base_case_2019,79761,79761,2019-01-30 06:00:00
2,84220,84220,EOM,66.732,66.732,,,66.732,2019-01-30 08:00:00,2019-01-30 07:00:00,germany_un_base_case_2019,84220,84220,2019-01-30 07:00:00
3,85438,85438,EOM,67.221,67.221,,,67.221,2019-01-30 09:00:00,2019-01-30 08:00:00,germany_un_base_case_2019,85438,85438,2019-01-30 08:00:00
4,86674,86674,EOM,65.327,65.327,,,65.327,2019-01-30 10:00:00,2019-01-30 09:00:00,germany_un_base_case_2019,86674,86674,2019-01-30 09:00:00
5,87383,87383,EOM,65.621,65.621,,,65.621,2019-01-30 11:00:00,2019-01-30 10:00:00,germany_un_base_case_2019,87383,87383,2019-01-30 10:00:00
6,87930,87930,EOM,62.85,62.85,,,62.85,2019-01-30 12:00:00,2019-01-30 11:00:00,germany_un_base_case_2019,87930,87930,2019-01-30 11:00:00
7,89486,89486,EOM,62.541,62.541,,,62.541,2019-01-30 13:00:00,2019-01-30 12:00:00,germany_un_base_case_2019,89486,89486,2019-01-30 12:00:00
8,88996,88996,EOM,61.824,61.824,,,61.824,2019-01-30 14:00:00,2019-01-30 13:00:00,germany_un_base_case_2019,88996,88996,2019-01-30 13:00:00
9,88768,88768,EOM,67.345,67.345,,,67.345,2019-01-30 15:00:00,2019-01-30 14:00:00,germany_un_base_case_2019,88768,88768,2019-01-30 14:00:00
10,86665,86665,EOM,66.191,66.191,,,66.191,2019-01-30 16:00:00,2019-01-30 15:00:00,germany_un_base_case_2019,86665,86665,2019-01-30 15:00:00
11,85811,85811,EOM,68.186,68.186,,,68.186,2019-01-30 17:00:00,2019-01-30 16:00:00,germany_un_base_case_2019,85811,85811,2019-01-30 16:00:00
12,88021,88021,EOM,70.136,70.136,,,70.136,2019-01-30 18:00:00,2019-01-30 17:00:00,germany_un_base_case_2019,88021,88021,2019-01-30 17:00:00
13,89259,89259,EOM,71.518,71.518,,,71.518,2019-01-30 19:00:00,2019-01-30 18:00:00,germany_un_base_case_2019,89259,89259,2019-01-30 18:00:00
14,86623,86623,EOM,64.93,64.93,,,64.93,2019-01-30 20:00:00,2019-01-30 19:00:00,germany_un_base_case_2019,86623,86623,2019-01-30 19:00:00
15,82701,82701,EOM,63.753,63.753,,,63.753,2019-01-30 21:00:00,2019-01-30 20:00:00,germany_un_base_case_2019,82701,82701,2019-01-30 20:00:00
16,80719,80719,EOM,63.546,63.546,,,63.546,2019-01-30 22:00:00,2019-01-30 21:00:00,germany_un_base_case_2019,80719,80719,2019-01-30 21:00:00
17,78088,78088,EOM,59.414,59.414,,,59.414,2019-01-30 23:00:00,2019-01-30 22:00:00,germany_un_base_case_2019,78088,78088,2019-01-30 22:00:00
18,72800,72800,EOM,54.42,54.42,,,54.42,2019-01-31 00:00:00,2019-01-30 23:00:00,germany_un_base_case_2019,72800,72800,2019-01-30 23:00:00
19,71346,71346,EOM,53.164,53.164,,,53.164,2019-01-31 01:00:00,2019-01-31 00:00:00,germany_un_base_case_2019,71346,71346,2019-01-31 00:00:00
20,68094,68094,EOM,51.329,51.329,,,51.329,2019-01-31 02:00:00,2019-01-31 01:00:00,germany_un_base_case_2019,68094,68094,2019-01-31 01:00:00
21,66777,66777,EOM,50.223,50.223,,,50.223,2019-01-31 03:00:00,2019-01-31 02:00:00,germany_un_base_case_2019,66777,66777,2019-01-31 02:00:00
22,66645,66645,EOM,51.881,51.881,,,51.881,2019-01-31 04:00:00,2019-01-31 03:00:00,germany_un_base_case_2019,66645,66645,2019-01-31 03:00:00
23,68592,68592,EOM,53.802,53.802,,,53.802,2019-01-31 05:00:00,2019-01-31 04:00:00,germany_un_base_case_2019,68592,68592,2019-01-31 04:00:00
24,70985,70985,EOM,58.18,58.18,,,58.18,2019-01-31 06:00:00,2019-01-31 05:00:00,germany_un_base_case_2019,70985,70985,2019-01-31 05:00:00
25,75552,75552,EOM,62.192,62.192,,,62.192,2019-01-31 07:00:00,2019-01-31 06:00:00,germany_un_base_case_2019,75552,75552,2019-01-31 06:00:00
26,80231,80231,EOM,71.331,71.331,,,71.331,2019-01-31 08:00:00,2019-01-31 07:00:00,germany_un_base_case_2019,80231,80231,2019-01-31 07:00:00
27,84093,84093,EOM,78.889,78.889,,,78.889,2019-01-31 09:00:00,2019-01-31 08:00:00,germany_un_base_case_2019,84093,84093,2019-01-31 08:00:00
28,84977,84977,EOM,69.669,69.669,,,69.669,2019-01-31 10:00:00,2019-01-31 09:00:00,germany_un_base_case_2019,84977,84977,2019-01-31 09:00:00
29,85940,85940,EOM,64.839,64.839,,,64.839,2019-01-31 11:00:00,2019-01-31 10:00:00,germany_un_base_case_2019,85940,85940,2019-01-31 10:00:00
30,87163,87163,EOM,64.945,64.945,,,64.945,2019-01-31 12:00:00,2019-01-31 11:00:00,germany_un_base_case_2019,87163,87163,2019-01-31 11:00:00
31,86539,86539,EOM,64.951,64.951,,,64.951,2019-01-31 13:00:00,2019-01-31 12:00:00,germany_un_base_case_2019,86539,86539,2019-01-31 12:00:00
32,84644,84644,EOM,63.846,63.846,,,63.846,2019-01-31 14:00:00,2019-01-31 13:00:00,germany_un_base_case_2019,84644,84644,2019-01-31 13:00:00
33,81075,81075,EOM,64.034,64.034,,,64.034,2019-01-31 15:00:00,2019-01-31 14:00:00,germany_un_base_case_2019,81075,81075,2019-01-31 14:00:00
34,79107,79107,EOM,72.166,72.166,,,72.166,2019-01-31 16:00:00,2019-01-31 15:00:00,germany_un_base_case_2019,79107,79107,2019-01-31 15:00:00
35,78409,78409,EOM,84.421,84.421,,,84.421,2019-01-31 17:00:00,2019-01-31 16:00:00,germany_un_base_case_2019,78409,78409,2019-01-31 16:00:00
36,81244,81244,EOM,86.741,86.741,,,86.741,2019-01-31 18:00:00,2019-01-31 17:00:00,germany_un_base_case_2019,81244,81244,2019-01-31 17:00:00
37,82277,82277,EOM,87.378,87.378,,,87.378,2019-01-31 19:00:00,2019-01-31 18:00:00,germany_un_base_case_2019,82277,82277,2019-01-31 18:00:00
38,80492,80492,EOM,82.359,82.359,,,82.359,2019-01-31 20:00:00,2019-01-31 19:00:00,germany_un_base_case_2019,80492,80492,2019-01-31 19:00:00
39,80619,80619,EOM,80.338,80.338,,,80.338,2019-01-31 21:00:00,2019-01-31 20:00:00,germany_un_base_case_2019,80619,80619,2019-01-31 20:00:00
40,79040,79040,EOM,79.582,79.582,,,79.582,2019-01-31 22:00:00,2019-01-31 21:00:00,germany_un_base_case_2019,79040,79040,2019-01-31 21:00:00
41,77501,77501,EOM,63.159,63.159,,,63.159,2019-01-31 23:00:00,2019-01-31 22:00:00,germany_un_base_case_2019,77501,77501,2019-01-31 22:00:00
42,74966,74966,EOM,53.239,53.239,,,53.239,2019-02-01 00:00:00,2019-01-31 23:00:00,germany_un_base_case_2019,74966,74966,2019-01-31 23:00:00
