,demand_volume,demand_volume_energy,market_id,max_price,min_price,node,only_hours,price,product_end,product_start,simulation,supply_volume,supply_volume_energy,time
0,53217,53217,EOM,105.2,105.2,,,105.2,2019-01-01 02:00:00,2019-01-01 01:00:00,germany_op_base_case_2019,53217,53217,2019-01-01 01:00:00
1,51942,51942,EOM,103.55,103.55,,,103.55,2019-01-01 03:00:00,2019-01-01 02:00:00,germany_op_base_case_2019,51942,51942,2019-01-01 02:00:00
2,51194,51194,EOM,61.758,61.758,,,61.758,2019-01-01 04:00:00,2019-01-01 03:00:00,germany_op_base_case_2019,51194,51194,2019-01-01 03:00:00
3,51717,51717,EOM,58.893,58.893,,,58.893,2019-01-01 05:00:00,2019-01-01 04:00:00,germany_op_base_case_2019,51717,51717,2019-01-01 04:00:00
4,51817,51817,EOM,57.243,57.243,,,57.243,2019-01-01 06:00:00,2019-01-01 05:00:00,germany_op_base_case_2019,51817,51817,2019-01-01 05:00:00
5,52438,52438,EOM,42.841,42.841,,,42.841,2019-01-01 07:00:00,2019-01-01 06:00:00,germany_op_base_case_2019,52438,52438,2019-01-01 06:00:00
6,53722,53722,EOM,38.051,38.051,,,38.051,2019-01-01 08:00:00,2019-01-01 07:00:00,germany_op_base_case_2019,53722,53722,2019-01-01 07:00:00
7,54047,54047,EOM,33.895,33.895,,,33.895,2019-01-01 09:00:00,2019-01-01 08:00:00,germany_op_base_case_2019,54047,54047,2019-01-01 08:00:00
8,55917,55917,EOM,35.266,35.266,,,35.266,2019-01-01 10:00:00,2019-01-01 09:00:00,germany_op_base_case_2019,55917,55917,2019-01-01 09:00:00
9,59018,59018,EOM,33.144,33.144,,,33.144,2019-01-01 11:00:00,2019-01-01 10:00:00,germany_op_base_case_2019,59018,59018,2019-01-01 10:00:00
10,61965,61965,EOM,30.984,30.984,,,30.984,2019-01-01 12:00:00,2019-01-01 11:00:00,germany_op_base_case_2019,61965,61965,2019-01-01 11:00:00
11,62945,62945,EOM,32.428,32.428,,,32.428,2019-01-01 13:00:00,2019-01-01 12:00:00,germany_op_base_case_2019,62945,62945,2019-01-01 12:00:00
12,63177,63177,EOM,32.435,32.435,,,32.435,2019-01-01 14:00:00,2019-01-01 13:00:00,germany_op_base_case_2019,63177,63177,2019-01-01 13:00:00
13,63846,63846,EOM,32.602,32.602,,,32.602,2019-01-01 15:00:00,2019-01-01 14:00:00,germany_op_base_case_2019,63846,63846,2019-01-01 14:00:00
14,65128,65128,EOM,33.774,33.774,,,33.774,2019-01-01 16:00:00,2019-01-01 15:00:00,germany_op_base_case_2019,65128,65128,2019-01-01 15:00:00
15,66873,66873,EOM,33.956,33.956,,,33.956,2019-01-01 17:00:00,2019-01-01 16:00:00,germany_op_base_case_2019,66873,66873,2019-01-01 16:00:00
16,68969,68969,EOM,35.329,35.329,,,35.329,2019-01-01 18:00:00,2019-01-01 17:00:00,germany_op_base_case_2019,68969,68969,2019-01-01 17:00:00
17,68799,68799,EOM,35.336,35.336,,,35.336,2019-01-01 19:00:00,2019-01-01 18:00:00,germany_op_base_case_2019,68799,68799,2019-01-01 18:00:00
18,67438,67438,EOM,34.511,34.511,,,34.511,2019-01-01 20:00:00,2019-01-01 19:00:00,germany_op_base_case_2019,67438,67438,2019-01-01 19:00:00
19,65355,65355,EOM,33.218,33.218,,,33.218,2019-01-01 21:00:00,2019-01-01 20:00:00,germany_op_base_case_2019,65355,65355,2019-01-01 20:00:00
20,63300,63300,EOM,32.653,32.653,,,32.653,2019-01-01 22:00:00,2019-01-01 21:00:00,germany_op_base_case_2019,63300,63300,2019-01-01 21:00:00
21,61161,61161,EOM,32.5,32.5,,,32.5,2019-01-01 23:00:00,2019-01-01 22:00:00,germany_op_base_case_2019,61161,61161,2019-01-01 22:00:00
22,58708,58708,EOM,31.067,31.067,,,31.067,2019-01-02 00:00:00,2019-01-01 23:00:00,germany_op_base_case_2019,58708,58708,2019-01-01 23:00:00
23,56438,56438,EOM,30.825,30.825,,,30.825,2019-01-02 01:00:00,2019-01-02 00:00:00,germany_op_base_case_2019,56438,56438,2019-01-02 00:00:00
24,55218,55218,EOM,30.743,30.743,,,30.743,2019-01-02 02:00:00,2019-01-02 01:00:00,germany_op_base_case_2019,55218,55218,2019-01-02 01:00:00
25,55345,55345,EOM,31.179,31.179,,,31.179,2019-01-02 03:00:00,2019-01-02 02:00:00,germany_op_base_case_2019,55345,55345,2019-01-02 02:00:00
26,55976,55976,EOM,32.864,32.864,,,32.864,2019-01-02 04:00:00,2019-01-02 03:00:00,germany_op_base_case_2019,55976,55976,2019-01-02 03:00:00
27,56993,56993,EOM,32.858,32.858,,,32.858,2019-01-02 05:00:00,2019-01-02 04:00:00,germany_op_base_case_2019,56993,56993,2019-01-02 04:00:00
28,60064,60064,EOM,33.527,33.527,,,33.527,2019-01-02 06:00:00,2019-01-02 05:00:00,germany_op_base_case_2019,60064,60064,2019-01-02 05:00:00
29,65587,65587,EOM,36.445,36.445,,,36.445,2019-01-02 07:00:00,2019-01-02 06:00:00,germany_op_base_case_2019,65587,65587,2019-01-02 06:00:00
30,70632,70632,EOM,38.283,38.283,,,38.283,2019-01-02 08:00:00,2019-01-02 07:00:00,germany_op_base_case_2019,70632,70632,2019-01-02 07:00:00
31,72945,72945,EOM,38.223,38.223,,,38.223,2019-01-02 09:00:00,2019-01-02 08:00:00,germany_op_base_case_2019,72945,72945,2019-01-02 08:00:00
32,74850,74850,EOM,40.228,40.228,,,40.228,2019-01-02 10:00:00,2019-01-02 09:00:00,germany_op_base_case_2019,74850,74850,2019-01-02 09:00:00
33,76376,76376,EOM,39.104,39.104,,,39.104,2019-01-02 11:00:00,2019-01-02 10:00:00,germany_op_base_case_2019,76376,76376,2019-01-02 10:00:00
34,78115,78115,EOM,38.039,38.039,,,38.039,2019-01-02 12:00:00,2019-01-02 11:00:00,germany_op_base_case_2019,78115,78115,2019-01-02 11:00:00
35,78178,78178,EOM,37.978,37.978,,,37.978,2019-01-02 13:00:00,2019-01-02 12:00:00,germany_op_base_case_2019,78178,78178,2019-01-02 12:00:00
36,77411,77411,EOM,38.917,38.917,,,38.917,2019-01-02 14:00:00,2019-01-02 13:00:00,germany_op_base_case_2019,77411,77411,2019-01-02 13:00:00
37,75496,75496,EOM,41.408,41.408,,,41.408,2019-01-02 15:00:00,2019-01-02 14:00:00,germany_op_base_case_2019,75496,75496,2019-01-02 14:00:00
38,73535,73535,EOM,42.034,42.034,,,42.034,2019-01-02 16:00:00,2019-01-02 15:00:00,germany_op_base_case_2019,73535,73535,2019-01-02 15:00:00
39,75966,75966,EOM,43.64,43.64,,,43.64,2019-01-02 17:00:00,2019-01-02 16:00:00,germany_op_base_case_2019,75966,75966,2019-01-02 16:00:00
40,77430,77430,EOM,43.571,43.571,,,43.571,2019-01-02 18:00:00,2019-01-02 17:00:00,germany_op_base_case_2019,77430,77430,2019-01-02 17:00:00
41,77744,77744,EOM,44.501,44.501,,,44.501,2019-01-02 19:00:00,2019-01-02 18:00:00,germany_op_base_case_2019,77744,77744,2019-01-02 18:00:00
42,76155,76155,EOM,44.204,44.204,,,44.204,2019-01-02 20:00:00,2019-01-02 19:00:00,germany_op_base_case_2019,76155,76155,2019-01-02 19:00:00
43,73448,73448,EOM,44.133,44.133,,,44.133,2019-01-02 21:00:00,2019-01-02 20:00:00,germany_op_base_case_2019,73448,73448,2019-01-02 20:00:00
44,69386,69386,EOM,42.551,42.551,,,42.551,2019-01-02 22:00:00,2019-01-02 21:00:00,germany_op_base_case_2019,69386,69386,2019-01-02 21:00:00
45,69107,69107,EOM,43.116,43.116,,,43.116,2019-01-02 23:00:00,2019-01-02 22:00:00,germany_op_base_case_2019,69107,69107,2019-01-02 22:00:00
46,64500,64500,EOM,42.208,42.208,,,42.208,2019-01-03 00:00:00,2019-01-02 23:00:00,germany_op_base_case_2019,64500,64500,2019-01-02 23:00:00
47,63180,63180,EOM,42.172,42.172,,,42.172,2019-01-03 01:00:00,2019-01-03 00:00:00,germany_op_base_case_2019,63180,63180,2019-01-03 00:00:00
48,62437,62437,EOM,41.483,41.483,,,41.483,2019-01-03 02:00:00,2019-01-03 01:00:00,germany_op_base_case_2019,62437,62437,2019-01-03 01:00:00
49,62028,62028,EOM,42.207,42.207,,,42.207,2019-01-03 03:00:00,2019-01-03 02:00:00,germany_op_base_case_2019,62028,62028,2019-01-03 02:00:00
50,61107,61107,EOM,41.518,41.518,,,41.518,2019-01-03 04:00:00,2019-01-03 03:00:00,germany_op_base_case_2019,61107,61107,2019-01-03 03:00:00
51,61476,61476,EOM,41.534,41.534,,,41.534,2019-01-03 05:00:00,2019-01-03 04:00:00,germany_op_base_case_2019,61476,61476,2019-01-03 04:00:00
52,66410,66410,EOM,48.278,48.278,,,48.278,2019-01-03 06:00:00,2019-01-03 05:00:00,germany_op_base_case_2019,66410,66410,2019-01-03 05:00:00
53,71531,71531,EOM,51.402,51.402,,,51.402,2019-01-03 07:00:00,2019-01-03 06:00:00,germany_op_base_case_2019,71531,71531,2019-01-03 06:00:00
54,72650,72650,EOM,50.313,50.313,,,50.313,2019-01-03 08:00:00,2019-01-03 07:00:00,germany_op_base_case_2019,72650,72650,2019-01-03 07:00:00
55,77784,77784,EOM,53.97,53.97,,,53.97,2019-01-03 09:00:00,2019-01-03 08:00:00,germany_op_base_case_2019,77784,77784,2019-01-03 08:00:00
56,78363,78363,EOM,53.385,53.385,,,53.385,2019-01-03 10:00:00,2019-01-03 09:00:00,germany_op_base_case_2019,78363,78363,2019-01-03 09:00:00
57,78344,78344,EOM,53.391,53.391,,,53.391,2019-01-03 11:00:00,2019-01-03 10:00:00,germany_op_base_case_2019,78344,78344,2019-01-03 10:00:00
58,79931,79931,EOM,55.307,55.307,,,55.307,2019-01-03 12:00:00,2019-01-03 11:00:00,germany_op_base_case_2019,79931,79931,2019-01-03 11:00:00
59,78628,78628,EOM,54.868,54.868,,,54.868,2019-01-03 13:00:00,2019-01-03 12:00:00,germany_op_base_case_2019,78628,78628,2019-01-03 12:00:00
60,76766,76766,EOM,54.009,54.009,,,54.009,2019-01-03 14:00:00,2019-01-03 13:00:00,germany_op_base_case_2019,76766,76766,2019-01-03 13:00:00
61,74604,74604,EOM,54.891,54.891,,,54.891,2019-01-03 15:00:00,2019-01-03 14:00:00,germany_op_base_case_2019,74604,74604,2019-01-03 14:00:00
62,72867,72867,EOM,55.35,55.35,,,55.35,2019-01-03 16:00:00,2019-01-03 15:00:00,germany_op_base_case_2019,72867,72867,2019-01-03 15:00:00
63,75173,75173,EOM,57.135,57.135,,,57.135,2019-01-03 17:00:00,2019-01-03 16:00:00,germany_op_base_case_2019,75173,75173,2019-01-03 16:00:00
64,77703,77703,EOM,58.739,58.739,,,58.739,2019-01-03 18:00:00,2019-01-03 17:00:00,germany_op_base_case_2019,77703,77703,2019-01-03 17:00:00
65,78860,78860,EOM,58.753,58.753,,,58.753,2019-01-03 19:00:00,2019-01-03 18:00:00,germany_op_base_case_2019,78860,78860,2019-01-03 18:00:00
66,77068,77068,EOM,55.404,55.404,,,55.404,2019-01-03 20:00:00,2019-01-03 19:00:00,germany_op_base_case_2019,77068,77068,2019-01-03 19:00:00
67,75804,75804,EOM,55.417,55.417,,,55.417,2019-01-03 21:00:00,2019-01-03 20:00:00,germany_op_base_case_2019,75804,75804,2019-01-03 20:00:00
68,73876,73876,EOM,54.981,54.981,,,54.981,2019-01-03 22:00:00,2019-01-03 21:00:00,germany_op_base_case_2019,73876,73876,2019-01-03 21:00:00
69,71534,71534,EOM,53.276,53.276,,,53.276,2019-01-03 23:00:00,2019-01-03 22:00:00,germany_op_base_case_2019,71534,71534,2019-01-03 22:00:00
70,67073,67073,EOM,48.587,48.587,,,48.587,2019-01-04 00:00:00,2019-01-03 23:00:00,germany_op_base_case_2019,67073,67073,2019-01-03 23:00:00
71,63256,63256,EOM,44.483,44.483,,,44.483,2019-01-04 01:00:00,2019-01-04 00:00:00,germany_op_base_case_2019,63256,63256,2019-01-04 00:00:00
72,61885,61885,EOM,43.467,43.467,,,43.467,2019-01-04 02:00:00,2019-01-04 01:00:00,germany_op_base_case_2019,61885,61885,2019-01-04 01:00:00
73,61602,61602,EOM,43.341,43.341,,,43.341,2019-01-04 03:00:00,2019-01-04 02:00:00,germany_op_base_case_2019,61602,61602,2019-01-04 02:00:00
74,62475,62475,EOM,42.687,42.687,,,42.687,2019-01-04 04:00:00,2019-01-04 03:00:00,germany_op_base_case_2019,62475,62475,2019-01-04 03:00:00
75,63801,63801,EOM,42.67,42.67,,,42.67,2019-01-04 05:00:00,2019-01-04 04:00:00,germany_op_base_case_2019,63801,63801,2019-01-04 04:00:00
76,67235,67235,EOM,53.249,53.249,,,53.249,2019-01-04 06:00:00,2019-01-04 05:00:00,germany_op_base_case_2019,67235,67235,2019-01-04 05:00:00
77,69980,69980,EOM,51.665,51.665,,,51.665,2019-01-04 07:00:00,2019-01-04 06:00:00,germany_op_base_case_2019,69980,69980,2019-01-04 06:00:00
78,75882,75882,EOM,52.058,52.058,,,52.058,2019-01-04 08:00:00,2019-01-04 07:00:00,germany_op_base_case_2019,75882,75882,2019-01-04 07:00:00
79,78404,78404,EOM,51.107,51.107,,,51.107,2019-01-04 09:00:00,2019-01-04 08:00:00,germany_op_base_case_2019,78404,78404,2019-01-04 08:00:00
80,79667,79667,EOM,49.661,49.661,,,49.661,2019-01-04 10:00:00,2019-01-04 09:00:00,germany_op_base_case_2019,79667,79667,2019-01-04 09:00:00
81,80055,80055,EOM,47.195,47.195,,,47.195,2019-01-04 11:00:00,2019-01-04 10:00:00,germany_op_base_case_2019,80055,80055,2019-01-04 10:00:00
82,80854,80854,EOM,45.083,45.083,,,45.083,2019-01-04 12:00:00,2019-01-04 11:00:00,germany_op_base_case_2019,80854,80854,2019-01-04 11:00:00
83,80922,80922,EOM,45.063,45.063,,,45.063,2019-01-04 13:00:00,2019-01-04 12:00:00,germany_op_base_case_2019,80922,80922,2019-01-04 12:00:00
84,81063,81063,EOM,44.238,44.238,,,44.238,2019-01-04 14:00:00,2019-01-04 13:00:00,germany_op_base_case_2019,81063,81063,2019-01-04 13:00:00
85,80038,80038,EOM,44.219,44.219,,,44.219,2019-01-04 15:00:00,2019-01-04 14:00:00,germany_op_base_case_2019,80038,80038,2019-01-04 14:00:00
86,79020,79020,EOM,44.2,44.2,,,44.2,2019-01-04 16:00:00,2019-01-04 15:00:00,germany_op_base_case_2019,79020,79020,2019-01-04 15:00:00
87,80058,80058,EOM,44.181,44.181,,,44.181,2019-01-04 17:00:00,2019-01-04 16:00:00,germany_op_base_case_2019,80058,80058,2019-01-04 16:00:00
88,81575,81575,EOM,50.126,50.126,,,50.126,2019-01-04 18:00:00,2019-01-04 17:00:00,germany_op_base_case_2019,81575,81575,2019-01-04 17:00:00
89,80891,80891,EOM,44.142,44.142,,,44.142,2019-01-04 19:00:00,2019-01-04 18:00:00,germany_op_base_case_2019,80891,80891,2019-01-04 18:00:00
90,78017,78017,EOM,43.132,43.132,,,43.132,2019-01-04 20:00:00,2019-01-04 19:00:00,germany_op_base_case_2019,78017,78017,2019-01-04 19:00:00
91,76062,76062,EOM,43.113,43.113,,,43.113,2019-01-04 21:00:00,2019-01-04 20:00:00,germany_op_base_case_2019,76062,76062,2019-01-04 20:00:00
92,73346,73346,EOM,42.151,42.151,,,42.151,2019-01-04 22:00:00,2019-01-04 21:00:00,germany_op_base_case_2019,73346,73346,2019-01-04 21:00:00
93,71837,71837,EOM,41.428,41.428,,,41.428,2019-01-04 23:00:00,2019-01-04 22:00:00,germany_op_base_case_2019,71837,71837,2019-01-04 22:00:00
94,66301,66301,EOM,37.241,37.241,,,37.241,2019-01-05 00:00:00,2019-01-04 23:00:00,germany_op_base_case_2019,66301,66301,2019-01-04 23:00:00
95,64368,64368,EOM,37.067,37.067,,,37.067,2019-01-05 01:00:00,2019-01-05 00:00:00,germany_op_base_case_2019,64368,64368,2019-01-05 00:00:00
96,62449,62449,EOM,36.205,36.205,,,36.205,2019-01-05 02:00:00,2019-01-05 01:00:00,germany_op_base_case_2019,62449,62449,2019-01-05 01:00:00
97,61460,61460,EOM,33.851,33.851,,,33.851,2019-01-05 03:00:00,2019-01-05 02:00:00,germany_op_base_case_2019,61460,61460,2019-01-05 02:00:00
98,61307,61307,EOM,32.405,32.405,,,32.405,2019-01-05 04:00:00,2019-01-05 03:00:00,germany_op_base_case_2019,61307,61307,2019-01-05 03:00:00
99,61621,61621,EOM,32.214,32.214,,,32.214,2019-01-05 05:00:00,2019-01-05 04:00:00,germany_op_base_case_2019,61621,61621,2019-01-05 04:00:00
100,62748,62748,EOM,33.78,33.78,,,33.78,2019-01-05 06:00:00,2019-01-05 05:00:00,germany_op_base_case_2019,62748,62748,2019-01-05 05:00:00
101,64567,64567,EOM,36.97,36.97,,,36.97,2019-01-05 07:00:00,2019-01-05 06:00:00,germany_op_base_case_2019,64567,64567,2019-01-05 06:00:00
102,65591,65591,EOM,37.112,37.112,,,37.112,2019-01-05 08:00:00,2019-01-05 07:00:00,germany_op_base_case_2019,65591,65591,2019-01-05 07:00:00
103,68603,68603,EOM,40.571,40.571,,,40.571,2019-01-05 09:00:00,2019-01-05 08:00:00,germany_op_base_case_2019,68603,68603,2019-01-05 08:00:00
104,72072,72072,EOM,41.933,41.933,,,41.933,2019-01-05 10:00:00,2019-01-05 09:00:00,germany_op_base_case_2019,72072,72072,2019-01-05 09:00:00
105,74333,74333,EOM,42.12,42.12,,,42.12,2019-01-05 11:00:00,2019-01-05 10:00:00,germany_op_base_case_2019,74333,74333,2019-01-05 10:00:00
106,75236,75236,EOM,42.728,42.728,,,42.728,2019-01-05 12:00:00,2019-01-05 11:00:00,germany_op_base_case_2019,75236,75236,2019-01-05 11:00:00
107,74609,74609,EOM,42.082,42.082,,,42.082,2019-01-05 13:00:00,2019-01-05 12:00:00,germany_op_base_case_2019,74609,74609,2019-01-05 12:00:00
108,72752,72752,EOM,41.859,41.859,,,41.859,2019-01-05 14:00:00,2019-01-05 13:00:00,germany_op_base_case_2019,72752,72752,2019-01-05 13:00:00
109,71551,71551,EOM,42.045,42.045,,,42.045,2019-01-05 15:00:00,2019-01-05 14:00:00,germany_op_base_case_2019,71551,71551,2019-01-05 14:00:00
110,71363,71363,EOM,42.653,42.653,,,42.653,2019-01-05 16:00:00,2019-01-05 15:00:00,germany_op_base_case_2019,71363,71363,2019-01-05 15:00:00
111,72415,72415,EOM,43.501,43.501,,,43.501,2019-01-05 17:00:00,2019-01-05 16:00:00,germany_op_base_case_2019,72415,72415,2019-01-05 16:00:00
112,73483,73483,EOM,44.501,44.501,,,44.501,2019-01-05 18:00:00,2019-01-05 17:00:00,germany_op_base_case_2019,73483,73483,2019-01-05 17:00:00
113,73367,73367,EOM,43.688,43.688,,,43.688,2019-01-05 19:00:00,2019-01-05 18:00:00,germany_op_base_case_2019,73367,73367,2019-01-05 18:00:00
114,72562,72562,EOM,43.67,43.67,,,43.67,2019-01-05 20:00:00,2019-01-05 19:00:00,germany_op_base_case_2019,72562,72562,2019-01-05 19:00:00
115,69394,69394,EOM,42.565,42.565,,,42.565,2019-01-05 21:00:00,2019-01-05 20:00:00,germany_op_base_case_2019,69394,69394,2019-01-05 20:00:00
116,66705,66705,EOM,41.717,41.717,,,41.717,2019-01-05 22:00:00,2019-01-05 21:00:00,germany_op_base_case_2019,66705,66705,2019-01-05 21:00:00
117,65580,65580,EOM,41.699,41.699,,,41.699,2019-01-05 23:00:00,2019-01-05 22:00:00,germany_op_base_case_2019,65580,65580,2019-01-05 22:00:00
118,61791,61791,EOM,40.982,40.982,,,40.982,2019-01-06 00:00:00,2019-01-05 23:00:00,germany_op_base_case_2019,61791,61791,2019-01-05 23:00:00
119,61616,61616,EOM,40.964,40.964,,,40.964,2019-01-06 01:00:00,2019-01-06 00:00:00,germany_op_base_case_2019,61616,61616,2019-01-06 00:00:00
120,60589,60589,EOM,40.946,40.946,,,40.946,2019-01-06 02:00:00,2019-01-06 01:00:00,germany_op_base_case_2019,60589,60589,2019-01-06 01:00:00
121,58683,58683,EOM,40.928,40.928,,,40.928,2019-01-06 03:00:00,2019-01-06 02:00:00,germany_op_base_case_2019,58683,58683,2019-01-06 02:00:00
122,57306,57306,EOM,40.237,40.237,,,40.237,2019-01-06 04:00:00,2019-01-06 03:00:00,germany_op_base_case_2019,57306,57306,2019-01-06 03:00:00
123,55113,55113,EOM,38.418,38.418,,,38.418,2019-01-06 05:00:00,2019-01-06 04:00:00,germany_op_base_case_2019,55113,55113,2019-01-06 04:00:00
124,56609,56609,EOM,41.571,41.571,,,41.571,2019-01-06 06:00:00,2019-01-06 05:00:00,germany_op_base_case_2019,56609,56609,2019-01-06 05:00:00
125,56777,56777,EOM,41.756,41.756,,,41.756,2019-01-06 07:00:00,2019-01-06 06:00:00,germany_op_base_case_2019,56777,56777,2019-01-06 06:00:00
126,58065,58065,EOM,43.219,43.219,,,43.219,2019-01-06 08:00:00,2019-01-06 07:00:00,germany_op_base_case_2019,58065,58065,2019-01-06 07:00:00
127,59599,59599,EOM,43.2,43.2,,,43.2,2019-01-06 09:00:00,2019-01-06 08:00:00,germany_op_base_case_2019,59599,59599,2019-01-06 08:00:00
128,63638,63638,EOM,44.192,44.192,,,44.192,2019-01-06 10:00:00,2019-01-06 09:00:00,germany_op_base_case_2019,63638,63638,2019-01-06 09:00:00
129,65408,65408,EOM,44.172,44.172,,,44.172,2019-01-06 11:00:00,2019-01-06 10:00:00,germany_op_base_case_2019,65408,65408,2019-01-06 10:00:00
130,67021,67021,EOM,46.199,46.199,,,46.199,2019-01-06 12:00:00,2019-01-06 11:00:00,germany_op_base_case_2019,67021,67021,2019-01-06 11:00:00
131,68473,68473,EOM,47.343,47.343,,,47.343,2019-01-06 13:00:00,2019-01-06 12:00:00,germany_op_base_case_2019,68473,68473,2019-01-06 12:00:00
132,66989,66989,EOM,44.114,44.114,,,44.114,2019-01-06 14:00:00,2019-01-06 13:00:00,germany_op_base_case_2019,66989,66989,2019-01-06 13:00:00
133,66884,66884,EOM,46.138,46.138,,,46.138,2019-01-06 15:00:00,2019-01-06 14:00:00,germany_op_base_case_2019,66884,66884,2019-01-06 14:00:00
134,66618,66618,EOM,47.28,47.28,,,47.28,2019-01-06 16:00:00,2019-01-06 15:00:00,germany_op_base_case_2019,66618,66618,2019-01-06 15:00:00
135,68017,68017,EOM,48.917,48.917,,,48.917,2019-01-06 17:00:00,2019-01-06 16:00:00,germany_op_base_case_2019,68017,68017,2019-01-06 16:00:00
136,71816,71816,EOM,54.166,54.166,,,54.166,2019-01-06 18:00:00,2019-01-06 17:00:00,germany_op_base_case_2019,71816,71816,2019-01-06 17:00:00
137,73436,73436,EOM,54.159,54.159,,,54.159,2019-01-06 19:00:00,2019-01-06 18:00:00,germany_op_base_case_2019,73436,73436,2019-01-06 18:00:00
138,73005,73005,EOM,54.153,54.153,,,54.153,2019-01-06 20:00:00,2019-01-06 19:00:00,germany_op_base_case_2019,73005,73005,2019-01-06 19:00:00
139,70626,70626,EOM,47.945,47.945,,,47.945,2019-01-06 21:00:00,2019-01-06 20:00:00,germany_op_base_case_2019,70626,70626,2019-01-06 20:00:00
140,68038,68038,EOM,46.001,46.001,,,46.001,2019-01-06 22:00:00,2019-01-06 21:00:00,germany_op_base_case_2019,68038,68038,2019-01-06 21:00:00
141,66650,66650,EOM,43.944,43.944,,,43.944,2019-01-06 23:00:00,2019-01-06 22:00:00,germany_op_base_case_2019,66650,66650,2019-01-06 22:00:00
142,65656,65656,EOM,42.92,42.92,,,42.92,2019-01-07 00:00:00,2019-01-06 23:00:00,germany_op_base_case_2019,65656,65656,2019-01-06 23:00:00
143,59669,59669,EOM,41.444,41.444,,,41.444,2019-01-07 01:00:00,2019-01-07 00:00:00,germany_op_base_case_2019,59669,59669,2019-01-07 00:00:00
144,58759,58759,EOM,41.262,41.262,,,41.262,2019-01-07 02:00:00,2019-01-07 01:00:00,germany_op_base_case_2019,58759,58759,2019-01-07 01:00:00
145,58805,58805,EOM,41.281,41.281,,,41.281,2019-01-07 03:00:00,2019-01-07 02:00:00,germany_op_base_case_2019,58805,58805,2019-01-07 02:00:00
146,58702,58702,EOM,41.301,41.301,,,41.301,2019-01-07 04:00:00,2019-01-07 03:00:00,germany_op_base_case_2019,58702,58702,2019-01-07 03:00:00
147,60490,60490,EOM,47.202,47.202,,,47.202,2019-01-07 05:00:00,2019-01-07 04:00:00,germany_op_base_case_2019,60490,60490,2019-01-07 04:00:00
148,64893,64893,EOM,49.962,49.962,,,49.962,2019-01-07 06:00:00,2019-01-07 05:00:00,germany_op_base_case_2019,64893,64893,2019-01-07 05:00:00
149,71493,71493,EOM,55.42,55.42,,,55.42,2019-01-07 07:00:00,2019-01-07 06:00:00,germany_op_base_case_2019,71493,71493,2019-01-07 06:00:00
150,76240,76240,EOM,59.211,59.211,,,59.211,2019-01-07 08:00:00,2019-01-07 07:00:00,germany_op_base_case_2019,76240,76240,2019-01-07 07:00:00
151,77620,77620,EOM,62.43,62.43,,,62.43,2019-01-07 09:00:00,2019-01-07 08:00:00,germany_op_base_case_2019,77620,77620,2019-01-07 08:00:00
152,77369,77369,EOM,60.153,60.153,,,60.153,2019-01-07 10:00:00,2019-01-07 09:00:00,germany_op_base_case_2019,77369,77369,2019-01-07 09:00:00
153,78841,78841,EOM,59.051,59.051,,,59.051,2019-01-07 11:00:00,2019-01-07 10:00:00,germany_op_base_case_2019,78841,78841,2019-01-07 10:00:00
154,80569,80569,EOM,58.998,58.998,,,58.998,2019-01-07 12:00:00,2019-01-07 11:00:00,germany_op_base_case_2019,80569,80569,2019-01-07 11:00:00
155,80005,80005,EOM,55.592,55.592,,,55.592,2019-01-07 13:00:00,2019-01-07 12:00:00,germany_op_base_case_2019,80005,80005,2019-01-07 12:00:00
156,81127,81127,EOM,55.601,55.601,,,55.601,2019-01-07 14:00:00,2019-01-07 13:00:00,germany_op_base_case_2019,81127,81127,2019-01-07 13:00:00
157,83701,83701,EOM,64.899,64.899,,,64.899,2019-01-07 15:00:00,2019-01-07 14:00:00,germany_op_base_case_2019,83701,83701,2019-01-07 14:00:00
158,82454,82454,EOM,57.014,57.014,,,57.014,2019-01-07 16:00:00,2019-01-07 15:00:00,germany_op_base_case_2019,82454,82454,2019-01-07 15:00:00
159,83539,83539,EOM,55.155,55.155,,,55.155,2019-01-07 17:00:00,2019-01-07 16:00:00,germany_op_base_case_2019,83539,83539,2019-01-07 16:00:00
160,86517,86517,EOM,58.116,58.116,,,58.116,2019-01-07 18:00:00,2019-01-07 17:00:00,germany_op_base_case_2019,86517,86517,2019-01-07 17:00:00
161,87411,87411,EOM,53.333,53.333,,,53.333,2019-01-07 19:00:00,2019-01-07 18:00:00,germany_op_base_case_2019,87411,87411,2019-01-07 18:00:00
162,85283,85283,EOM,46.372,46.372,,,46.372,2019-01-07 20:00:00,2019-01-07 19:00:00,germany_op_base_case_2019,85283,85283,2019-01-07 19:00:00
163,82074,82074,EOM,41.636,41.636,,,41.636,2019-01-07 21:00:00,2019-01-07 20:00:00,germany_op_base_case_2019,82074,82074,2019-01-07 20:00:00
164,79720,79720,EOM,40.958,40.958,,,40.958,2019-01-07 22:00:00,2019-01-07 21:00:00,germany_op_base_case_2019,79720,79720,2019-01-07 21:00:00
165,75446,75446,EOM,37.821,37.821,,,37.821,2019-01-07 23:00:00,2019-01-07 22:00:00,germany_op_base_case_2019,75446,75446,2019-01-07 22:00:00
166,71939,71939,EOM,36.326,36.326,,,36.326,2019-01-08 00:00:00,2019-01-07 23:00:00,germany_op_base_case_2019,71939,71939,2019-01-07 23:00:00
167,67205,67205,EOM,32.045,32.045,,,32.045,2019-01-08 01:00:00,2019-01-08 00:00:00,germany_op_base_case_2019,67205,67205,2019-01-08 00:00:00
168,66118,66118,EOM,31.84,31.84,,,31.84,2019-01-08 02:00:00,2019-01-08 01:00:00,germany_op_base_case_2019,66118,66118,2019-01-08 01:00:00
169,64675,64675,EOM,31.233,31.233,,,31.233,2019-01-08 03:00:00,2019-01-08 02:00:00,germany_op_base_case_2019,64675,64675,2019-01-08 02:00:00
170,66037,66037,EOM,31.765,31.765,,,31.765,2019-01-08 04:00:00,2019-01-08 03:00:00,germany_op_base_case_2019,66037,66037,2019-01-08 03:00:00
171,67668,67668,EOM,33.292,33.292,,,33.292,2019-01-08 05:00:00,2019-01-08 04:00:00,germany_op_base_case_2019,67668,67668,2019-01-08 04:00:00
172,71161,71161,EOM,36.922,36.922,,,36.922,2019-01-08 06:00:00,2019-01-08 05:00:00,germany_op_base_case_2019,71161,71161,2019-01-08 05:00:00
173,77494,77494,EOM,40.152,40.152,,,40.152,2019-01-08 07:00:00,2019-01-08 06:00:00,germany_op_base_case_2019,77494,77494,2019-01-08 06:00:00
174,82769,82769,EOM,41.488,41.488,,,41.488,2019-01-08 08:00:00,2019-01-08 07:00:00,germany_op_base_case_2019,82769,82769,2019-01-08 07:00:00
175,85069,85069,EOM,41.459,41.459,,,41.459,2019-01-08 09:00:00,2019-01-08 08:00:00,germany_op_base_case_2019,85069,85069,2019-01-08 08:00:00
176,84968,84968,EOM,40.737,40.737,,,40.737,2019-01-08 10:00:00,2019-01-08 09:00:00,germany_op_base_case_2019,84968,84968,2019-01-08 09:00:00
177,85653,85653,EOM,40.612,40.612,,,40.612,2019-01-08 11:00:00,2019-01-08 10:00:00,germany_op_base_case_2019,85653,85653,2019-01-08 10:00:00
178,86349,86349,EOM,40.012,40.012,,,40.012,2019-01-08 12:00:00,2019-01-08 11:00:00,germany_op_base_case_2019,86349,86349,2019-01-08 11:00:00
179,85945,85945,EOM,39.984,39.984,,,39.984,2019-01-08 13:00:00,2019-01-08 12:00:00,germany_op_base_case_2019,85945,85945,2019-01-08 12:00:00
180,85460,85460,EOM,39.956,39.956,,,39.956,2019-01-08 14:00:00,2019-01-08 13:00:00,germany_op_base_case_2019,85460,85460,2019-01-08 13:00:00
181,84793,84793,EOM,39.927,39.927,,,39.927,2019-01-08 15:00:00,2019-01-08 14:00:00,germany_op_base_case_2019,84793,84793,2019-01-08 14:00:00
182,84196,84196,EOM,41.256,41.256,,,41.256,2019-01-08 16:00:00,2019-01-08 15:00:00,germany_op_base_case_2019,84196,84196,2019-01-08 15:00:00
183,85580,85580,EOM,41.428,41.428,,,41.428,2019-01-08 17:00:00,2019-01-08 16:00:00,germany_op_base_case_2019,85580,85580,2019-01-08 16:00:00
184,87080,87080,EOM,42.12,42.12,,,42.12,2019-01-08 18:00:00,2019-01-08 17:00:00,germany_op_base_case_2019,87080,87080,2019-01-08 17:00:00
185,86506,86506,EOM,42.089,42.089,,,42.089,2019-01-08 19:00:00,2019-01-08 18:00:00,germany_op_base_case_2019,86506,86506,2019-01-08 18:00:00
186,84520,84520,EOM,41.137,41.137,,,41.137,2019-01-08 20:00:00,2019-01-08 19:00:00,germany_op_base_case_2019,84520,84520,2019-01-08 19:00:00
187,80438,80438,EOM,37.308,37.308,,,37.308,2019-01-08 21:00:00,2019-01-08 20:00:00,germany_op_base_case_2019,80438,80438,2019-01-08 20:00:00
188,76741,76741,EOM,36.174,36.174,,,36.174,2019-01-08 22:00:00,2019-01-08 21:00:00,germany_op_base_case_2019,76741,76741,2019-01-08 21:00:00
189,74171,74171,EOM,36.151,36.151,,,36.151,2019-01-08 23:00:00,2019-01-08 22:00:00,germany_op_base_case_2019,74171,74171,2019-01-08 22:00:00
190,71124,71124,EOM,35.303,35.303,,,35.303,2019-01-09 00:00:00,2019-01-08 23:00:00,germany_op_base_case_2019,71124,71124,2019-01-08 23:00:00
191,68002,68002,EOM,31.734,31.734,,,31.734,2019-01-09 01:00:00,2019-01-09 00:00:00,germany_op_base_case_2019,68002,68002,2019-01-09 00:00:00
192,66162,66162,EOM,31.347,31.347,,,31.347,2019-01-09 02:00:00,2019-01-09 01:00:00,germany_op_base_case_2019,66162,66162,2019-01-09 01:00:00
193,65202,65202,EOM,31.213,31.213,,,31.213,2019-01-09 03:00:00,2019-01-09 02:00:00,germany_op_base_case_2019,65202,65202,2019-01-09 02:00:00
194,65408,65408,EOM,31.381,31.381,,,31.381,2019-01-09 04:00:00,2019-01-09 03:00:00,germany_op_base_case_2019,65408,65408,2019-01-09 03:00:00
195,66388,66388,EOM,32.532,32.532,,,32.532,2019-01-09 05:00:00,2019-01-09 04:00:00,germany_op_base_case_2019,66388,66388,2019-01-09 04:00:00
196,70152,70152,EOM,36.284,36.284,,,36.284,2019-01-09 06:00:00,2019-01-09 05:00:00,germany_op_base_case_2019,70152,70152,2019-01-09 05:00:00
197,77330,77330,EOM,41.033,41.033,,,41.033,2019-01-09 07:00:00,2019-01-09 06:00:00,germany_op_base_case_2019,77330,77330,2019-01-09 06:00:00
198,83044,83044,EOM,42.7,42.7,,,42.7,2019-01-09 08:00:00,2019-01-09 07:00:00,germany_op_base_case_2019,83044,83044,2019-01-09 07:00:00
199,85609,85609,EOM,42.704,42.704,,,42.704,2019-01-09 09:00:00,2019-01-09 08:00:00,germany_op_base_case_2019,85609,85609,2019-01-09 08:00:00
200,86032,86032,EOM,42.926,42.926,,,42.926,2019-01-09 10:00:00,2019-01-09 09:00:00,germany_op_base_case_2019,86032,86032,2019-01-09 09:00:00
201,87055,87055,EOM,42.713,42.713,,,42.713,2019-01-09 11:00:00,2019-01-09 10:00:00,germany_op_base_case_2019,87055,87055,2019-01-09 10:00:00
202,87924,87924,EOM,42.718,42.718,,,42.718,2019-01-09 12:00:00,2019-01-09 11:00:00,germany_op_base_case_2019,87924,87924,2019-01-09 11:00:00
203,87892,87892,EOM,42.722,42.722,,,42.722,2019-01-09 13:00:00,2019-01-09 12:00:00,germany_op_base_case_2019,87892,87892,2019-01-09 12:00:00
204,87535,87535,EOM,42.726,42.726,,,42.726,2019-01-09 14:00:00,2019-01-09 13:00:00,germany_op_base_case_2019,87535,87535,2019-01-09 13:00:00
205,86737,86737,EOM,42.731,42.731,,,42.731,2019-01-09 15:00:00,2019-01-09 14:00:00,germany_op_base_case_2019,86737,86737,2019-01-09 14:00:00
206,85827,85827,EOM,42.953,42.953,,,42.953,2019-01-09 16:00:00,2019-01-09 15:00:00,germany_op_base_case_2019,85827,85827,2019-01-09 15:00:00
207,86754,86754,EOM,46.919,46.919,,,46.919,2019-01-09 17:00:00,2019-01-09 16:00:00,germany_op_base_case_2019,86754,86754,2019-01-09 16:00:00
208,87490,87490,EOM,48.139,48.139,,,48.139,2019-01-09 18:00:00,2019-01-09 17:00:00,germany_op_base_case_2019,87490,87490,2019-01-09 17:00:00
209,87716,87716,EOM,48.772,48.772,,,48.772,2019-01-09 19:00:00,2019-01-09 18:00:00,germany_op_base_case_2019,87716,87716,2019-01-09 18:00:00
210,86588,86588,EOM,47.447,47.447,,,47.447,2019-01-09 20:00:00,2019-01-09 19:00:00,germany_op_base_case_2019,86588,86588,2019-01-09 19:00:00
211,82887,82887,EOM,45.785,45.785,,,45.785,2019-01-09 21:00:00,2019-01-09 20:00:00,germany_op_base_case_2019,82887,82887,2019-01-09 20:00:00
212,79429,79429,EOM,43.762,43.762,,,43.762,2019-01-09 22:00:00,2019-01-09 21:00:00,germany_op_base_case_2019,79429,79429,2019-01-09 21:00:00
213,76063,76063,EOM,43.767,43.767,,,43.767,2019-01-09 23:00:00,2019-01-09 22:00:00,germany_op_base_case_2019,76063,76063,2019-01-09 22:00:00
214,72402,72402,EOM,42.771,42.771,,,42.771,2019-01-10 00:00:00,2019-01-09 23:00:00,germany_op_base_case_2019,72402,72402,2019-01-09 23:00:00
215,66747,66747,EOM,41.309,41.309,,,41.309,2019-01-10 01:00:00,2019-01-10 00:00:00,germany_op_base_case_2019,66747,66747,2019-01-10 00:00:00
216,66160,66160,EOM,46.65,46.65,,,46.65,2019-01-10 02:00:00,2019-01-10 01:00:00,germany_op_base_case_2019,66160,66160,2019-01-10 01:00:00
217,63750,63750,EOM,47.455,47.455,,,47.455,2019-01-10 03:00:00,2019-01-10 02:00:00,germany_op_base_case_2019,63750,63750,2019-01-10 02:00:00
218,64625,64625,EOM,53.22,53.22,,,53.22,2019-01-10 04:00:00,2019-01-10 03:00:00,germany_op_base_case_2019,64625,64625,2019-01-10 03:00:00
219,65783,65783,EOM,53.813,53.813,,,53.813,2019-01-10 05:00:00,2019-01-10 04:00:00,germany_op_base_case_2019,65783,65783,2019-01-10 04:00:00
220,68268,68268,EOM,55.132,55.132,,,55.132,2019-01-10 06:00:00,2019-01-10 05:00:00,germany_op_base_case_2019,68268,68268,2019-01-10 05:00:00
221,72291,72291,EOM,57.683,57.683,,,57.683,2019-01-10 07:00:00,2019-01-10 06:00:00,germany_op_base_case_2019,72291,72291,2019-01-10 06:00:00
222,75831,75831,EOM,59.53,59.53,,,59.53,2019-01-10 08:00:00,2019-01-10 07:00:00,germany_op_base_case_2019,75831,75831,2019-01-10 07:00:00
223,78420,78420,EOM,65.687,65.687,,,65.687,2019-01-10 09:00:00,2019-01-10 08:00:00,germany_op_base_case_2019,78420,78420,2019-01-10 08:00:00
224,78618,78618,EOM,65.719,65.719,,,65.719,2019-01-10 10:00:00,2019-01-10 09:00:00,germany_op_base_case_2019,78618,78618,2019-01-10 09:00:00
225,79543,79543,EOM,65.819,65.819,,,65.819,2019-01-10 11:00:00,2019-01-10 10:00:00,germany_op_base_case_2019,79543,79543,2019-01-10 10:00:00
226,78840,78840,EOM,65.962,65.962,,,65.962,2019-01-10 12:00:00,2019-01-10 11:00:00,germany_op_base_case_2019,78840,78840,2019-01-10 11:00:00
227,77346,77346,EOM,64.255,64.255,,,64.255,2019-01-10 13:00:00,2019-01-10 12:00:00,germany_op_base_case_2019,77346,77346,2019-01-10 12:00:00
228,76756,76756,EOM,62.224,62.224,,,62.224,2019-01-10 14:00:00,2019-01-10 13:00:00,germany_op_base_case_2019,76756,76756,2019-01-10 13:00:00
229,75438,75438,EOM,66.432,66.432,,,66.432,2019-01-10 15:00:00,2019-01-10 14:00:00,germany_op_base_case_2019,75438,75438,2019-01-10 14:00:00
230,75328,75328,EOM,66.539,66.539,,,66.539,2019-01-10 16:00:00,2019-01-10 15:00:00,germany_op_base_case_2019,75328,75328,2019-01-10 15:00:00
231,77263,77263,EOM,66.619,66.619,,,66.619,2019-01-10 17:00:00,2019-01-10 16:00:00,germany_op_base_case_2019,77263,77263,2019-01-10 16:00:00
232,79503,79503,EOM,71.602,71.602,,,71.602,2019-01-10 18:00:00,2019-01-10 17:00:00,germany_op_base_case_2019,79503,79503,2019-01-10 17:00:00
233,79466,79466,EOM,68.145,68.145,,,68.145,2019-01-10 19:00:00,2019-01-10 18:00:00,germany_op_base_case_2019,79466,79466,2019-01-10 18:00:00
234,78542,78542,EOM,66.798,66.798,,,66.798,2019-01-10 20:00:00,2019-01-10 19:00:00,germany_op_base_case_2019,78542,78542,2019-01-10 19:00:00
235,76439,76439,EOM,64.449,64.449,,,64.449,2019-01-10 21:00:00,2019-01-10 20:00:00,germany_op_base_case_2019,76439,76439,2019-01-10 20:00:00
236,73161,73161,EOM,58.581,58.581,,,58.581,2019-01-10 22:00:00,2019-01-10 21:00:00,germany_op_base_case_2019,73161,73161,2019-01-10 21:00:00
237,72390,72390,EOM,56.616,56.616,,,56.616,2019-01-10 23:00:00,2019-01-10 22:00:00,germany_op_base_case_2019,72390,72390,2019-01-10 22:00:00
238,70967,70967,EOM,53.917,53.917,,,53.917,2019-01-11 00:00:00,2019-01-10 23:00:00,germany_op_base_case_2019,70967,70967,2019-01-10 23:00:00
239,67646,67646,EOM,47.881,47.881,,,47.881,2019-01-11 01:00:00,2019-01-11 00:00:00,germany_op_base_case_2019,67646,67646,2019-01-11 00:00:00
240,65999,65999,EOM,46.814,46.814,,,46.814,2019-01-11 02:00:00,2019-01-11 01:00:00,germany_op_base_case_2019,65999,65999,2019-01-11 01:00:00
241,65070,65070,EOM,43.914,43.914,,,43.914,2019-01-11 03:00:00,2019-01-11 02:00:00,germany_op_base_case_2019,65070,65070,2019-01-11 02:00:00
242,64713,64713,EOM,42.915,42.915,,,42.915,2019-01-11 04:00:00,2019-01-11 03:00:00,germany_op_base_case_2019,64713,64713,2019-01-11 03:00:00
243,67370,67370,EOM,47.344,47.344,,,47.344,2019-01-11 05:00:00,2019-01-11 04:00:00,germany_op_base_case_2019,67370,67370,2019-01-11 04:00:00
244,71130,71130,EOM,54.821,54.821,,,54.821,2019-01-11 06:00:00,2019-01-11 05:00:00,germany_op_base_case_2019,71130,71130,2019-01-11 05:00:00
245,78921,78921,EOM,58.622,58.622,,,58.622,2019-01-11 07:00:00,2019-01-11 06:00:00,germany_op_base_case_2019,78921,78921,2019-01-11 06:00:00
246,84153,84153,EOM,64.495,64.495,,,64.495,2019-01-11 08:00:00,2019-01-11 07:00:00,germany_op_base_case_2019,84153,84153,2019-01-11 07:00:00
247,86109,86109,EOM,63.388,63.388,,,63.388,2019-01-11 09:00:00,2019-01-11 08:00:00,germany_op_base_case_2019,86109,86109,2019-01-11 08:00:00
248,86324,86324,EOM,58.613,58.613,,,58.613,2019-01-11 10:00:00,2019-01-11 09:00:00,germany_op_base_case_2019,86324,86324,2019-01-11 09:00:00
249,85940,85940,EOM,57.802,57.802,,,57.802,2019-01-11 11:00:00,2019-01-11 10:00:00,germany_op_base_case_2019,85940,85940,2019-01-11 10:00:00
250,87523,87523,EOM,57.797,57.797,,,57.797,2019-01-11 12:00:00,2019-01-11 11:00:00,germany_op_base_case_2019,87523,87523,2019-01-11 11:00:00
251,86775,86775,EOM,55.242,55.242,,,55.242,2019-01-11 13:00:00,2019-01-11 12:00:00,germany_op_base_case_2019,86775,86775,2019-01-11 12:00:00
252,86227,86227,EOM,53.753,53.753,,,53.753,2019-01-11 14:00:00,2019-01-11 13:00:00,germany_op_base_case_2019,86227,86227,2019-01-11 13:00:00
253,85034,85034,EOM,53.329,53.329,,,53.329,2019-01-11 15:00:00,2019-01-11 14:00:00,germany_op_base_case_2019,85034,85034,2019-01-11 14:00:00
254,83921,83921,EOM,48.727,48.727,,,48.727,2019-01-11 16:00:00,2019-01-11 15:00:00,germany_op_base_case_2019,83921,83921,2019-01-11 15:00:00
255,85138,85138,EOM,54.786,54.786,,,54.786,2019-01-11 17:00:00,2019-01-11 16:00:00,germany_op_base_case_2019,85138,85138,2019-01-11 16:00:00
256,87091,87091,EOM,55.233,55.233,,,55.233,2019-01-11 18:00:00,2019-01-11 17:00:00,germany_op_base_case_2019,87091,87091,2019-01-11 17:00:00
257,86138,86138,EOM,53.328,53.328,,,53.328,2019-01-11 19:00:00,2019-01-11 18:00:00,germany_op_base_case_2019,86138,86138,2019-01-11 18:00:00
258,84027,84027,EOM,53.081,53.081,,,53.081,2019-01-11 20:00:00,2019-01-11 19:00:00,germany_op_base_case_2019,84027,84027,2019-01-11 19:00:00
259,79475,79475,EOM,45.557,45.557,,,45.557,2019-01-11 21:00:00,2019-01-11 20:00:00,germany_op_base_case_2019,79475,79475,2019-01-11 20:00:00
260,75408,75408,EOM,42.263,42.263,,,42.263,2019-01-11 22:00:00,2019-01-11 21:00:00,germany_op_base_case_2019,75408,75408,2019-01-11 21:00:00
261,72919,72919,EOM,41.544,41.544,,,41.544,2019-01-11 23:00:00,2019-01-11 22:00:00,germany_op_base_case_2019,72919,72919,2019-01-11 22:00:00
262,69638,69638,EOM,41.347,41.347,,,41.347,2019-01-12 00:00:00,2019-01-11 23:00:00,germany_op_base_case_2019,69638,69638,2019-01-11 23:00:00
263,66758,66758,EOM,39.991,39.991,,,39.991,2019-01-12 01:00:00,2019-01-12 00:00:00,germany_op_base_case_2019,66758,66758,2019-01-12 00:00:00
264,65532,65532,EOM,39.996,39.996,,,39.996,2019-01-12 02:00:00,2019-01-12 01:00:00,germany_op_base_case_2019,65532,65532,2019-01-12 01:00:00
265,63692,63692,EOM,39.263,39.263,,,39.263,2019-01-12 03:00:00,2019-01-12 02:00:00,germany_op_base_case_2019,63692,63692,2019-01-12 02:00:00
266,62763,62763,EOM,38.559,38.559,,,38.559,2019-01-12 04:00:00,2019-01-12 03:00:00,germany_op_base_case_2019,62763,62763,2019-01-12 03:00:00
267,62785,62785,EOM,38.564,38.564,,,38.564,2019-01-12 05:00:00,2019-01-12 04:00:00,germany_op_base_case_2019,62785,62785,2019-01-12 04:00:00
268,64173,64173,EOM,41.378,41.378,,,41.378,2019-01-12 06:00:00,2019-01-12 05:00:00,germany_op_base_case_2019,64173,64173,2019-01-12 05:00:00
269,67762,67762,EOM,41.383,41.383,,,41.383,2019-01-12 07:00:00,2019-01-12 06:00:00,germany_op_base_case_2019,67762,67762,2019-01-12 06:00:00
270,69351,69351,EOM,41.389,41.389,,,41.389,2019-01-12 08:00:00,2019-01-12 07:00:00,germany_op_base_case_2019,69351,69351,2019-01-12 07:00:00
271,71790,71790,EOM,41.394,41.394,,,41.394,2019-01-12 09:00:00,2019-01-12 08:00:00,germany_op_base_case_2019,71790,71790,2019-01-12 08:00:00
272,74356,74356,EOM,41.601,41.601,,,41.601,2019-01-12 10:00:00,2019-01-12 09:00:00,germany_op_base_case_2019,74356,74356,2019-01-12 09:00:00
273,76757,76757,EOM,41.606,41.606,,,41.606,2019-01-12 11:00:00,2019-01-12 10:00:00,germany_op_base_case_2019,76757,76757,2019-01-12 10:00:00
274,77788,77788,EOM,41.408,41.408,,,41.408,2019-01-12 12:00:00,2019-01-12 11:00:00,germany_op_base_case_2019,77788,77788,2019-01-12 11:00:00
275,77381,77381,EOM,40.72,40.72,,,40.72,2019-01-12 13:00:00,2019-01-12 12:00:00,germany_op_base_case_2019,77381,77381,2019-01-12 12:00:00
276,76368,76368,EOM,40.054,40.054,,,40.054,2019-01-12 14:00:00,2019-01-12 13:00:00,germany_op_base_case_2019,76368,76368,2019-01-12 13:00:00
277,75609,75609,EOM,38.264,38.264,,,38.264,2019-01-12 15:00:00,2019-01-12 14:00:00,germany_op_base_case_2019,75609,75609,2019-01-12 14:00:00
278,74824,74824,EOM,36.632,36.632,,,36.632,2019-01-12 16:00:00,2019-01-12 15:00:00,germany_op_base_case_2019,74824,74824,2019-01-12 15:00:00
279,75960,75960,EOM,41.633,41.633,,,41.633,2019-01-12 17:00:00,2019-01-12 16:00:00,germany_op_base_case_2019,75960,75960,2019-01-12 16:00:00
280,77862,77862,EOM,42.364,42.364,,,42.364,2019-01-12 18:00:00,2019-01-12 17:00:00,germany_op_base_case_2019,77862,77862,2019-01-12 17:00:00
281,78035,78035,EOM,42.264,42.264,,,42.264,2019-01-12 19:00:00,2019-01-12 18:00:00,germany_op_base_case_2019,78035,78035,2019-01-12 18:00:00
282,76257,76257,EOM,40.751,40.751,,,40.751,2019-01-12 20:00:00,2019-01-12 19:00:00,germany_op_base_case_2019,76257,76257,2019-01-12 19:00:00
283,73722,73722,EOM,36.654,36.654,,,36.654,2019-01-12 21:00:00,2019-01-12 20:00:00,germany_op_base_case_2019,73722,73722,2019-01-12 20:00:00
284,69535,69535,EOM,36.503,36.503,,,36.503,2019-01-12 22:00:00,2019-01-12 21:00:00,germany_op_base_case_2019,69535,69535,2019-01-12 21:00:00
285,68816,68816,EOM,36.508,36.508,,,36.508,2019-01-12 23:00:00,2019-01-12 22:00:00,germany_op_base_case_2019,68816,68816,2019-01-12 22:00:00
286,66664,66664,EOM,35.679,35.679,,,35.679,2019-01-13 00:00:00,2019-01-12 23:00:00,germany_op_base_case_2019,66664,66664,2019-01-12 23:00:00
287,62722,62722,EOM,31.521,31.521,,,31.521,2019-01-13 01:00:00,2019-01-13 00:00:00,germany_op_base_case_2019,62722,62722,2019-01-13 00:00:00
288,60856,60856,EOM,31.368,31.368,,,31.368,2019-01-13 02:00:00,2019-01-13 01:00:00,germany_op_base_case_2019,60856,60856,2019-01-13 01:00:00
289,60346,60346,EOM,31.474,31.474,,,31.474,2019-01-13 03:00:00,2019-01-13 02:00:00,germany_op_base_case_2019,60346,60346,2019-01-13 02:00:00
290,59811,59811,EOM,31.561,31.561,,,31.561,2019-01-13 04:00:00,2019-01-13 03:00:00,germany_op_base_case_2019,59811,59811,2019-01-13 03:00:00
291,59175,59175,EOM,31.484,31.484,,,31.484,2019-01-13 05:00:00,2019-01-13 04:00:00,germany_op_base_case_2019,59175,59175,2019-01-13 04:00:00
292,58654,58654,EOM,31.49,31.49,,,31.49,2019-01-13 06:00:00,2019-01-13 05:00:00,germany_op_base_case_2019,58654,58654,2019-01-13 05:00:00
293,57916,57916,EOM,30.745,30.745,,,30.745,2019-01-13 07:00:00,2019-01-13 06:00:00,germany_op_base_case_2019,57916,57916,2019-01-13 06:00:00
294,60066,60066,EOM,31.501,31.501,,,31.501,2019-01-13 08:00:00,2019-01-13 07:00:00,germany_op_base_case_2019,60066,60066,2019-01-13 07:00:00
295,63935,63935,EOM,33.803,33.803,,,33.803,2019-01-13 09:00:00,2019-01-13 08:00:00,germany_op_base_case_2019,63935,63935,2019-01-13 08:00:00
296,67401,67401,EOM,35.722,35.722,,,35.722,2019-01-13 10:00:00,2019-01-13 09:00:00,germany_op_base_case_2019,67401,67401,2019-01-13 09:00:00
297,70335,70335,EOM,35.726,35.726,,,35.726,2019-01-13 11:00:00,2019-01-13 10:00:00,germany_op_base_case_2019,70335,70335,2019-01-13 10:00:00
298,73626,73626,EOM,36.563,36.563,,,36.563,2019-01-13 12:00:00,2019-01-13 11:00:00,germany_op_base_case_2019,73626,73626,2019-01-13 11:00:00
299,73094,73094,EOM,35.733,35.733,,,35.733,2019-01-13 13:00:00,2019-01-13 12:00:00,germany_op_base_case_2019,73094,73094,2019-01-13 12:00:00
300,71358,71358,EOM,32.377,32.377,,,32.377,2019-01-13 14:00:00,2019-01-13 13:00:00,germany_op_base_case_2019,71358,71358,2019-01-13 13:00:00
301,69949,69949,EOM,31.184,31.184,,,31.184,2019-01-13 15:00:00,2019-01-13 14:00:00,germany_op_base_case_2019,69949,69949,2019-01-13 14:00:00
302,69825,69825,EOM,31.33,31.33,,,31.33,2019-01-13 16:00:00,2019-01-13 15:00:00,germany_op_base_case_2019,69825,69825,2019-01-13 15:00:00
303,70717,70717,EOM,31.549,31.549,,,31.549,2019-01-13 17:00:00,2019-01-13 16:00:00,germany_op_base_case_2019,70717,70717,2019-01-13 16:00:00
304,73844,73844,EOM,33.111,33.111,,,33.111,2019-01-13 18:00:00,2019-01-13 17:00:00,germany_op_base_case_2019,73844,73844,2019-01-13 17:00:00
305,74593,74593,EOM,32.405,32.405,,,32.405,2019-01-13 19:00:00,2019-01-13 18:00:00,germany_op_base_case_2019,74593,74593,2019-01-13 18:00:00
306,73321,73321,EOM,31.891,31.891,,,31.891,2019-01-13 20:00:00,2019-01-13 19:00:00,germany_op_base_case_2019,73321,73321,2019-01-13 19:00:00
307,69792,69792,EOM,30.771,30.771,,,30.771,2019-01-13 21:00:00,2019-01-13 20:00:00,germany_op_base_case_2019,69792,69792,2019-01-13 20:00:00
308,68186,68186,EOM,30.317,30.317,,,30.317,2019-01-13 22:00:00,2019-01-13 21:00:00,germany_op_base_case_2019,68186,68186,2019-01-13 21:00:00
309,67890,67890,EOM,30.938,30.938,,,30.938,2019-01-13 23:00:00,2019-01-13 22:00:00,germany_op_base_case_2019,67890,67890,2019-01-13 22:00:00
310,65071,65071,EOM,30.327,30.327,,,30.327,2019-01-14 00:00:00,2019-01-13 23:00:00,germany_op_base_case_2019,65071,65071,2019-01-13 23:00:00
311,63860,63860,EOM,29.886,29.886,,,29.886,2019-01-14 01:00:00,2019-01-14 00:00:00,germany_op_base_case_2019,63860,63860,2019-01-14 00:00:00
312,61702,61702,EOM,28.432,28.432,,,28.432,2019-01-14 02:00:00,2019-01-14 01:00:00,germany_op_base_case_2019,61702,61702,2019-01-14 01:00:00
313,61053,61053,EOM,30.339,30.339,,,30.339,2019-01-14 03:00:00,2019-01-14 02:00:00,germany_op_base_case_2019,61053,61053,2019-01-14 02:00:00
314,60794,60794,EOM,31.369,31.369,,,31.369,2019-01-14 04:00:00,2019-01-14 03:00:00,germany_op_base_case_2019,60794,60794,2019-01-14 03:00:00
315,62175,62175,EOM,31.607,31.607,,,31.607,2019-01-14 05:00:00,2019-01-14 04:00:00,germany_op_base_case_2019,62175,62175,2019-01-14 04:00:00
316,66998,66998,EOM,36.253,36.253,,,36.253,2019-01-14 06:00:00,2019-01-14 05:00:00,germany_op_base_case_2019,66998,66998,2019-01-14 05:00:00
317,74429,74429,EOM,40.916,40.916,,,40.916,2019-01-14 07:00:00,2019-01-14 06:00:00,germany_op_base_case_2019,74429,74429,2019-01-14 06:00:00
318,78590,78590,EOM,40.919,40.919,,,40.919,2019-01-14 08:00:00,2019-01-14 07:00:00,germany_op_base_case_2019,78590,78590,2019-01-14 07:00:00
319,81075,81075,EOM,41.619,41.619,,,41.619,2019-01-14 09:00:00,2019-01-14 08:00:00,germany_op_base_case_2019,81075,81075,2019-01-14 08:00:00
320,82025,82025,EOM,41.623,41.623,,,41.623,2019-01-14 10:00:00,2019-01-14 09:00:00,germany_op_base_case_2019,82025,82025,2019-01-14 09:00:00
321,82339,82339,EOM,40.929,40.929,,,40.929,2019-01-14 11:00:00,2019-01-14 10:00:00,germany_op_base_case_2019,82339,82339,2019-01-14 10:00:00
322,83222,83222,EOM,40.26,40.26,,,40.26,2019-01-14 12:00:00,2019-01-14 11:00:00,germany_op_base_case_2019,83222,83222,2019-01-14 11:00:00
323,83630,83630,EOM,40.264,40.264,,,40.264,2019-01-14 13:00:00,2019-01-14 12:00:00,germany_op_base_case_2019,83630,83630,2019-01-14 12:00:00
324,83284,83284,EOM,40.267,40.267,,,40.267,2019-01-14 14:00:00,2019-01-14 13:00:00,germany_op_base_case_2019,83284,83284,2019-01-14 13:00:00
325,83296,83296,EOM,40.944,40.944,,,40.944,2019-01-14 15:00:00,2019-01-14 14:00:00,germany_op_base_case_2019,83296,83296,2019-01-14 14:00:00
326,82575,82575,EOM,41.645,41.645,,,41.645,2019-01-14 16:00:00,2019-01-14 15:00:00,germany_op_base_case_2019,82575,82575,2019-01-14 15:00:00
327,81468,81468,EOM,41.649,41.649,,,41.649,2019-01-14 17:00:00,2019-01-14 16:00:00,germany_op_base_case_2019,81468,81468,2019-01-14 16:00:00
328,84395,84395,EOM,44.357,44.357,,,44.357,2019-01-14 18:00:00,2019-01-14 17:00:00,germany_op_base_case_2019,84395,84395,2019-01-14 17:00:00
329,84316,84316,EOM,43.347,43.347,,,43.347,2019-01-14 19:00:00,2019-01-14 18:00:00,germany_op_base_case_2019,84316,84316,2019-01-14 18:00:00
330,82093,82093,EOM,42.488,42.488,,,42.488,2019-01-14 20:00:00,2019-01-14 19:00:00,germany_op_base_case_2019,82093,82093,2019-01-14 19:00:00
331,78759,78759,EOM,41.664,41.664,,,41.664,2019-01-14 21:00:00,2019-01-14 20:00:00,germany_op_base_case_2019,78759,78759,2019-01-14 20:00:00
332,76162,76162,EOM,40.971,40.971,,,40.971,2019-01-14 22:00:00,2019-01-14 21:00:00,germany_op_base_case_2019,76162,76162,2019-01-14 21:00:00
333,73446,73446,EOM,40.301,40.301,,,40.301,2019-01-14 23:00:00,2019-01-14 22:00:00,germany_op_base_case_2019,73446,73446,2019-01-14 22:00:00
334,69768,69768,EOM,36.853,36.853,,,36.853,2019-01-15 00:00:00,2019-01-14 23:00:00,germany_op_base_case_2019,69768,69768,2019-01-14 23:00:00
335,68544,68544,EOM,36.864,36.864,,,36.864,2019-01-15 01:00:00,2019-01-15 00:00:00,germany_op_base_case_2019,68544,68544,2019-01-15 00:00:00
336,67879,67879,EOM,36.887,36.887,,,36.887,2019-01-15 02:00:00,2019-01-15 01:00:00,germany_op_base_case_2019,67879,67879,2019-01-15 01:00:00
337,67152,67152,EOM,36.754,36.754,,,36.754,2019-01-15 03:00:00,2019-01-15 02:00:00,germany_op_base_case_2019,67152,67152,2019-01-15 02:00:00
338,66915,66915,EOM,36.777,36.777,,,36.777,2019-01-15 04:00:00,2019-01-15 03:00:00,germany_op_base_case_2019,66915,66915,2019-01-15 03:00:00
339,67624,67624,EOM,36.801,36.801,,,36.801,2019-01-15 05:00:00,2019-01-15 04:00:00,germany_op_base_case_2019,67624,67624,2019-01-15 04:00:00
340,72750,72750,EOM,41.824,41.824,,,41.824,2019-01-15 06:00:00,2019-01-15 05:00:00,germany_op_base_case_2019,72750,72750,2019-01-15 05:00:00
341,81910,81910,EOM,46.636,46.636,,,46.636,2019-01-15 07:00:00,2019-01-15 06:00:00,germany_op_base_case_2019,81910,81910,2019-01-15 06:00:00
342,86155,86155,EOM,46.667,46.667,,,46.667,2019-01-15 08:00:00,2019-01-15 07:00:00,germany_op_base_case_2019,86155,86155,2019-01-15 07:00:00
343,87712,87712,EOM,46.698,46.698,,,46.698,2019-01-15 09:00:00,2019-01-15 08:00:00,germany_op_base_case_2019,87712,87712,2019-01-15 08:00:00
344,88119,88119,EOM,44.658,44.658,,,44.658,2019-01-15 10:00:00,2019-01-15 09:00:00,germany_op_base_case_2019,88119,88119,2019-01-15 09:00:00
345,87696,87696,EOM,43.889,43.889,,,43.889,2019-01-15 11:00:00,2019-01-15 10:00:00,germany_op_base_case_2019,87696,87696,2019-01-15 10:00:00
346,87728,87728,EOM,43.694,43.694,,,43.694,2019-01-15 12:00:00,2019-01-15 11:00:00,germany_op_base_case_2019,87728,87728,2019-01-15 11:00:00
347,86460,86460,EOM,42.853,42.853,,,42.853,2019-01-15 13:00:00,2019-01-15 12:00:00,germany_op_base_case_2019,86460,86460,2019-01-15 12:00:00
348,86945,86945,EOM,42.881,42.881,,,42.881,2019-01-15 14:00:00,2019-01-15 13:00:00,germany_op_base_case_2019,86945,86945,2019-01-15 13:00:00
349,86894,86894,EOM,48.065,48.065,,,48.065,2019-01-15 15:00:00,2019-01-15 14:00:00,germany_op_base_case_2019,86894,86894,2019-01-15 14:00:00
350,85800,85800,EOM,42.937,42.937,,,42.937,2019-01-15 16:00:00,2019-01-15 15:00:00,germany_op_base_case_2019,85800,85800,2019-01-15 15:00:00
351,86852,86852,EOM,48.128,48.128,,,48.128,2019-01-15 17:00:00,2019-01-15 16:00:00,germany_op_base_case_2019,86852,86852,2019-01-15 16:00:00
352,88046,88046,EOM,50.151,50.151,,,50.151,2019-01-15 18:00:00,2019-01-15 17:00:00,germany_op_base_case_2019,88046,88046,2019-01-15 17:00:00
353,87097,87097,EOM,48.192,48.192,,,48.192,2019-01-15 19:00:00,2019-01-15 18:00:00,germany_op_base_case_2019,87097,87097,2019-01-15 18:00:00
354,84827,84827,EOM,42.211,42.211,,,42.211,2019-01-15 20:00:00,2019-01-15 19:00:00,germany_op_base_case_2019,84827,84827,2019-01-15 19:00:00
355,81225,81225,EOM,41.531,41.531,,,41.531,2019-01-15 21:00:00,2019-01-15 20:00:00,germany_op_base_case_2019,81225,81225,2019-01-15 20:00:00
356,78027,78027,EOM,40.873,40.873,,,40.873,2019-01-15 22:00:00,2019-01-15 21:00:00,germany_op_base_case_2019,78027,78027,2019-01-15 21:00:00
357,75655,75655,EOM,40.898,40.898,,,40.898,2019-01-15 23:00:00,2019-01-15 22:00:00,germany_op_base_case_2019,75655,75655,2019-01-15 22:00:00
358,71787,71787,EOM,37.418,37.418,,,37.418,2019-01-16 00:00:00,2019-01-15 23:00:00,germany_op_base_case_2019,71787,71787,2019-01-15 23:00:00
359,67008,67008,EOM,36.426,36.426,,,36.426,2019-01-16 01:00:00,2019-01-16 00:00:00,germany_op_base_case_2019,67008,67008,2019-01-16 00:00:00
360,64957,64957,EOM,36.252,36.252,,,36.252,2019-01-16 02:00:00,2019-01-16 01:00:00,germany_op_base_case_2019,64957,64957,2019-01-16 01:00:00
361,64581,64581,EOM,40.209,40.209,,,40.209,2019-01-16 03:00:00,2019-01-16 02:00:00,germany_op_base_case_2019,64581,64581,2019-01-16 02:00:00
362,64787,64787,EOM,41.66,41.66,,,41.66,2019-01-16 04:00:00,2019-01-16 03:00:00,germany_op_base_case_2019,64787,64787,2019-01-16 03:00:00
363,65814,65814,EOM,41.67,41.67,,,41.67,2019-01-16 05:00:00,2019-01-16 04:00:00,germany_op_base_case_2019,65814,65814,2019-01-16 04:00:00
364,69036,69036,EOM,42.598,42.598,,,42.598,2019-01-16 06:00:00,2019-01-16 05:00:00,germany_op_base_case_2019,69036,69036,2019-01-16 05:00:00
365,77377,77377,EOM,45.155,45.155,,,45.155,2019-01-16 07:00:00,2019-01-16 06:00:00,germany_op_base_case_2019,77377,77377,2019-01-16 06:00:00
366,83241,83241,EOM,50.115,50.115,,,50.115,2019-01-16 08:00:00,2019-01-16 07:00:00,germany_op_base_case_2019,83241,83241,2019-01-16 07:00:00
367,84675,84675,EOM,51.649,51.649,,,51.649,2019-01-16 09:00:00,2019-01-16 08:00:00,germany_op_base_case_2019,84675,84675,2019-01-16 08:00:00
368,85409,85409,EOM,48.476,48.476,,,48.476,2019-01-16 10:00:00,2019-01-16 09:00:00,germany_op_base_case_2019,85409,85409,2019-01-16 09:00:00
369,85668,85668,EOM,45.199,45.199,,,45.199,2019-01-16 11:00:00,2019-01-16 10:00:00,germany_op_base_case_2019,85668,85668,2019-01-16 10:00:00
370,85924,85924,EOM,44.175,44.175,,,44.175,2019-01-16 12:00:00,2019-01-16 11:00:00,germany_op_base_case_2019,85924,85924,2019-01-16 11:00:00
371,86351,86351,EOM,43.414,43.414,,,43.414,2019-01-16 13:00:00,2019-01-16 12:00:00,germany_op_base_case_2019,86351,86351,2019-01-16 12:00:00
372,86381,86381,EOM,44.196,44.196,,,44.196,2019-01-16 14:00:00,2019-01-16 13:00:00,germany_op_base_case_2019,86381,86381,2019-01-16 13:00:00
373,85389,85389,EOM,47.34,47.34,,,47.34,2019-01-16 15:00:00,2019-01-16 14:00:00,germany_op_base_case_2019,85389,85389,2019-01-16 14:00:00
374,84982,84982,EOM,52.995,52.995,,,52.995,2019-01-16 16:00:00,2019-01-16 15:00:00,germany_op_base_case_2019,84982,84982,2019-01-16 15:00:00
375,84224,84224,EOM,61.802,61.802,,,61.802,2019-01-16 17:00:00,2019-01-16 16:00:00,germany_op_base_case_2019,84224,84224,2019-01-16 16:00:00
376,87009,87009,EOM,65.658,65.658,,,65.658,2019-01-16 18:00:00,2019-01-16 17:00:00,germany_op_base_case_2019,87009,87009,2019-01-16 17:00:00
377,86996,86996,EOM,63.518,63.518,,,63.518,2019-01-16 19:00:00,2019-01-16 18:00:00,germany_op_base_case_2019,86996,86996,2019-01-16 18:00:00
378,86068,86068,EOM,51.175,51.175,,,51.175,2019-01-16 20:00:00,2019-01-16 19:00:00,germany_op_base_case_2019,86068,86068,2019-01-16 19:00:00
379,82184,82184,EOM,43.492,43.492,,,43.492,2019-01-16 21:00:00,2019-01-16 20:00:00,germany_op_base_case_2019,82184,82184,2019-01-16 20:00:00
380,78377,78377,EOM,42.548,42.548,,,42.548,2019-01-16 22:00:00,2019-01-16 21:00:00,germany_op_base_case_2019,78377,78377,2019-01-16 21:00:00
381,75907,75907,EOM,41.845,41.845,,,41.845,2019-01-16 23:00:00,2019-01-16 22:00:00,germany_op_base_case_2019,75907,75907,2019-01-16 22:00:00
382,72420,72420,EOM,37.638,37.638,,,37.638,2019-01-17 00:00:00,2019-01-16 23:00:00,germany_op_base_case_2019,72420,72420,2019-01-16 23:00:00
383,69274,69274,EOM,37.498,37.498,,,37.498,2019-01-17 01:00:00,2019-01-17 00:00:00,germany_op_base_case_2019,69274,69274,2019-01-17 00:00:00
384,68250,68250,EOM,37.14,37.14,,,37.14,2019-01-17 02:00:00,2019-01-17 01:00:00,germany_op_base_case_2019,68250,68250,2019-01-17 01:00:00
385,67198,67198,EOM,36.714,36.714,,,36.714,2019-01-17 03:00:00,2019-01-17 02:00:00,germany_op_base_case_2019,67198,67198,2019-01-17 02:00:00
386,67377,67377,EOM,36.751,36.751,,,36.751,2019-01-17 04:00:00,2019-01-17 03:00:00,germany_op_base_case_2019,67377,67377,2019-01-17 03:00:00
387,68591,68591,EOM,42.045,42.045,,,42.045,2019-01-17 05:00:00,2019-01-17 04:00:00,germany_op_base_case_2019,68591,68591,2019-01-17 04:00:00
388,71997,71997,EOM,42.804,42.804,,,42.804,2019-01-17 06:00:00,2019-01-17 05:00:00,germany_op_base_case_2019,71997,71997,2019-01-17 05:00:00
389,79328,79328,EOM,48.953,48.953,,,48.953,2019-01-17 07:00:00,2019-01-17 06:00:00,germany_op_base_case_2019,79328,79328,2019-01-17 06:00:00
390,85336,85336,EOM,60.892,60.892,,,60.892,2019-01-17 08:00:00,2019-01-17 07:00:00,germany_op_base_case_2019,85336,85336,2019-01-17 07:00:00
391,88083,88083,EOM,60.842,60.842,,,60.842,2019-01-17 09:00:00,2019-01-17 08:00:00,germany_op_base_case_2019,88083,88083,2019-01-17 08:00:00
392,87303,87303,EOM,53.11,53.11,,,53.11,2019-01-17 10:00:00,2019-01-17 09:00:00,germany_op_base_case_2019,87303,87303,2019-01-17 09:00:00
393,87968,87968,EOM,49.15,49.15,,,49.15,2019-01-17 11:00:00,2019-01-17 10:00:00,germany_op_base_case_2019,87968,87968,2019-01-17 10:00:00
394,88941,88941,EOM,47.988,47.988,,,47.988,2019-01-17 12:00:00,2019-01-17 11:00:00,germany_op_base_case_2019,88941,88941,2019-01-17 11:00:00
395,88636,88636,EOM,48.036,48.036,,,48.036,2019-01-17 13:00:00,2019-01-17 12:00:00,germany_op_base_case_2019,88636,88636,2019-01-17 12:00:00
396,88231,88231,EOM,49.295,49.295,,,49.295,2019-01-17 14:00:00,2019-01-17 13:00:00,germany_op_base_case_2019,88231,88231,2019-01-17 13:00:00
397,86630,86630,EOM,49.343,49.343,,,49.343,2019-01-17 15:00:00,2019-01-17 14:00:00,germany_op_base_case_2019,86630,86630,2019-01-17 14:00:00
398,85390,85390,EOM,60.478,60.478,,,60.478,2019-01-17 16:00:00,2019-01-17 15:00:00,germany_op_base_case_2019,85390,85390,2019-01-17 15:00:00
399,84839,84839,EOM,60.451,60.451,,,60.451,2019-01-17 17:00:00,2019-01-17 16:00:00,germany_op_base_case_2019,84839,84839,2019-01-17 16:00:00
400,87394,87394,EOM,60.467,60.467,,,60.467,2019-01-17 18:00:00,2019-01-17 17:00:00,germany_op_base_case_2019,87394,87394,2019-01-17 17:00:00
401,87740,87740,EOM,60.484,60.484,,,60.484,2019-01-17 19:00:00,2019-01-17 18:00:00,germany_op_base_case_2019,87740,87740,2019-01-17 18:00:00
402,84573,84573,EOM,48.367,48.367,,,48.367,2019-01-17 20:00:00,2019-01-17 19:00:00,germany_op_base_case_2019,84573,84573,2019-01-17 19:00:00
403,82741,82741,EOM,46.267,46.267,,,46.267,2019-01-17 21:00:00,2019-01-17 20:00:00,germany_op_base_case_2019,82741,82741,2019-01-17 20:00:00
404,79894,79894,EOM,45.253,45.253,,,45.253,2019-01-17 22:00:00,2019-01-17 21:00:00,germany_op_base_case_2019,79894,79894,2019-01-17 21:00:00
405,77651,77651,EOM,44.506,44.506,,,44.506,2019-01-17 23:00:00,2019-01-17 22:00:00,germany_op_base_case_2019,77651,77651,2019-01-17 22:00:00
406,72268,72268,EOM,43.572,43.572,,,43.572,2019-01-18 00:00:00,2019-01-17 23:00:00,germany_op_base_case_2019,72268,72268,2019-01-17 23:00:00
407,71322,71322,EOM,50.924,50.924,,,50.924,2019-01-18 01:00:00,2019-01-18 00:00:00,germany_op_base_case_2019,71322,71322,2019-01-18 00:00:00
408,68038,68038,EOM,43.59,43.59,,,43.59,2019-01-18 02:00:00,2019-01-18 01:00:00,germany_op_base_case_2019,68038,68038,2019-01-18 01:00:00
409,67299,67299,EOM,49.799,49.799,,,49.799,2019-01-18 03:00:00,2019-01-18 02:00:00,germany_op_base_case_2019,67299,67299,2019-01-18 02:00:00
410,68223,68223,EOM,51.083,51.083,,,51.083,2019-01-18 04:00:00,2019-01-18 03:00:00,germany_op_base_case_2019,68223,68223,2019-01-18 03:00:00
411,70848,70848,EOM,60.379,60.379,,,60.379,2019-01-18 05:00:00,2019-01-18 04:00:00,germany_op_base_case_2019,70848,70848,2019-01-18 04:00:00
412,72465,72465,EOM,61.064,61.064,,,61.064,2019-01-18 06:00:00,2019-01-18 05:00:00,germany_op_base_case_2019,72465,72465,2019-01-18 05:00:00
413,74838,74838,EOM,65.488,65.488,,,65.488,2019-01-18 07:00:00,2019-01-18 06:00:00,germany_op_base_case_2019,74838,74838,2019-01-18 06:00:00
414,80889,80889,EOM,67.485,67.485,,,67.485,2019-01-18 08:00:00,2019-01-18 07:00:00,germany_op_base_case_2019,80889,80889,2019-01-18 07:00:00
415,85115,85115,EOM,73.139,73.139,,,73.139,2019-01-18 09:00:00,2019-01-18 08:00:00,germany_op_base_case_2019,85115,85115,2019-01-18 08:00:00
416,84849,84849,EOM,73.677,73.677,,,73.677,2019-01-18 10:00:00,2019-01-18 09:00:00,germany_op_base_case_2019,84849,84849,2019-01-18 09:00:00
417,84312,84312,EOM,71.915,71.915,,,71.915,2019-01-18 11:00:00,2019-01-18 10:00:00,germany_op_base_case_2019,84312,84312,2019-01-18 10:00:00
418,84376,84376,EOM,68.656,68.656,,,68.656,2019-01-18 12:00:00,2019-01-18 11:00:00,germany_op_base_case_2019,84376,84376,2019-01-18 11:00:00
419,84369,84369,EOM,66.494,66.494,,,66.494,2019-01-18 13:00:00,2019-01-18 12:00:00,germany_op_base_case_2019,84369,84369,2019-01-18 12:00:00
420,82934,82934,EOM,66.49,66.49,,,66.49,2019-01-18 14:00:00,2019-01-18 13:00:00,germany_op_base_case_2019,82934,82934,2019-01-18 13:00:00
421,80752,80752,EOM,65.568,65.568,,,65.568,2019-01-18 15:00:00,2019-01-18 14:00:00,germany_op_base_case_2019,80752,80752,2019-01-18 14:00:00
422,77759,77759,EOM,72.611,72.611,,,72.611,2019-01-18 16:00:00,2019-01-18 15:00:00,germany_op_base_case_2019,77759,77759,2019-01-18 15:00:00
423,77374,77374,EOM,72.779,72.779,,,72.779,2019-01-18 17:00:00,2019-01-18 16:00:00,germany_op_base_case_2019,77374,77374,2019-01-18 16:00:00
424,79556,79556,EOM,71.953,71.953,,,71.953,2019-01-18 18:00:00,2019-01-18 17:00:00,germany_op_base_case_2019,79556,79556,2019-01-18 17:00:00
425,81168,81168,EOM,74.393,74.393,,,74.393,2019-01-18 19:00:00,2019-01-18 18:00:00,germany_op_base_case_2019,81168,81168,2019-01-18 18:00:00
426,78619,78619,EOM,70.766,70.766,,,70.766,2019-01-18 20:00:00,2019-01-18 19:00:00,germany_op_base_case_2019,78619,78619,2019-01-18 19:00:00
427,75317,75317,EOM,65.625,65.625,,,65.625,2019-01-18 21:00:00,2019-01-18 20:00:00,germany_op_base_case_2019,75317,75317,2019-01-18 20:00:00
428,74663,74663,EOM,65.64,65.64,,,65.64,2019-01-18 22:00:00,2019-01-18 21:00:00,germany_op_base_case_2019,74663,74663,2019-01-18 21:00:00
429,73327,73327,EOM,65.654,65.654,,,65.654,2019-01-18 23:00:00,2019-01-18 22:00:00,germany_op_base_case_2019,73327,73327,2019-01-18 22:00:00
430,70578,70578,EOM,62.239,62.239,,,62.239,2019-01-19 00:00:00,2019-01-18 23:00:00,germany_op_base_case_2019,70578,70578,2019-01-18 23:00:00
431,65584,65584,EOM,52.411,52.411,,,52.411,2019-01-19 01:00:00,2019-01-19 00:00:00,germany_op_base_case_2019,65584,65584,2019-01-19 00:00:00
432,64303,64303,EOM,51.239,51.239,,,51.239,2019-01-19 02:00:00,2019-01-19 01:00:00,germany_op_base_case_2019,64303,64303,2019-01-19 01:00:00
433,64350,64350,EOM,50.367,50.367,,,50.367,2019-01-19 03:00:00,2019-01-19 02:00:00,germany_op_base_case_2019,64350,64350,2019-01-19 02:00:00
434,61692,61692,EOM,48.397,48.397,,,48.397,2019-01-19 04:00:00,2019-01-19 03:00:00,germany_op_base_case_2019,61692,61692,2019-01-19 03:00:00
435,62233,62233,EOM,51.714,51.714,,,51.714,2019-01-19 05:00:00,2019-01-19 04:00:00,germany_op_base_case_2019,62233,62233,2019-01-19 04:00:00
436,61431,61431,EOM,48.381,48.381,,,48.381,2019-01-19 06:00:00,2019-01-19 05:00:00,germany_op_base_case_2019,61431,61431,2019-01-19 05:00:00
437,62670,62670,EOM,54.051,54.051,,,54.051,2019-01-19 07:00:00,2019-01-19 06:00:00,germany_op_base_case_2019,62670,62670,2019-01-19 06:00:00
438,64985,64985,EOM,61.36,61.36,,,61.36,2019-01-19 08:00:00,2019-01-19 07:00:00,germany_op_base_case_2019,64985,64985,2019-01-19 07:00:00
439,67149,67149,EOM,61.367,61.367,,,61.367,2019-01-19 09:00:00,2019-01-19 08:00:00,germany_op_base_case_2019,67149,67149,2019-01-19 08:00:00
440,70912,70912,EOM,60.685,60.685,,,60.685,2019-01-19 10:00:00,2019-01-19 09:00:00,germany_op_base_case_2019,70912,70912,2019-01-19 09:00:00
441,76331,76331,EOM,61.165,61.165,,,61.165,2019-01-19 11:00:00,2019-01-19 10:00:00,germany_op_base_case_2019,76331,76331,2019-01-19 10:00:00
442,77869,77869,EOM,60.679,60.679,,,60.679,2019-01-19 12:00:00,2019-01-19 11:00:00,germany_op_base_case_2019,77869,77869,2019-01-19 11:00:00
443,75820,75820,EOM,60.687,60.687,,,60.687,2019-01-19 13:00:00,2019-01-19 12:00:00,germany_op_base_case_2019,75820,75820,2019-01-19 12:00:00
444,73579,73579,EOM,60.426,60.426,,,60.426,2019-01-19 14:00:00,2019-01-19 13:00:00,germany_op_base_case_2019,73579,73579,2019-01-19 13:00:00
445,69492,69492,EOM,53.054,53.054,,,53.054,2019-01-19 15:00:00,2019-01-19 14:00:00,germany_op_base_case_2019,69492,69492,2019-01-19 14:00:00
446,68495,68495,EOM,64.545,64.545,,,64.545,2019-01-19 16:00:00,2019-01-19 15:00:00,germany_op_base_case_2019,68495,68495,2019-01-19 15:00:00
447,69291,69291,EOM,64.575,64.575,,,64.575,2019-01-19 17:00:00,2019-01-19 16:00:00,germany_op_base_case_2019,69291,69291,2019-01-19 16:00:00
448,73538,73538,EOM,65.95,65.95,,,65.95,2019-01-19 18:00:00,2019-01-19 17:00:00,germany_op_base_case_2019,73538,73538,2019-01-19 17:00:00
449,74542,74542,EOM,65.088,65.088,,,65.088,2019-01-19 19:00:00,2019-01-19 18:00:00,germany_op_base_case_2019,74542,74542,2019-01-19 18:00:00
450,71961,71961,EOM,62.575,62.575,,,62.575,2019-01-19 20:00:00,2019-01-19 19:00:00,germany_op_base_case_2019,71961,71961,2019-01-19 19:00:00
451,69862,69862,EOM,61.609,61.609,,,61.609,2019-01-19 21:00:00,2019-01-19 20:00:00,germany_op_base_case_2019,69862,69862,2019-01-19 20:00:00
452,67607,67607,EOM,60.965,60.965,,,60.965,2019-01-19 22:00:00,2019-01-19 21:00:00,germany_op_base_case_2019,67607,67607,2019-01-19 21:00:00
453,66513,66513,EOM,60.714,60.714,,,60.714,2019-01-19 23:00:00,2019-01-19 22:00:00,germany_op_base_case_2019,66513,66513,2019-01-19 22:00:00
454,64115,64115,EOM,49.474,49.474,,,49.474,2019-01-20 00:00:00,2019-01-19 23:00:00,germany_op_base_case_2019,64115,64115,2019-01-19 23:00:00
455,63402,63402,EOM,49.466,49.466,,,49.466,2019-01-20 01:00:00,2019-01-20 00:00:00,germany_op_base_case_2019,63402,63402,2019-01-20 00:00:00
456,61497,61497,EOM,48.24,48.24,,,48.24,2019-01-20 02:00:00,2019-01-20 01:00:00,germany_op_base_case_2019,61497,61497,2019-01-20 01:00:00
457,60088,60088,EOM,48.231,48.231,,,48.231,2019-01-20 03:00:00,2019-01-20 02:00:00,germany_op_base_case_2019,60088,60088,2019-01-20 02:00:00
458,59991,59991,EOM,50.166,50.166,,,50.166,2019-01-20 04:00:00,2019-01-20 03:00:00,germany_op_base_case_2019,59991,59991,2019-01-20 03:00:00
459,58901,58901,EOM,48.215,48.215,,,48.215,2019-01-20 05:00:00,2019-01-20 04:00:00,germany_op_base_case_2019,58901,58901,2019-01-20 04:00:00
460,59001,59001,EOM,50.652,50.652,,,50.652,2019-01-20 06:00:00,2019-01-20 05:00:00,germany_op_base_case_2019,59001,59001,2019-01-20 05:00:00
461,59678,59678,EOM,52.363,52.363,,,52.363,2019-01-20 07:00:00,2019-01-20 06:00:00,germany_op_base_case_2019,59678,59678,2019-01-20 06:00:00
462,61077,61077,EOM,60.918,60.918,,,60.918,2019-01-20 08:00:00,2019-01-20 07:00:00,germany_op_base_case_2019,61077,61077,2019-01-20 07:00:00
463,63749,63749,EOM,61.217,61.217,,,61.217,2019-01-20 09:00:00,2019-01-20 08:00:00,germany_op_base_case_2019,63749,63749,2019-01-20 08:00:00
464,66531,66531,EOM,61.251,61.251,,,61.251,2019-01-20 10:00:00,2019-01-20 09:00:00,germany_op_base_case_2019,66531,66531,2019-01-20 09:00:00
465,69665,69665,EOM,61.971,61.971,,,61.971,2019-01-20 11:00:00,2019-01-20 10:00:00,germany_op_base_case_2019,69665,69665,2019-01-20 10:00:00
466,71464,71464,EOM,61.32,61.32,,,61.32,2019-01-20 12:00:00,2019-01-20 11:00:00,germany_op_base_case_2019,71464,71464,2019-01-20 11:00:00
467,72139,72139,EOM,61.066,61.066,,,61.066,2019-01-20 13:00:00,2019-01-20 12:00:00,germany_op_base_case_2019,72139,72139,2019-01-20 12:00:00
468,70875,70875,EOM,61.392,61.392,,,61.392,2019-01-20 14:00:00,2019-01-20 13:00:00,germany_op_base_case_2019,70875,70875,2019-01-20 13:00:00
469,69780,69780,EOM,62.116,62.116,,,62.116,2019-01-20 15:00:00,2019-01-20 14:00:00,germany_op_base_case_2019,69780,69780,2019-01-20 14:00:00
470,65982,65982,EOM,62.153,62.153,,,62.153,2019-01-20 16:00:00,2019-01-20 15:00:00,germany_op_base_case_2019,65982,65982,2019-01-20 15:00:00
471,64605,64605,EOM,63.722,63.722,,,63.722,2019-01-20 17:00:00,2019-01-20 16:00:00,germany_op_base_case_2019,64605,64605,2019-01-20 16:00:00
472,69220,69220,EOM,67.668,67.668,,,67.668,2019-01-20 18:00:00,2019-01-20 17:00:00,germany_op_base_case_2019,69220,69220,2019-01-20 17:00:00
473,70905,70905,EOM,67.711,67.711,,,67.711,2019-01-20 19:00:00,2019-01-20 18:00:00,germany_op_base_case_2019,70905,70905,2019-01-20 18:00:00
474,70699,70699,EOM,67.754,67.754,,,67.754,2019-01-20 20:00:00,2019-01-20 19:00:00,germany_op_base_case_2019,70699,70699,2019-01-20 19:00:00
475,69199,69199,EOM,63.84,63.84,,,63.84,2019-01-20 21:00:00,2019-01-20 20:00:00,germany_op_base_case_2019,69199,69199,2019-01-20 20:00:00
476,67190,67190,EOM,63.244,63.244,,,63.244,2019-01-20 22:00:00,2019-01-20 21:00:00,germany_op_base_case_2019,67190,67190,2019-01-20 21:00:00
477,68746,68746,EOM,66.653,66.653,,,66.653,2019-01-20 23:00:00,2019-01-20 22:00:00,germany_op_base_case_2019,68746,68746,2019-01-20 22:00:00
478,65541,65541,EOM,62.084,62.084,,,62.084,2019-01-21 00:00:00,2019-01-20 23:00:00,germany_op_base_case_2019,65541,65541,2019-01-20 23:00:00
479,65108,65108,EOM,61.845,61.845,,,61.845,2019-01-21 01:00:00,2019-01-21 00:00:00,germany_op_base_case_2019,65108,65108,2019-01-21 00:00:00
480,64482,64482,EOM,61.37,61.37,,,61.37,2019-01-21 02:00:00,2019-01-21 01:00:00,germany_op_base_case_2019,64482,64482,2019-01-21 01:00:00
481,63581,63581,EOM,52.024,52.024,,,52.024,2019-01-21 03:00:00,2019-01-21 02:00:00,germany_op_base_case_2019,63581,63581,2019-01-21 02:00:00
482,63886,63886,EOM,51.894,51.894,,,51.894,2019-01-21 04:00:00,2019-01-21 03:00:00,germany_op_base_case_2019,63886,63886,2019-01-21 03:00:00
483,66018,66018,EOM,63.061,63.061,,,63.061,2019-01-21 05:00:00,2019-01-21 04:00:00,germany_op_base_case_2019,66018,66018,2019-01-21 04:00:00
484,70344,70344,EOM,67.349,67.349,,,67.349,2019-01-21 06:00:00,2019-01-21 05:00:00,germany_op_base_case_2019,70344,70344,2019-01-21 05:00:00
485,75947,75947,EOM,71.624,71.624,,,71.624,2019-01-21 07:00:00,2019-01-21 06:00:00,germany_op_base_case_2019,75947,75947,2019-01-21 06:00:00
486,80524,80524,EOM,77.356,77.356,,,77.356,2019-01-21 08:00:00,2019-01-21 07:00:00,germany_op_base_case_2019,80524,80524,2019-01-21 07:00:00
487,82802,82802,EOM,89.197,89.197,,,89.197,2019-01-21 09:00:00,2019-01-21 08:00:00,germany_op_base_case_2019,82802,82802,2019-01-21 08:00:00
488,83538,83538,EOM,81.261,81.261,,,81.261,2019-01-21 10:00:00,2019-01-21 09:00:00,germany_op_base_case_2019,83538,83538,2019-01-21 09:00:00
489,83077,83077,EOM,72.213,72.213,,,72.213,2019-01-21 11:00:00,2019-01-21 10:00:00,germany_op_base_case_2019,83077,83077,2019-01-21 10:00:00
490,84754,84754,EOM,70.865,70.865,,,70.865,2019-01-21 12:00:00,2019-01-21 11:00:00,germany_op_base_case_2019,84754,84754,2019-01-21 11:00:00
491,84638,84638,EOM,70.208,70.208,,,70.208,2019-01-21 13:00:00,2019-01-21 12:00:00,germany_op_base_case_2019,84638,84638,2019-01-21 12:00:00
492,84065,84065,EOM,72.475,72.475,,,72.475,2019-01-21 14:00:00,2019-01-21 13:00:00,germany_op_base_case_2019,84065,84065,2019-01-21 13:00:00
493,83150,83150,EOM,72.756,72.756,,,72.756,2019-01-21 15:00:00,2019-01-21 14:00:00,germany_op_base_case_2019,83150,83150,2019-01-21 14:00:00
494,81004,81004,EOM,71.549,71.549,,,71.549,2019-01-21 16:00:00,2019-01-21 15:00:00,germany_op_base_case_2019,81004,81004,2019-01-21 15:00:00
495,79280,79280,EOM,75.317,75.317,,,75.317,2019-01-21 17:00:00,2019-01-21 16:00:00,germany_op_base_case_2019,79280,79280,2019-01-21 16:00:00
496,82267,82267,EOM,96.306,96.306,,,96.306,2019-01-21 18:00:00,2019-01-21 17:00:00,germany_op_base_case_2019,82267,82267,2019-01-21 17:00:00
497,84030,84030,EOM,96.126,96.126,,,96.126,2019-01-21 19:00:00,2019-01-21 18:00:00,germany_op_base_case_2019,84030,84030,2019-01-21 18:00:00
498,81720,81720,EOM,79.051,79.051,,,79.051,2019-01-21 20:00:00,2019-01-21 19:00:00,germany_op_base_case_2019,81720,81720,2019-01-21 19:00:00
499,77824,77824,EOM,73.333,73.333,,,73.333,2019-01-21 21:00:00,2019-01-21 20:00:00,germany_op_base_case_2019,77824,77824,2019-01-21 20:00:00
500,77061,77061,EOM,72.065,72.065,,,72.065,2019-01-21 22:00:00,2019-01-21 21:00:00,germany_op_base_case_2019,77061,77061,2019-01-21 21:00:00
501,74702,74702,EOM,69.258,69.258,,,69.258,2019-01-21 23:00:00,2019-01-21 22:00:00,germany_op_base_case_2019,74702,74702,2019-01-21 22:00:00
502,72210,72210,EOM,64.713,64.713,,,64.713,2019-01-22 00:00:00,2019-01-21 23:00:00,germany_op_base_case_2019,72210,72210,2019-01-21 23:00:00
503,69623,69623,EOM,64.669,64.669,,,64.669,2019-01-22 01:00:00,2019-01-22 00:00:00,germany_op_base_case_2019,69623,69623,2019-01-22 00:00:00
504,68174,68174,EOM,61.157,61.157,,,61.157,2019-01-22 02:00:00,2019-01-22 01:00:00,germany_op_base_case_2019,68174,68174,2019-01-22 01:00:00
505,66188,66188,EOM,59.103,59.103,,,59.103,2019-01-22 03:00:00,2019-01-22 02:00:00,germany_op_base_case_2019,66188,66188,2019-01-22 02:00:00
506,66389,66389,EOM,52.923,52.923,,,52.923,2019-01-22 04:00:00,2019-01-22 03:00:00,germany_op_base_case_2019,66389,66389,2019-01-22 03:00:00
507,67625,67625,EOM,53.549,53.549,,,53.549,2019-01-22 05:00:00,2019-01-22 04:00:00,germany_op_base_case_2019,67625,67625,2019-01-22 04:00:00
508,71374,71374,EOM,63.729,63.729,,,63.729,2019-01-22 06:00:00,2019-01-22 05:00:00,germany_op_base_case_2019,71374,71374,2019-01-22 05:00:00
509,76727,76727,EOM,68.812,68.812,,,68.812,2019-01-22 07:00:00,2019-01-22 06:00:00,germany_op_base_case_2019,76727,76727,2019-01-22 06:00:00
510,82613,82613,EOM,72.677,72.677,,,72.677,2019-01-22 08:00:00,2019-01-22 07:00:00,germany_op_base_case_2019,82613,82613,2019-01-22 07:00:00
511,83797,83797,EOM,75.003,75.003,,,75.003,2019-01-22 09:00:00,2019-01-22 08:00:00,germany_op_base_case_2019,83797,83797,2019-01-22 08:00:00
512,85698,85698,EOM,73.165,73.165,,,73.165,2019-01-22 10:00:00,2019-01-22 09:00:00,germany_op_base_case_2019,85698,85698,2019-01-22 09:00:00
513,86154,86154,EOM,72.436,72.436,,,72.436,2019-01-22 11:00:00,2019-01-22 10:00:00,germany_op_base_case_2019,86154,86154,2019-01-22 10:00:00
514,87124,87124,EOM,70.14,70.14,,,70.14,2019-01-22 12:00:00,2019-01-22 11:00:00,germany_op_base_case_2019,87124,87124,2019-01-22 11:00:00
515,87495,87495,EOM,69.043,69.043,,,69.043,2019-01-22 13:00:00,2019-01-22 12:00:00,germany_op_base_case_2019,87495,87495,2019-01-22 12:00:00
516,87139,87139,EOM,67.723,67.723,,,67.723,2019-01-22 14:00:00,2019-01-22 13:00:00,germany_op_base_case_2019,87139,87139,2019-01-22 13:00:00
517,85787,85787,EOM,65.844,65.844,,,65.844,2019-01-22 15:00:00,2019-01-22 14:00:00,germany_op_base_case_2019,85787,85787,2019-01-22 14:00:00
518,85075,85075,EOM,70.877,70.877,,,70.877,2019-01-22 16:00:00,2019-01-22 15:00:00,germany_op_base_case_2019,85075,85075,2019-01-22 15:00:00
519,83904,83904,EOM,64.426,64.426,,,64.426,2019-01-22 17:00:00,2019-01-22 16:00:00,germany_op_base_case_2019,83904,83904,2019-01-22 16:00:00
520,87350,87350,EOM,72.049,72.049,,,72.049,2019-01-22 18:00:00,2019-01-22 17:00:00,germany_op_base_case_2019,87350,87350,2019-01-22 17:00:00
521,87280,87280,EOM,69.653,69.653,,,69.653,2019-01-22 19:00:00,2019-01-22 18:00:00,germany_op_base_case_2019,87280,87280,2019-01-22 18:00:00
522,86059,86059,EOM,65.575,65.575,,,65.575,2019-01-22 20:00:00,2019-01-22 19:00:00,germany_op_base_case_2019,86059,86059,2019-01-22 19:00:00
523,82574,82574,EOM,63.217,63.217,,,63.217,2019-01-22 21:00:00,2019-01-22 20:00:00,germany_op_base_case_2019,82574,82574,2019-01-22 20:00:00
524,78782,78782,EOM,59.446,59.446,,,59.446,2019-01-22 22:00:00,2019-01-22 21:00:00,germany_op_base_case_2019,78782,78782,2019-01-22 21:00:00
525,76919,76919,EOM,59.311,59.311,,,59.311,2019-01-22 23:00:00,2019-01-22 22:00:00,germany_op_base_case_2019,76919,76919,2019-01-22 22:00:00
526,73516,73516,EOM,57.76,57.76,,,57.76,2019-01-23 00:00:00,2019-01-22 23:00:00,germany_op_base_case_2019,73516,73516,2019-01-22 23:00:00
0,72388,72388,EOM,56.988,56.988,,,56.988,2019-01-23 01:00:00,2019-01-23 00:00:00,germany_op_base_case_2019,72388,72388,2019-01-23 00:00:00
1,70523,70523,EOM,56.844,56.844,,,56.844,2019-01-23 02:00:00,2019-01-23 01:00:00,germany_op_base_case_2019,70523,70523,2019-01-23 01:00:00
2,68584,68584,EOM,51.022,51.022,,,51.022,2019-01-23 03:00:00,2019-01-23 02:00:00,germany_op_base_case_2019,68584,68584,2019-01-23 02:00:00
3,66727,66727,EOM,51.025,51.025,,,51.025,2019-01-23 04:00:00,2019-01-23 03:00:00,germany_op_base_case_2019,66727,66727,2019-01-23 03:00:00
4,67464,67464,EOM,57.038,57.038,,,57.038,2019-01-23 05:00:00,2019-01-23 04:00:00,germany_op_base_case_2019,67464,67464,2019-01-23 04:00:00
5,72127,72127,EOM,60.981,60.981,,,60.981,2019-01-23 06:00:00,2019-01-23 05:00:00,germany_op_base_case_2019,72127,72127,2019-01-23 05:00:00
6,75701,75701,EOM,65.093,65.093,,,65.093,2019-01-23 07:00:00,2019-01-23 06:00:00,germany_op_base_case_2019,75701,75701,2019-01-23 06:00:00
7,79533,79533,EOM,70.916,70.916,,,70.916,2019-01-23 08:00:00,2019-01-23 07:00:00,germany_op_base_case_2019,79533,79533,2019-01-23 07:00:00
8,82195,82195,EOM,77.581,77.581,,,77.581,2019-01-23 09:00:00,2019-01-23 08:00:00,germany_op_base_case_2019,82195,82195,2019-01-23 08:00:00
9,83124,83124,EOM,72.347,72.347,,,72.347,2019-01-23 10:00:00,2019-01-23 09:00:00,germany_op_base_case_2019,83124,83124,2019-01-23 09:00:00
10,83888,83888,EOM,71.026,71.026,,,71.026,2019-01-23 11:00:00,2019-01-23 10:00:00,germany_op_base_case_2019,83888,83888,2019-01-23 10:00:00
11,82930,82930,EOM,70.354,70.354,,,70.354,2019-01-23 12:00:00,2019-01-23 11:00:00,germany_op_base_case_2019,82930,82930,2019-01-23 11:00:00
12,83015,83015,EOM,70.348,70.348,,,70.348,2019-01-23 13:00:00,2019-01-23 12:00:00,germany_op_base_case_2019,83015,83015,2019-01-23 12:00:00
13,82437,82437,EOM,67.881,67.881,,,67.881,2019-01-23 14:00:00,2019-01-23 13:00:00,germany_op_base_case_2019,82437,82437,2019-01-23 13:00:00
14,81108,81108,EOM,66.801,66.801,,,66.801,2019-01-23 15:00:00,2019-01-23 14:00:00,germany_op_base_case_2019,81108,81108,2019-01-23 14:00:00
15,79968,79968,EOM,66.776,66.776,,,66.776,2019-01-23 16:00:00,2019-01-23 15:00:00,germany_op_base_case_2019,79968,79968,2019-01-23 15:00:00
16,80228,80228,EOM,64.572,64.572,,,64.572,2019-01-23 17:00:00,2019-01-23 16:00:00,germany_op_base_case_2019,80228,80228,2019-01-23 16:00:00
17,83470,83470,EOM,77.34,77.34,,,77.34,2019-01-23 18:00:00,2019-01-23 17:00:00,germany_op_base_case_2019,83470,83470,2019-01-23 17:00:00
18,84218,84218,EOM,80.883,80.883,,,80.883,2019-01-23 19:00:00,2019-01-23 18:00:00,germany_op_base_case_2019,84218,84218,2019-01-23 18:00:00
19,81848,81848,EOM,67.258,67.258,,,67.258,2019-01-23 20:00:00,2019-01-23 19:00:00,germany_op_base_case_2019,81848,81848,2019-01-23 19:00:00
20,77719,77719,EOM,63.861,63.861,,,63.861,2019-01-23 21:00:00,2019-01-23 20:00:00,germany_op_base_case_2019,77719,77719,2019-01-23 20:00:00
21,74043,74043,EOM,60.001,60.001,,,60.001,2019-01-23 22:00:00,2019-01-23 21:00:00,germany_op_base_case_2019,74043,74043,2019-01-23 21:00:00
22,73603,73603,EOM,59.119,59.119,,,59.119,2019-01-23 23:00:00,2019-01-23 22:00:00,germany_op_base_case_2019,73603,73603,2019-01-23 22:00:00
23,70082,70082,EOM,56.452,56.452,,,56.452,2019-01-24 00:00:00,2019-01-23 23:00:00,germany_op_base_case_2019,70082,70082,2019-01-23 23:00:00
24,68146,68146,EOM,54.888,54.888,,,54.888,2019-01-24 01:00:00,2019-01-24 00:00:00,germany_op_base_case_2019,68146,68146,2019-01-24 00:00:00
25,66083,66083,EOM,54.178,54.178,,,54.178,2019-01-24 02:00:00,2019-01-24 01:00:00,germany_op_base_case_2019,66083,66083,2019-01-24 01:00:00
26,64241,64241,EOM,48.86,48.86,,,48.86,2019-01-24 03:00:00,2019-01-24 02:00:00,germany_op_base_case_2019,64241,64241,2019-01-24 02:00:00
27,64046,64046,EOM,49.023,49.023,,,49.023,2019-01-24 04:00:00,2019-01-24 03:00:00,germany_op_base_case_2019,64046,64046,2019-01-24 03:00:00
28,63391,63391,EOM,49.159,49.159,,,49.159,2019-01-24 05:00:00,2019-01-24 04:00:00,germany_op_base_case_2019,63391,63391,2019-01-24 04:00:00
29,66468,66468,EOM,54.76,54.76,,,54.76,2019-01-24 06:00:00,2019-01-24 05:00:00,germany_op_base_case_2019,66468,66468,2019-01-24 05:00:00
30,70237,70237,EOM,59.668,59.668,,,59.668,2019-01-24 07:00:00,2019-01-24 06:00:00,germany_op_base_case_2019,70237,70237,2019-01-24 06:00:00
31,75507,75507,EOM,66.658,66.658,,,66.658,2019-01-24 08:00:00,2019-01-24 07:00:00,germany_op_base_case_2019,75507,75507,2019-01-24 07:00:00
32,78156,78156,EOM,77.423,77.423,,,77.423,2019-01-24 09:00:00,2019-01-24 08:00:00,germany_op_base_case_2019,78156,78156,2019-01-24 08:00:00
33,78613,78613,EOM,77.437,77.437,,,77.437,2019-01-24 10:00:00,2019-01-24 09:00:00,germany_op_base_case_2019,78613,78613,2019-01-24 09:00:00
34,78548,78548,EOM,71.244,71.244,,,71.244,2019-01-24 11:00:00,2019-01-24 10:00:00,germany_op_base_case_2019,78548,78548,2019-01-24 10:00:00
35,79348,79348,EOM,69.426,69.426,,,69.426,2019-01-24 12:00:00,2019-01-24 11:00:00,germany_op_base_case_2019,79348,79348,2019-01-24 11:00:00
36,80315,80315,EOM,66.676,66.676,,,66.676,2019-01-24 13:00:00,2019-01-24 12:00:00,germany_op_base_case_2019,80315,80315,2019-01-24 12:00:00
37,79891,79891,EOM,69.393,69.393,,,69.393,2019-01-24 14:00:00,2019-01-24 13:00:00,germany_op_base_case_2019,79891,79891,2019-01-24 13:00:00
38,78169,78169,EOM,67.824,67.824,,,67.824,2019-01-24 15:00:00,2019-01-24 14:00:00,germany_op_base_case_2019,78169,78169,2019-01-24 14:00:00
39,76817,76817,EOM,64.432,64.432,,,64.432,2019-01-24 16:00:00,2019-01-24 15:00:00,germany_op_base_case_2019,76817,76817,2019-01-24 15:00:00
40,76986,76986,EOM,70.679,70.679,,,70.679,2019-01-24 17:00:00,2019-01-24 16:00:00,germany_op_base_case_2019,76986,76986,2019-01-24 16:00:00
41,79310,79310,EOM,80.371,80.371,,,80.371,2019-01-24 18:00:00,2019-01-24 17:00:00,germany_op_base_case_2019,79310,79310,2019-01-24 17:00:00
42,80043,80043,EOM,70.959,70.959,,,70.959,2019-01-24 19:00:00,2019-01-24 18:00:00,germany_op_base_case_2019,80043,80043,2019-01-24 18:00:00
43,78002,78002,EOM,66.475,66.475,,,66.475,2019-01-24 20:00:00,2019-01-24 19:00:00,germany_op_base_case_2019,78002,78002,2019-01-24 19:00:00
44,73177,73177,EOM,61.604,61.604,,,61.604,2019-01-24 21:00:00,2019-01-24 20:00:00,germany_op_base_case_2019,73177,73177,2019-01-24 20:00:00
45,70147,70147,EOM,59.424,59.424,,,59.424,2019-01-24 22:00:00,2019-01-24 21:00:00,germany_op_base_case_2019,70147,70147,2019-01-24 21:00:00
46,68639,68639,EOM,58.58,58.58,,,58.58,2019-01-24 23:00:00,2019-01-24 22:00:00,germany_op_base_case_2019,68639,68639,2019-01-24 22:00:00
47,66135,66135,EOM,54.633,54.633,,,54.633,2019-01-25 00:00:00,2019-01-24 23:00:00,germany_op_base_case_2019,66135,66135,2019-01-24 23:00:00
48,64369,64369,EOM,54.02,54.02,,,54.02,2019-01-25 01:00:00,2019-01-25 00:00:00,germany_op_base_case_2019,64369,64369,2019-01-25 00:00:00
49,63051,63051,EOM,50.904,50.904,,,50.904,2019-01-25 02:00:00,2019-01-25 01:00:00,germany_op_base_case_2019,63051,63051,2019-01-25 01:00:00
50,62599,62599,EOM,50.78,50.78,,,50.78,2019-01-25 03:00:00,2019-01-25 02:00:00,germany_op_base_case_2019,62599,62599,2019-01-25 02:00:00
51,62525,62525,EOM,49.625,49.625,,,49.625,2019-01-25 04:00:00,2019-01-25 03:00:00,germany_op_base_case_2019,62525,62525,2019-01-25 03:00:00
52,61808,61808,EOM,54.041,54.041,,,54.041,2019-01-25 05:00:00,2019-01-25 04:00:00,germany_op_base_case_2019,61808,61808,2019-01-25 04:00:00
53,65203,65203,EOM,55.516,55.516,,,55.516,2019-01-25 06:00:00,2019-01-25 05:00:00,germany_op_base_case_2019,65203,65203,2019-01-25 05:00:00
54,68744,68744,EOM,59.363,59.363,,,59.363,2019-01-25 07:00:00,2019-01-25 06:00:00,germany_op_base_case_2019,68744,68744,2019-01-25 06:00:00
55,75266,75266,EOM,70.075,70.075,,,70.075,2019-01-25 08:00:00,2019-01-25 07:00:00,germany_op_base_case_2019,75266,75266,2019-01-25 07:00:00
56,77309,77309,EOM,69.891,69.891,,,69.891,2019-01-25 09:00:00,2019-01-25 08:00:00,germany_op_base_case_2019,77309,77309,2019-01-25 08:00:00
57,78719,78719,EOM,69.745,69.745,,,69.745,2019-01-25 10:00:00,2019-01-25 09:00:00,germany_op_base_case_2019,78719,78719,2019-01-25 09:00:00
58,79627,79627,EOM,69.63,69.63,,,69.63,2019-01-25 11:00:00,2019-01-25 10:00:00,germany_op_base_case_2019,79627,79627,2019-01-25 10:00:00
59,80231,80231,EOM,66.597,66.597,,,66.597,2019-01-25 12:00:00,2019-01-25 11:00:00,germany_op_base_case_2019,80231,80231,2019-01-25 11:00:00
60,79164,79164,EOM,62.958,62.958,,,62.958,2019-01-25 13:00:00,2019-01-25 12:00:00,germany_op_base_case_2019,79164,79164,2019-01-25 12:00:00
61,79862,79862,EOM,61.886,61.886,,,61.886,2019-01-25 14:00:00,2019-01-25 13:00:00,germany_op_base_case_2019,79862,79862,2019-01-25 13:00:00
62,79059,79059,EOM,59.793,59.793,,,59.793,2019-01-25 15:00:00,2019-01-25 14:00:00,germany_op_base_case_2019,79059,79059,2019-01-25 14:00:00
63,78964,78964,EOM,59.862,59.862,,,59.862,2019-01-25 16:00:00,2019-01-25 15:00:00,germany_op_base_case_2019,78964,78964,2019-01-25 15:00:00
64,79595,79595,EOM,63.25,63.25,,,63.25,2019-01-25 17:00:00,2019-01-25 16:00:00,germany_op_base_case_2019,79595,79595,2019-01-25 16:00:00
65,81326,81326,EOM,61.836,61.836,,,61.836,2019-01-25 18:00:00,2019-01-25 17:00:00,germany_op_base_case_2019,81326,81326,2019-01-25 17:00:00
66,83539,83539,EOM,61.685,61.685,,,61.685,2019-01-25 19:00:00,2019-01-25 18:00:00,germany_op_base_case_2019,83539,83539,2019-01-25 18:00:00
67,83895,83895,EOM,60.137,60.137,,,60.137,2019-01-25 20:00:00,2019-01-25 19:00:00,germany_op_base_case_2019,83895,83895,2019-01-25 19:00:00
68,82193,82193,EOM,59.379,59.379,,,59.379,2019-01-25 21:00:00,2019-01-25 20:00:00,germany_op_base_case_2019,82193,82193,2019-01-25 20:00:00
69,80240,80240,EOM,56.822,56.822,,,56.822,2019-01-25 22:00:00,2019-01-25 21:00:00,germany_op_base_case_2019,80240,80240,2019-01-25 21:00:00
70,77239,77239,EOM,54.922,54.922,,,54.922,2019-01-25 23:00:00,2019-01-25 22:00:00,germany_op_base_case_2019,77239,77239,2019-01-25 22:00:00
71,74422,74422,EOM,49.253,49.253,,,49.253,2019-01-26 00:00:00,2019-01-25 23:00:00,germany_op_base_case_2019,74422,74422,2019-01-25 23:00:00
72,71759,71759,EOM,45.361,45.361,,,45.361,2019-01-26 01:00:00,2019-01-26 00:00:00,germany_op_base_case_2019,71759,71759,2019-01-26 00:00:00
73,68411,68411,EOM,43.426,43.426,,,43.426,2019-01-26 02:00:00,2019-01-26 01:00:00,germany_op_base_case_2019,68411,68411,2019-01-26 01:00:00
74,67095,67095,EOM,42.775,42.775,,,42.775,2019-01-26 03:00:00,2019-01-26 02:00:00,germany_op_base_case_2019,67095,67095,2019-01-26 02:00:00
75,66688,66688,EOM,42.553,42.553,,,42.553,2019-01-26 04:00:00,2019-01-26 03:00:00,germany_op_base_case_2019,66688,66688,2019-01-26 03:00:00
76,65992,65992,EOM,42.538,42.538,,,42.538,2019-01-26 05:00:00,2019-01-26 04:00:00,germany_op_base_case_2019,65992,65992,2019-01-26 04:00:00
77,66434,66434,EOM,55.088,55.088,,,55.088,2019-01-26 06:00:00,2019-01-26 05:00:00,germany_op_base_case_2019,66434,66434,2019-01-26 05:00:00
78,67337,67337,EOM,50.476,50.476,,,50.476,2019-01-26 07:00:00,2019-01-26 06:00:00,germany_op_base_case_2019,67337,67337,2019-01-26 06:00:00
79,69923,69923,EOM,47.353,47.353,,,47.353,2019-01-26 08:00:00,2019-01-26 07:00:00,germany_op_base_case_2019,69923,69923,2019-01-26 07:00:00
80,74313,74313,EOM,51.114,51.114,,,51.114,2019-01-26 09:00:00,2019-01-26 08:00:00,germany_op_base_case_2019,74313,74313,2019-01-26 08:00:00
81,75968,75968,EOM,55.075,55.075,,,55.075,2019-01-26 10:00:00,2019-01-26 09:00:00,germany_op_base_case_2019,75968,75968,2019-01-26 09:00:00
82,77339,77339,EOM,52.598,52.598,,,52.598,2019-01-26 11:00:00,2019-01-26 10:00:00,germany_op_base_case_2019,77339,77339,2019-01-26 10:00:00
83,77820,77820,EOM,51.371,51.371,,,51.371,2019-01-26 12:00:00,2019-01-26 11:00:00,germany_op_base_case_2019,77820,77820,2019-01-26 11:00:00
84,77024,77024,EOM,48.458,48.458,,,48.458,2019-01-26 13:00:00,2019-01-26 12:00:00,germany_op_base_case_2019,77024,77024,2019-01-26 12:00:00
85,75801,75801,EOM,46.738,46.738,,,46.738,2019-01-26 14:00:00,2019-01-26 13:00:00,germany_op_base_case_2019,75801,75801,2019-01-26 13:00:00
86,73751,73751,EOM,45.138,45.138,,,45.138,2019-01-26 15:00:00,2019-01-26 14:00:00,germany_op_base_case_2019,73751,73751,2019-01-26 14:00:00
87,72160,72160,EOM,44.314,44.314,,,44.314,2019-01-26 16:00:00,2019-01-26 15:00:00,germany_op_base_case_2019,72160,72160,2019-01-26 15:00:00
88,72482,72482,EOM,44.298,44.298,,,44.298,2019-01-26 17:00:00,2019-01-26 16:00:00,germany_op_base_case_2019,72482,72482,2019-01-26 16:00:00
89,75829,75829,EOM,55.735,55.735,,,55.735,2019-01-26 18:00:00,2019-01-26 17:00:00,germany_op_base_case_2019,75829,75829,2019-01-26 17:00:00
90,77126,77126,EOM,55.776,55.776,,,55.776,2019-01-26 19:00:00,2019-01-26 18:00:00,germany_op_base_case_2019,77126,77126,2019-01-26 18:00:00
91,76351,76351,EOM,47.144,47.144,,,47.144,2019-01-26 20:00:00,2019-01-26 19:00:00,germany_op_base_case_2019,76351,76351,2019-01-26 19:00:00
92,73940,73940,EOM,43.132,43.132,,,43.132,2019-01-26 21:00:00,2019-01-26 20:00:00,germany_op_base_case_2019,73940,73940,2019-01-26 20:00:00
93,71235,71235,EOM,42.278,42.278,,,42.278,2019-01-26 22:00:00,2019-01-26 21:00:00,germany_op_base_case_2019,71235,71235,2019-01-26 21:00:00
94,70953,70953,EOM,41.556,41.556,,,41.556,2019-01-26 23:00:00,2019-01-26 22:00:00,germany_op_base_case_2019,70953,70953,2019-01-26 22:00:00
95,67882,67882,EOM,40.106,40.106,,,40.106,2019-01-27 00:00:00,2019-01-26 23:00:00,germany_op_base_case_2019,67882,67882,2019-01-26 23:00:00
96,63648,63648,EOM,37.187,37.187,,,37.187,2019-01-27 01:00:00,2019-01-27 00:00:00,germany_op_base_case_2019,63648,63648,2019-01-27 00:00:00
97,62538,62538,EOM,36.783,36.783,,,36.783,2019-01-27 02:00:00,2019-01-27 01:00:00,germany_op_base_case_2019,62538,62538,2019-01-27 01:00:00
98,61086,61086,EOM,36.312,36.312,,,36.312,2019-01-27 03:00:00,2019-01-27 02:00:00,germany_op_base_case_2019,61086,61086,2019-01-27 02:00:00
99,58996,58996,EOM,32.97,32.97,,,32.97,2019-01-27 04:00:00,2019-01-27 03:00:00,germany_op_base_case_2019,58996,58996,2019-01-27 03:00:00
100,58370,58370,EOM,32.178,32.178,,,32.178,2019-01-27 05:00:00,2019-01-27 04:00:00,germany_op_base_case_2019,58370,58370,2019-01-27 04:00:00
101,58611,58611,EOM,32.933,32.933,,,32.933,2019-01-27 06:00:00,2019-01-27 05:00:00,germany_op_base_case_2019,58611,58611,2019-01-27 05:00:00
102,58206,58206,EOM,32.915,32.915,,,32.915,2019-01-27 07:00:00,2019-01-27 06:00:00,germany_op_base_case_2019,58206,58206,2019-01-27 06:00:00
103,60353,60353,EOM,37.092,37.092,,,37.092,2019-01-27 08:00:00,2019-01-27 07:00:00,germany_op_base_case_2019,60353,60353,2019-01-27 07:00:00
104,63488,63488,EOM,37.411,37.411,,,37.411,2019-01-27 09:00:00,2019-01-27 08:00:00,germany_op_base_case_2019,63488,63488,2019-01-27 08:00:00
105,67379,67379,EOM,40.711,40.711,,,40.711,2019-01-27 10:00:00,2019-01-27 09:00:00,germany_op_base_case_2019,67379,67379,2019-01-27 09:00:00
106,70468,70468,EOM,41.377,41.377,,,41.377,2019-01-27 11:00:00,2019-01-27 10:00:00,germany_op_base_case_2019,70468,70468,2019-01-27 10:00:00
107,72756,72756,EOM,42.067,42.067,,,42.067,2019-01-27 12:00:00,2019-01-27 11:00:00,germany_op_base_case_2019,72756,72756,2019-01-27 11:00:00
108,73733,73733,EOM,42.051,42.051,,,42.051,2019-01-27 13:00:00,2019-01-27 12:00:00,germany_op_base_case_2019,73733,73733,2019-01-27 12:00:00
109,69638,69638,EOM,41.332,41.332,,,41.332,2019-01-27 14:00:00,2019-01-27 13:00:00,germany_op_base_case_2019,69638,69638,2019-01-27 13:00:00
110,67344,67344,EOM,41.316,41.316,,,41.316,2019-01-27 15:00:00,2019-01-27 14:00:00,germany_op_base_case_2019,67344,67344,2019-01-27 14:00:00
111,65533,65533,EOM,41.301,41.301,,,41.301,2019-01-27 16:00:00,2019-01-27 15:00:00,germany_op_base_case_2019,65533,65533,2019-01-27 15:00:00
112,66620,66620,EOM,41.989,41.989,,,41.989,2019-01-27 17:00:00,2019-01-27 16:00:00,germany_op_base_case_2019,66620,66620,2019-01-27 16:00:00
113,71236,71236,EOM,46.775,46.775,,,46.775,2019-01-27 18:00:00,2019-01-27 17:00:00,germany_op_base_case_2019,71236,71236,2019-01-27 17:00:00
114,75216,75216,EOM,47.939,47.939,,,47.939,2019-01-27 19:00:00,2019-01-27 18:00:00,germany_op_base_case_2019,75216,75216,2019-01-27 18:00:00
115,75408,75408,EOM,46.744,46.744,,,46.744,2019-01-27 20:00:00,2019-01-27 19:00:00,germany_op_base_case_2019,75408,75408,2019-01-27 19:00:00
116,73683,73683,EOM,44.658,44.658,,,44.658,2019-01-27 21:00:00,2019-01-27 20:00:00,germany_op_base_case_2019,73683,73683,2019-01-27 20:00:00
117,70910,70910,EOM,42.859,42.859,,,42.859,2019-01-27 22:00:00,2019-01-27 21:00:00,germany_op_base_case_2019,70910,70910,2019-01-27 21:00:00
118,70847,70847,EOM,42.843,42.843,,,42.843,2019-01-27 23:00:00,2019-01-27 22:00:00,germany_op_base_case_2019,70847,70847,2019-01-27 22:00:00
119,68389,68389,EOM,42.093,42.093,,,42.093,2019-01-28 00:00:00,2019-01-27 23:00:00,germany_op_base_case_2019,68389,68389,2019-01-27 23:00:00
120,65702,65702,EOM,41.886,41.886,,,41.886,2019-01-28 01:00:00,2019-01-28 00:00:00,germany_op_base_case_2019,65702,65702,2019-01-28 00:00:00
121,64301,64301,EOM,41.204,41.204,,,41.204,2019-01-28 02:00:00,2019-01-28 01:00:00,germany_op_base_case_2019,64301,64301,2019-01-28 01:00:00
122,59865,59865,EOM,38.728,38.728,,,38.728,2019-01-28 03:00:00,2019-01-28 02:00:00,germany_op_base_case_2019,59865,59865,2019-01-28 02:00:00
123,59822,59822,EOM,37.196,37.196,,,37.196,2019-01-28 04:00:00,2019-01-28 03:00:00,germany_op_base_case_2019,59822,59822,2019-01-28 03:00:00
124,61718,61718,EOM,56.045,56.045,,,56.045,2019-01-28 05:00:00,2019-01-28 04:00:00,germany_op_base_case_2019,61718,61718,2019-01-28 04:00:00
125,65648,65648,EOM,60.585,60.585,,,60.585,2019-01-28 06:00:00,2019-01-28 05:00:00,germany_op_base_case_2019,65648,65648,2019-01-28 05:00:00
126,74261,74261,EOM,61.27,61.27,,,61.27,2019-01-28 07:00:00,2019-01-28 06:00:00,germany_op_base_case_2019,74261,74261,2019-01-28 06:00:00
127,80226,80226,EOM,65.102,65.102,,,65.102,2019-01-28 08:00:00,2019-01-28 07:00:00,germany_op_base_case_2019,80226,80226,2019-01-28 07:00:00
128,85095,85095,EOM,65.919,65.919,,,65.919,2019-01-28 09:00:00,2019-01-28 08:00:00,germany_op_base_case_2019,85095,85095,2019-01-28 08:00:00
129,86451,86451,EOM,60.788,60.788,,,60.788,2019-01-28 10:00:00,2019-01-28 09:00:00,germany_op_base_case_2019,86451,86451,2019-01-28 09:00:00
130,87020,87020,EOM,60.627,60.627,,,60.627,2019-01-28 11:00:00,2019-01-28 10:00:00,germany_op_base_case_2019,87020,87020,2019-01-28 10:00:00
131,87714,87714,EOM,60.466,60.466,,,60.466,2019-01-28 12:00:00,2019-01-28 11:00:00,germany_op_base_case_2019,87714,87714,2019-01-28 11:00:00
132,87677,87677,EOM,58.338,58.338,,,58.338,2019-01-28 13:00:00,2019-01-28 12:00:00,germany_op_base_case_2019,87677,87677,2019-01-28 12:00:00
133,87276,87276,EOM,56.917,56.917,,,56.917,2019-01-28 14:00:00,2019-01-28 13:00:00,germany_op_base_case_2019,87276,87276,2019-01-28 13:00:00
134,86085,86085,EOM,56.465,56.465,,,56.465,2019-01-28 15:00:00,2019-01-28 14:00:00,germany_op_base_case_2019,86085,86085,2019-01-28 14:00:00
135,84660,84660,EOM,56.474,56.474,,,56.474,2019-01-28 16:00:00,2019-01-28 15:00:00,germany_op_base_case_2019,84660,84660,2019-01-28 15:00:00
136,85149,85149,EOM,58.709,58.709,,,58.709,2019-01-28 17:00:00,2019-01-28 16:00:00,germany_op_base_case_2019,85149,85149,2019-01-28 16:00:00
137,86113,86113,EOM,59.156,59.156,,,59.156,2019-01-28 18:00:00,2019-01-28 17:00:00,germany_op_base_case_2019,86113,86113,2019-01-28 17:00:00
138,86276,86276,EOM,60.029,60.029,,,60.029,2019-01-28 19:00:00,2019-01-28 18:00:00,germany_op_base_case_2019,86276,86276,2019-01-28 18:00:00
139,84885,84885,EOM,59.047,59.047,,,59.047,2019-01-28 20:00:00,2019-01-28 19:00:00,germany_op_base_case_2019,84885,84885,2019-01-28 19:00:00
140,81788,81788,EOM,54.948,54.948,,,54.948,2019-01-28 21:00:00,2019-01-28 20:00:00,germany_op_base_case_2019,81788,81788,2019-01-28 20:00:00
141,79131,79131,EOM,54.199,54.199,,,54.199,2019-01-28 22:00:00,2019-01-28 21:00:00,germany_op_base_case_2019,79131,79131,2019-01-28 21:00:00
142,77577,77577,EOM,53.801,53.801,,,53.801,2019-01-28 23:00:00,2019-01-28 22:00:00,germany_op_base_case_2019,77577,77577,2019-01-28 22:00:00
143,75111,75111,EOM,48.401,48.401,,,48.401,2019-01-29 00:00:00,2019-01-28 23:00:00,germany_op_base_case_2019,75111,75111,2019-01-28 23:00:00
144,71508,71508,EOM,45.128,45.128,,,45.128,2019-01-29 01:00:00,2019-01-29 00:00:00,germany_op_base_case_2019,71508,71508,2019-01-29 00:00:00
145,69664,69664,EOM,43.421,43.421,,,43.421,2019-01-29 02:00:00,2019-01-29 01:00:00,germany_op_base_case_2019,69664,69664,2019-01-29 01:00:00
146,69035,69035,EOM,43.301,43.301,,,43.301,2019-01-29 03:00:00,2019-01-29 02:00:00,germany_op_base_case_2019,69035,69035,2019-01-29 02:00:00
147,69430,69430,EOM,48.812,48.812,,,48.812,2019-01-29 04:00:00,2019-01-29 03:00:00,germany_op_base_case_2019,69430,69430,2019-01-29 03:00:00
148,70447,70447,EOM,52.903,52.903,,,52.903,2019-01-29 05:00:00,2019-01-29 04:00:00,germany_op_base_case_2019,70447,70447,2019-01-29 04:00:00
149,74430,74430,EOM,56.289,56.289,,,56.289,2019-01-29 06:00:00,2019-01-29 05:00:00,germany_op_base_case_2019,74430,74430,2019-01-29 05:00:00
150,79248,79248,EOM,61.881,61.881,,,61.881,2019-01-29 07:00:00,2019-01-29 06:00:00,germany_op_base_case_2019,79248,79248,2019-01-29 06:00:00
151,82100,82100,EOM,62.661,62.661,,,62.661,2019-01-29 08:00:00,2019-01-29 07:00:00,germany_op_base_case_2019,82100,82100,2019-01-29 07:00:00
152,83510,83510,EOM,63.649,63.649,,,63.649,2019-01-29 09:00:00,2019-01-29 08:00:00,germany_op_base_case_2019,83510,83510,2019-01-29 08:00:00
153,82580,82580,EOM,63.643,63.643,,,63.643,2019-01-29 10:00:00,2019-01-29 09:00:00,germany_op_base_case_2019,82580,82580,2019-01-29 09:00:00
154,84258,84258,EOM,62.548,62.548,,,62.548,2019-01-29 11:00:00,2019-01-29 10:00:00,germany_op_base_case_2019,84258,84258,2019-01-29 10:00:00
155,83609,83609,EOM,57.048,57.048,,,57.048,2019-01-29 12:00:00,2019-01-29 11:00:00,germany_op_base_case_2019,83609,83609,2019-01-29 11:00:00
156,84079,84079,EOM,57.052,57.052,,,57.052,2019-01-29 13:00:00,2019-01-29 12:00:00,germany_op_base_case_2019,84079,84079,2019-01-29 12:00:00
157,83875,83875,EOM,63.659,63.659,,,63.659,2019-01-29 14:00:00,2019-01-29 13:00:00,germany_op_base_case_2019,83875,83875,2019-01-29 13:00:00
158,83183,83183,EOM,57.887,57.887,,,57.887,2019-01-29 15:00:00,2019-01-29 14:00:00,germany_op_base_case_2019,83183,83183,2019-01-29 14:00:00
159,81543,81543,EOM,62.615,62.615,,,62.615,2019-01-29 16:00:00,2019-01-29 15:00:00,germany_op_base_case_2019,81543,81543,2019-01-29 15:00:00
160,78934,78934,EOM,61.13,61.13,,,61.13,2019-01-29 17:00:00,2019-01-29 16:00:00,germany_op_base_case_2019,78934,78934,2019-01-29 16:00:00
161,81871,81871,EOM,67.419,67.419,,,67.419,2019-01-29 18:00:00,2019-01-29 17:00:00,germany_op_base_case_2019,81871,81871,2019-01-29 17:00:00
162,83739,83739,EOM,68.802,68.802,,,68.802,2019-01-29 19:00:00,2019-01-29 18:00:00,germany_op_base_case_2019,83739,83739,2019-01-29 18:00:00
163,82599,82599,EOM,60.086,60.086,,,60.086,2019-01-29 20:00:00,2019-01-29 19:00:00,germany_op_base_case_2019,82599,82599,2019-01-29 19:00:00
164,81744,81744,EOM,58.009,58.009,,,58.009,2019-01-29 21:00:00,2019-01-29 20:00:00,germany_op_base_case_2019,81744,81744,2019-01-29 20:00:00
165,78672,78672,EOM,58.025,58.025,,,58.025,2019-01-29 22:00:00,2019-01-29 21:00:00,germany_op_base_case_2019,78672,78672,2019-01-29 21:00:00
166,77491,77491,EOM,57.244,57.244,,,57.244,2019-01-29 23:00:00,2019-01-29 22:00:00,germany_op_base_case_2019,77491,77491,2019-01-29 22:00:00
167,73566,73566,EOM,52.847,52.847,,,52.847,2019-01-30 00:00:00,2019-01-29 23:00:00,germany_op_base_case_2019,73566,73566,2019-01-29 23:00:00
168,70546,70546,EOM,48.323,48.323,,,48.323,2019-01-30 01:00:00,2019-01-30 00:00:00,germany_op_base_case_2019,70546,70546,2019-01-30 00:00:00
169,68885,68885,EOM,46.87,46.87,,,46.87,2019-01-30 02:00:00,2019-01-30 01:00:00,germany_op_base_case_2019,68885,68885,2019-01-30 01:00:00
170,67194,67194,EOM,43.964,43.964,,,43.964,2019-01-30 03:00:00,2019-01-30 02:00:00,germany_op_base_case_2019,67194,67194,2019-01-30 02:00:00
171,66540,66540,EOM,43.713,43.713,,,43.713,2019-01-30 04:00:00,2019-01-30 03:00:00,germany_op_base_case_2019,66540,66540,2019-01-30 03:00:00
172,68110,68110,EOM,49.641,49.641,,,49.641,2019-01-30 05:00:00,2019-01-30 04:00:00,germany_op_base_case_2019,68110,68110,2019-01-30 04:00:00
173,72628,72628,EOM,55.232,55.232,,,55.232,2019-01-30 06:00:00,2019-01-30 05:00:00,germany_op_base_case_2019,72628,72628,2019-01-30 05:00:00
174,79761,79761,EOM,63.666,63.666,,,63.666,2019-01-30 07:00:00,2019-01-30 06:00:00,germany_op_base_case_2019,79761,79761,2019-01-30 06:00:00
175,84220,84220,EOM,66.079,66.079,,,66.079,2019-01-30 08:00:00,2019-01-30 07:00:00,germany_op_base_case_2019,84220,84220,2019-01-30 07:00:00
176,85438,85438,EOM,62.804,62.804,,,62.804,2019-01-30 09:00:00,2019-01-30 08:00:00,germany_op_base_case_2019,85438,85438,2019-01-30 08:00:00
177,86674,86674,EOM,58.095,58.095,,,58.095,2019-01-30 10:00:00,2019-01-30 09:00:00,germany_op_base_case_2019,86674,86674,2019-01-30 09:00:00
178,87383,87383,EOM,58.11,58.11,,,58.11,2019-01-30 11:00:00,2019-01-30 10:00:00,germany_op_base_case_2019,87383,87383,2019-01-30 10:00:00
179,87930,87930,EOM,57.326,57.326,,,57.326,2019-01-30 12:00:00,2019-01-30 11:00:00,germany_op_base_case_2019,87930,87930,2019-01-30 11:00:00
180,89486,89486,EOM,56.187,56.187,,,56.187,2019-01-30 13:00:00,2019-01-30 12:00:00,germany_op_base_case_2019,89486,89486,2019-01-30 12:00:00
181,88996,88996,EOM,55.276,55.276,,,55.276,2019-01-30 14:00:00,2019-01-30 13:00:00,germany_op_base_case_2019,88996,88996,2019-01-30 13:00:00
182,88768,88768,EOM,59.198,59.198,,,59.198,2019-01-30 15:00:00,2019-01-30 14:00:00,germany_op_base_case_2019,88768,88768,2019-01-30 14:00:00
183,86665,86665,EOM,58.181,58.181,,,58.181,2019-01-30 16:00:00,2019-01-30 15:00:00,germany_op_base_case_2019,86665,86665,2019-01-30 15:00:00
184,85811,85811,EOM,58.18,58.18,,,58.18,2019-01-30 17:00:00,2019-01-30 16:00:00,germany_op_base_case_2019,85811,85811,2019-01-30 16:00:00
185,88021,88021,EOM,58.156,58.156,,,58.156,2019-01-30 18:00:00,2019-01-30 17:00:00,germany_op_base_case_2019,88021,88021,2019-01-30 17:00:00
186,89259,89259,EOM,58.131,58.131,,,58.131,2019-01-30 19:00:00,2019-01-30 18:00:00,germany_op_base_case_2019,89259,89259,2019-01-30 18:00:00
187,86623,86623,EOM,57.309,57.309,,,57.309,2019-01-30 20:00:00,2019-01-30 19:00:00,germany_op_base_case_2019,86623,86623,2019-01-30 19:00:00
188,82701,82701,EOM,57.266,57.266,,,57.266,2019-01-30 21:00:00,2019-01-30 20:00:00,germany_op_base_case_2019,82701,82701,2019-01-30 20:00:00
189,80719,80719,EOM,56.041,56.041,,,56.041,2019-01-30 22:00:00,2019-01-30 21:00:00,germany_op_base_case_2019,80719,80719,2019-01-30 21:00:00
190,78088,78088,EOM,54.598,54.598,,,54.598,2019-01-30 23:00:00,2019-01-30 22:00:00,germany_op_base_case_2019,78088,78088,2019-01-30 22:00:00
191,72800,72800,EOM,52.401,52.401,,,52.401,2019-01-31 00:00:00,2019-01-30 23:00:00,germany_op_base_case_2019,72800,72800,2019-01-30 23:00:00
192,71346,71346,EOM,49.145,49.145,,,49.145,2019-01-31 01:00:00,2019-01-31 00:00:00,germany_op_base_case_2019,71346,71346,2019-01-31 00:00:00
193,68094,68094,EOM,46.68,46.68,,,46.68,2019-01-31 02:00:00,2019-01-31 01:00:00,germany_op_base_case_2019,68094,68094,2019-01-31 01:00:00
194,66777,66777,EOM,46.172,46.172,,,46.172,2019-01-31 03:00:00,2019-01-31 02:00:00,germany_op_base_case_2019,66777,66777,2019-01-31 02:00:00
195,66645,66645,EOM,47.925,47.925,,,47.925,2019-01-31 04:00:00,2019-01-31 03:00:00,germany_op_base_case_2019,66645,66645,2019-01-31 03:00:00
196,68592,68592,EOM,52.949,52.949,,,52.949,2019-01-31 05:00:00,2019-01-31 04:00:00,germany_op_base_case_2019,68592,68592,2019-01-31 04:00:00
197,70985,70985,EOM,56.734,56.734,,,56.734,2019-01-31 06:00:00,2019-01-31 05:00:00,germany_op_base_case_2019,70985,70985,2019-01-31 05:00:00
198,75552,75552,EOM,59.274,59.274,,,59.274,2019-01-31 07:00:00,2019-01-31 06:00:00,germany_op_base_case_2019,75552,75552,2019-01-31 06:00:00
199,80231,80231,EOM,64.265,64.265,,,64.265,2019-01-31 08:00:00,2019-01-31 07:00:00,germany_op_base_case_2019,80231,80231,2019-01-31 07:00:00
200,84093,84093,EOM,66.873,66.873,,,66.873,2019-01-31 09:00:00,2019-01-31 08:00:00,germany_op_base_case_2019,84093,84093,2019-01-31 08:00:00
201,84977,84977,EOM,64.154,64.154,,,64.154,2019-01-31 10:00:00,2019-01-31 09:00:00,germany_op_base_case_2019,84977,84977,2019-01-31 09:00:00
202,85940,85940,EOM,60.964,60.964,,,60.964,2019-01-31 11:00:00,2019-01-31 10:00:00,germany_op_base_case_2019,85940,85940,2019-01-31 10:00:00
203,87163,87163,EOM,60.44,60.44,,,60.44,2019-01-31 12:00:00,2019-01-31 11:00:00,germany_op_base_case_2019,87163,87163,2019-01-31 11:00:00
204,86539,86539,EOM,60.367,60.367,,,60.367,2019-01-31 13:00:00,2019-01-31 12:00:00,germany_op_base_case_2019,86539,86539,2019-01-31 12:00:00
205,84644,84644,EOM,58.885,58.885,,,58.885,2019-01-31 14:00:00,2019-01-31 13:00:00,germany_op_base_case_2019,84644,84644,2019-01-31 13:00:00
206,81075,81075,EOM,57.074,57.074,,,57.074,2019-01-31 15:00:00,2019-01-31 14:00:00,germany_op_base_case_2019,81075,81075,2019-01-31 14:00:00
207,79107,79107,EOM,66.103,66.103,,,66.103,2019-01-31 16:00:00,2019-01-31 15:00:00,germany_op_base_case_2019,79107,79107,2019-01-31 15:00:00
208,78409,78409,EOM,69.085,69.085,,,69.085,2019-01-31 17:00:00,2019-01-31 16:00:00,germany_op_base_case_2019,78409,78409,2019-01-31 16:00:00
209,81244,81244,EOM,68.047,68.047,,,68.047,2019-01-31 18:00:00,2019-01-31 17:00:00,germany_op_base_case_2019,81244,81244,2019-01-31 17:00:00
210,82277,82277,EOM,68.033,68.033,,,68.033,2019-01-31 19:00:00,2019-01-31 18:00:00,germany_op_base_case_2019,82277,82277,2019-01-31 18:00:00
211,80492,80492,EOM,59.863,59.863,,,59.863,2019-01-31 20:00:00,2019-01-31 19:00:00,germany_op_base_case_2019,80492,80492,2019-01-31 19:00:00
212,80619,80619,EOM,55.887,55.887,,,55.887,2019-01-31 21:00:00,2019-01-31 20:00:00,germany_op_base_case_2019,80619,80619,2019-01-31 20:00:00
213,79040,79040,EOM,55.822,55.822,,,55.822,2019-01-31 22:00:00,2019-01-31 21:00:00,germany_op_base_case_2019,79040,79040,2019-01-31 21:00:00
214,77501,77501,EOM,52.873,52.873,,,52.873,2019-01-31 23:00:00,2019-01-31 22:00:00,germany_op_base_case_2019,77501,77501,2019-01-31 22:00:00
215,74966,74966,EOM,47.852,47.852,,,47.852,2019-02-01 00:00:00,2019-01-31 23:00:00,germany_op_base_case_2019,74966,74966,2019-01-31 23:00:00
